ISO-10303-21;
HEADER;
/* Generated by software containing ST-Developer
 * from STEP Tools, Inc. (www.steptools.com) 
 */

FILE_DESCRIPTION(
/* description */ (''),
/* implementation_level */ '2;1');

FILE_NAME(
/* name */ 'Backcoverv3.step',
/* time_stamp */ '2026-07-01T12:43:40+02:00',
/* author */ (''),
/* organization */ (''),
/* preprocessor_version */ 'ST-DEVELOPER v20.1',
/* originating_system */ 'Autodesk Translation Framework v14.24.0.0',
/* authorisation */ '');

FILE_SCHEMA (('AUTOMOTIVE_DESIGN { 1 0 10303 214 3 1 1 }'));
ENDSEC;

DATA;
#10=MECHANICAL_DESIGN_GEOMETRIC_PRESENTATION_REPRESENTATION('',(#13),#10760);
#11=SHAPE_REPRESENTATION_RELATIONSHIP('SRR','None',#10767,#12);
#12=ADVANCED_BREP_SHAPE_REPRESENTATION('',(#14),#10759);
#13=STYLED_ITEM('',(#10776),#14);
#14=MANIFOLD_SOLID_BREP('K\X\F6rper1',#6346);
#15=FACE_BOUND('',#1092,.T.);
#16=FACE_BOUND('',#1093,.T.);
#17=FACE_BOUND('',#1094,.T.);
#18=FACE_BOUND('',#1095,.T.);
#19=FACE_BOUND('',#1103,.T.);
#20=FACE_BOUND('',#1104,.T.);
#21=FACE_BOUND('',#1105,.T.);
#22=FACE_BOUND('',#1106,.T.);
#23=FACE_BOUND('',#1107,.T.);
#24=FACE_BOUND('',#1108,.T.);
#25=FACE_BOUND('',#1109,.T.);
#26=FACE_BOUND('',#1110,.T.);
#27=FACE_BOUND('',#1111,.T.);
#28=FACE_BOUND('',#1112,.T.);
#29=FACE_BOUND('',#1113,.T.);
#30=FACE_BOUND('',#1114,.T.);
#31=FACE_BOUND('',#1115,.T.);
#32=FACE_BOUND('',#1116,.T.);
#33=FACE_BOUND('',#1117,.T.);
#34=FACE_BOUND('',#1118,.T.);
#35=FACE_BOUND('',#1119,.T.);
#36=FACE_BOUND('',#1120,.T.);
#37=FACE_BOUND('',#1121,.T.);
#38=FACE_BOUND('',#1122,.T.);
#39=FACE_BOUND('',#1123,.T.);
#40=FACE_BOUND('',#1124,.T.);
#41=FACE_BOUND('',#1125,.T.);
#42=FACE_BOUND('',#1126,.T.);
#43=FACE_BOUND('',#1127,.T.);
#44=FACE_BOUND('',#1128,.T.);
#45=FACE_BOUND('',#1129,.T.);
#46=FACE_BOUND('',#1130,.T.);
#47=FACE_BOUND('',#1131,.T.);
#48=FACE_BOUND('',#1132,.T.);
#49=FACE_BOUND('',#1133,.T.);
#50=FACE_BOUND('',#1134,.T.);
#51=FACE_BOUND('',#1135,.T.);
#52=FACE_BOUND('',#1136,.T.);
#53=FACE_BOUND('',#1137,.T.);
#54=FACE_BOUND('',#1138,.T.);
#55=FACE_BOUND('',#1139,.T.);
#56=FACE_BOUND('',#1140,.T.);
#57=FACE_BOUND('',#1141,.T.);
#58=FACE_BOUND('',#1142,.T.);
#59=FACE_BOUND('',#1143,.T.);
#60=FACE_BOUND('',#1144,.T.);
#61=FACE_BOUND('',#1145,.T.);
#62=FACE_BOUND('',#1146,.T.);
#63=FACE_BOUND('',#1147,.T.);
#64=FACE_BOUND('',#1148,.T.);
#65=FACE_BOUND('',#1149,.T.);
#66=FACE_BOUND('',#1150,.T.);
#67=FACE_BOUND('',#1151,.T.);
#68=FACE_BOUND('',#1152,.T.);
#69=FACE_BOUND('',#1153,.T.);
#70=FACE_BOUND('',#1154,.T.);
#71=FACE_BOUND('',#1155,.T.);
#72=FACE_BOUND('',#1156,.T.);
#73=FACE_BOUND('',#1157,.T.);
#74=FACE_BOUND('',#1158,.T.);
#75=FACE_BOUND('',#1159,.T.);
#76=FACE_BOUND('',#1160,.T.);
#77=FACE_BOUND('',#1161,.T.);
#78=FACE_BOUND('',#1162,.T.);
#79=FACE_BOUND('',#1163,.T.);
#80=FACE_BOUND('',#1164,.T.);
#81=FACE_BOUND('',#1165,.T.);
#82=FACE_BOUND('',#1166,.T.);
#83=FACE_BOUND('',#1167,.T.);
#84=FACE_BOUND('',#1168,.T.);
#85=FACE_BOUND('',#1169,.T.);
#86=FACE_BOUND('',#1170,.T.);
#87=FACE_BOUND('',#1171,.T.);
#88=FACE_BOUND('',#1172,.T.);
#89=FACE_BOUND('',#1173,.T.);
#90=FACE_BOUND('',#1174,.T.);
#91=FACE_BOUND('',#1175,.T.);
#92=FACE_BOUND('',#1176,.T.);
#93=FACE_BOUND('',#1177,.T.);
#94=FACE_BOUND('',#1178,.T.);
#95=FACE_BOUND('',#1179,.T.);
#96=FACE_BOUND('',#1180,.T.);
#97=FACE_BOUND('',#1181,.T.);
#98=FACE_BOUND('',#1182,.T.);
#99=FACE_BOUND('',#1183,.T.);
#100=FACE_BOUND('',#1184,.T.);
#101=FACE_BOUND('',#1185,.T.);
#102=FACE_BOUND('',#1186,.T.);
#103=FACE_BOUND('',#1187,.T.);
#104=FACE_BOUND('',#1188,.T.);
#105=FACE_BOUND('',#1189,.T.);
#106=FACE_BOUND('',#1190,.T.);
#107=FACE_BOUND('',#1191,.T.);
#108=FACE_BOUND('',#1192,.T.);
#109=FACE_BOUND('',#1193,.T.);
#110=FACE_BOUND('',#1194,.T.);
#111=FACE_BOUND('',#1195,.T.);
#112=FACE_BOUND('',#1196,.T.);
#113=FACE_BOUND('',#1197,.T.);
#114=FACE_BOUND('',#1198,.T.);
#115=FACE_BOUND('',#1199,.T.);
#116=FACE_BOUND('',#1200,.T.);
#117=FACE_BOUND('',#1201,.T.);
#118=FACE_BOUND('',#1202,.T.);
#119=FACE_BOUND('',#1203,.T.);
#120=FACE_BOUND('',#1204,.T.);
#121=FACE_BOUND('',#1205,.T.);
#122=FACE_BOUND('',#1206,.T.);
#123=FACE_BOUND('',#1207,.T.);
#124=FACE_BOUND('',#1208,.T.);
#125=FACE_BOUND('',#1209,.T.);
#126=FACE_BOUND('',#1210,.T.);
#127=FACE_BOUND('',#1211,.T.);
#128=FACE_BOUND('',#1212,.T.);
#129=FACE_BOUND('',#1213,.T.);
#130=FACE_BOUND('',#1214,.T.);
#131=FACE_BOUND('',#1215,.T.);
#132=FACE_BOUND('',#1216,.T.);
#133=FACE_BOUND('',#1217,.T.);
#134=FACE_BOUND('',#1218,.T.);
#135=FACE_BOUND('',#1219,.T.);
#136=FACE_BOUND('',#1220,.T.);
#137=FACE_BOUND('',#1221,.T.);
#138=FACE_BOUND('',#1222,.T.);
#139=FACE_BOUND('',#1223,.T.);
#140=FACE_BOUND('',#1224,.T.);
#141=FACE_BOUND('',#1225,.T.);
#142=FACE_BOUND('',#1226,.T.);
#143=FACE_BOUND('',#1227,.T.);
#144=FACE_BOUND('',#1228,.T.);
#145=FACE_BOUND('',#1229,.T.);
#146=FACE_BOUND('',#1230,.T.);
#147=FACE_BOUND('',#1231,.T.);
#148=FACE_BOUND('',#1232,.T.);
#149=FACE_BOUND('',#1233,.T.);
#150=FACE_BOUND('',#1234,.T.);
#151=FACE_BOUND('',#1235,.T.);
#152=FACE_BOUND('',#1236,.T.);
#153=FACE_BOUND('',#1237,.T.);
#154=FACE_BOUND('',#1238,.T.);
#155=FACE_BOUND('',#1239,.T.);
#156=FACE_BOUND('',#1240,.T.);
#157=FACE_BOUND('',#1241,.T.);
#158=FACE_BOUND('',#1242,.T.);
#159=FACE_BOUND('',#1243,.T.);
#160=FACE_BOUND('',#1244,.T.);
#161=FACE_BOUND('',#1245,.T.);
#162=FACE_BOUND('',#1246,.T.);
#163=FACE_BOUND('',#1247,.T.);
#164=FACE_BOUND('',#1248,.T.);
#165=FACE_BOUND('',#1249,.T.);
#166=FACE_BOUND('',#1250,.T.);
#167=FACE_BOUND('',#1251,.T.);
#168=FACE_BOUND('',#1252,.T.);
#169=FACE_BOUND('',#1253,.T.);
#170=FACE_BOUND('',#1254,.T.);
#171=FACE_BOUND('',#1255,.T.);
#172=FACE_BOUND('',#1256,.T.);
#173=FACE_BOUND('',#1257,.T.);
#174=FACE_BOUND('',#1258,.T.);
#175=FACE_BOUND('',#1259,.T.);
#176=FACE_BOUND('',#1260,.T.);
#177=FACE_BOUND('',#1261,.T.);
#178=FACE_BOUND('',#1262,.T.);
#179=FACE_BOUND('',#1263,.T.);
#180=FACE_BOUND('',#1264,.T.);
#181=FACE_BOUND('',#1265,.T.);
#182=FACE_BOUND('',#1266,.T.);
#183=FACE_BOUND('',#1267,.T.);
#184=FACE_BOUND('',#1268,.T.);
#185=FACE_BOUND('',#1269,.T.);
#186=FACE_BOUND('',#1270,.T.);
#187=FACE_BOUND('',#1271,.T.);
#188=FACE_BOUND('',#1272,.T.);
#189=FACE_BOUND('',#1273,.T.);
#190=FACE_BOUND('',#1274,.T.);
#191=FACE_BOUND('',#1275,.T.);
#192=FACE_BOUND('',#1276,.T.);
#193=FACE_BOUND('',#1277,.T.);
#194=FACE_BOUND('',#1278,.T.);
#195=FACE_BOUND('',#1279,.T.);
#196=FACE_BOUND('',#1280,.T.);
#197=FACE_BOUND('',#1281,.T.);
#198=FACE_BOUND('',#1282,.T.);
#199=FACE_BOUND('',#1283,.T.);
#200=FACE_BOUND('',#1284,.T.);
#201=FACE_BOUND('',#1285,.T.);
#202=FACE_BOUND('',#1286,.T.);
#203=FACE_BOUND('',#1287,.T.);
#204=FACE_BOUND('',#1288,.T.);
#205=FACE_BOUND('',#1289,.T.);
#206=FACE_BOUND('',#1290,.T.);
#207=FACE_BOUND('',#1291,.T.);
#208=FACE_BOUND('',#1292,.T.);
#209=FACE_BOUND('',#1293,.T.);
#210=FACE_BOUND('',#1294,.T.);
#211=FACE_BOUND('',#1295,.T.);
#212=FACE_BOUND('',#1296,.T.);
#213=FACE_BOUND('',#1297,.T.);
#214=FACE_BOUND('',#1298,.T.);
#215=FACE_BOUND('',#1299,.T.);
#216=FACE_BOUND('',#1300,.T.);
#217=FACE_BOUND('',#1301,.T.);
#218=FACE_BOUND('',#1302,.T.);
#219=FACE_BOUND('',#1303,.T.);
#220=FACE_BOUND('',#1304,.T.);
#221=FACE_BOUND('',#1305,.T.);
#222=FACE_BOUND('',#1306,.T.);
#223=FACE_BOUND('',#1307,.T.);
#224=FACE_BOUND('',#1308,.T.);
#225=FACE_BOUND('',#1309,.T.);
#226=FACE_BOUND('',#1310,.T.);
#227=FACE_BOUND('',#1311,.T.);
#228=FACE_BOUND('',#1312,.T.);
#229=FACE_BOUND('',#1313,.T.);
#230=FACE_BOUND('',#1314,.T.);
#231=FACE_BOUND('',#1315,.T.);
#232=FACE_BOUND('',#1316,.T.);
#233=FACE_BOUND('',#1317,.T.);
#234=FACE_BOUND('',#1318,.T.);
#235=FACE_BOUND('',#1319,.T.);
#236=FACE_BOUND('',#1320,.T.);
#237=FACE_BOUND('',#1321,.T.);
#238=FACE_BOUND('',#1322,.T.);
#239=FACE_BOUND('',#1323,.T.);
#240=FACE_BOUND('',#1324,.T.);
#241=FACE_BOUND('',#1325,.T.);
#242=FACE_BOUND('',#1326,.T.);
#243=FACE_BOUND('',#1327,.T.);
#244=FACE_BOUND('',#1328,.T.);
#245=FACE_BOUND('',#1329,.T.);
#246=FACE_BOUND('',#1330,.T.);
#247=FACE_BOUND('',#1331,.T.);
#248=FACE_BOUND('',#1332,.T.);
#249=FACE_BOUND('',#1333,.T.);
#250=FACE_BOUND('',#1334,.T.);
#251=FACE_BOUND('',#1335,.T.);
#252=FACE_BOUND('',#1336,.T.);
#253=FACE_BOUND('',#1337,.T.);
#254=FACE_BOUND('',#1338,.T.);
#255=FACE_BOUND('',#1339,.T.);
#256=FACE_BOUND('',#1340,.T.);
#257=FACE_BOUND('',#1341,.T.);
#258=FACE_BOUND('',#1342,.T.);
#259=FACE_BOUND('',#1343,.T.);
#260=FACE_BOUND('',#1344,.T.);
#261=FACE_BOUND('',#1345,.T.);
#262=FACE_BOUND('',#1346,.T.);
#263=FACE_BOUND('',#1347,.T.);
#264=FACE_BOUND('',#1348,.T.);
#265=FACE_BOUND('',#1349,.T.);
#266=FACE_BOUND('',#1350,.T.);
#267=FACE_BOUND('',#1351,.T.);
#268=FACE_BOUND('',#1352,.T.);
#269=FACE_BOUND('',#1353,.T.);
#270=FACE_BOUND('',#1362,.T.);
#271=FACE_BOUND('',#1363,.T.);
#272=FACE_BOUND('',#1364,.T.);
#273=FACE_BOUND('',#1365,.T.);
#274=FACE_BOUND('',#1366,.T.);
#275=FACE_BOUND('',#1367,.T.);
#276=FACE_BOUND('',#1368,.T.);
#277=FACE_BOUND('',#1369,.T.);
#278=FACE_BOUND('',#1370,.T.);
#279=FACE_BOUND('',#1371,.T.);
#280=FACE_BOUND('',#1372,.T.);
#281=FACE_BOUND('',#1373,.T.);
#282=FACE_BOUND('',#1374,.T.);
#283=FACE_BOUND('',#1375,.T.);
#284=FACE_BOUND('',#1376,.T.);
#285=FACE_BOUND('',#1377,.T.);
#286=FACE_BOUND('',#1378,.T.);
#287=FACE_BOUND('',#1379,.T.);
#288=FACE_BOUND('',#1380,.T.);
#289=FACE_BOUND('',#1381,.T.);
#290=FACE_BOUND('',#1382,.T.);
#291=FACE_BOUND('',#1383,.T.);
#292=FACE_BOUND('',#1384,.T.);
#293=FACE_BOUND('',#1385,.T.);
#294=FACE_BOUND('',#1386,.T.);
#295=FACE_BOUND('',#1387,.T.);
#296=FACE_BOUND('',#1388,.T.);
#297=FACE_BOUND('',#1389,.T.);
#298=FACE_BOUND('',#1390,.T.);
#299=FACE_BOUND('',#1391,.T.);
#300=FACE_BOUND('',#1392,.T.);
#301=FACE_BOUND('',#1393,.T.);
#302=FACE_BOUND('',#1394,.T.);
#303=FACE_BOUND('',#1395,.T.);
#304=FACE_BOUND('',#1396,.T.);
#305=FACE_BOUND('',#1397,.T.);
#306=FACE_BOUND('',#1398,.T.);
#307=FACE_BOUND('',#1399,.T.);
#308=FACE_BOUND('',#1400,.T.);
#309=FACE_BOUND('',#1401,.T.);
#310=FACE_BOUND('',#1402,.T.);
#311=FACE_BOUND('',#1403,.T.);
#312=FACE_BOUND('',#1404,.T.);
#313=FACE_BOUND('',#1405,.T.);
#314=FACE_BOUND('',#1406,.T.);
#315=FACE_BOUND('',#1407,.T.);
#316=FACE_BOUND('',#1408,.T.);
#317=FACE_BOUND('',#1409,.T.);
#318=FACE_BOUND('',#1410,.T.);
#319=FACE_BOUND('',#1411,.T.);
#320=FACE_BOUND('',#1412,.T.);
#321=FACE_BOUND('',#1413,.T.);
#322=FACE_BOUND('',#1414,.T.);
#323=FACE_BOUND('',#1415,.T.);
#324=FACE_BOUND('',#1416,.T.);
#325=FACE_BOUND('',#1417,.T.);
#326=FACE_BOUND('',#1418,.T.);
#327=FACE_BOUND('',#1419,.T.);
#328=FACE_BOUND('',#1420,.T.);
#329=FACE_BOUND('',#1421,.T.);
#330=FACE_BOUND('',#1422,.T.);
#331=FACE_BOUND('',#1423,.T.);
#332=FACE_BOUND('',#1424,.T.);
#333=FACE_BOUND('',#1425,.T.);
#334=FACE_BOUND('',#1426,.T.);
#335=FACE_BOUND('',#1427,.T.);
#336=FACE_BOUND('',#1428,.T.);
#337=FACE_BOUND('',#1429,.T.);
#338=FACE_BOUND('',#1430,.T.);
#339=FACE_BOUND('',#1431,.T.);
#340=FACE_BOUND('',#1432,.T.);
#341=FACE_BOUND('',#1433,.T.);
#342=FACE_BOUND('',#1434,.T.);
#343=FACE_BOUND('',#1435,.T.);
#344=FACE_BOUND('',#1436,.T.);
#345=FACE_BOUND('',#1437,.T.);
#346=FACE_BOUND('',#1438,.T.);
#347=FACE_BOUND('',#1439,.T.);
#348=FACE_BOUND('',#1440,.T.);
#349=FACE_BOUND('',#1441,.T.);
#350=FACE_BOUND('',#1442,.T.);
#351=FACE_BOUND('',#1443,.T.);
#352=FACE_BOUND('',#1444,.T.);
#353=FACE_BOUND('',#1445,.T.);
#354=FACE_BOUND('',#1446,.T.);
#355=FACE_BOUND('',#1447,.T.);
#356=FACE_BOUND('',#1448,.T.);
#357=FACE_BOUND('',#1449,.T.);
#358=FACE_BOUND('',#1450,.T.);
#359=FACE_BOUND('',#1451,.T.);
#360=FACE_BOUND('',#1452,.T.);
#361=FACE_BOUND('',#1453,.T.);
#362=FACE_BOUND('',#1454,.T.);
#363=FACE_BOUND('',#1455,.T.);
#364=FACE_BOUND('',#1456,.T.);
#365=FACE_BOUND('',#1457,.T.);
#366=FACE_BOUND('',#1458,.T.);
#367=FACE_BOUND('',#1459,.T.);
#368=FACE_BOUND('',#1460,.T.);
#369=FACE_BOUND('',#1461,.T.);
#370=FACE_BOUND('',#1462,.T.);
#371=FACE_BOUND('',#1463,.T.);
#372=FACE_BOUND('',#1464,.T.);
#373=FACE_BOUND('',#1465,.T.);
#374=FACE_BOUND('',#1466,.T.);
#375=FACE_BOUND('',#1467,.T.);
#376=FACE_BOUND('',#1468,.T.);
#377=FACE_BOUND('',#1469,.T.);
#378=FACE_BOUND('',#1470,.T.);
#379=FACE_BOUND('',#1471,.T.);
#380=FACE_BOUND('',#1472,.T.);
#381=FACE_BOUND('',#1473,.T.);
#382=FACE_BOUND('',#1474,.T.);
#383=FACE_BOUND('',#1475,.T.);
#384=FACE_BOUND('',#1476,.T.);
#385=FACE_BOUND('',#1477,.T.);
#386=FACE_BOUND('',#1478,.T.);
#387=FACE_BOUND('',#1479,.T.);
#388=FACE_BOUND('',#1480,.T.);
#389=FACE_BOUND('',#1481,.T.);
#390=FACE_BOUND('',#1482,.T.);
#391=FACE_BOUND('',#1483,.T.);
#392=FACE_BOUND('',#1484,.T.);
#393=FACE_BOUND('',#1485,.T.);
#394=FACE_BOUND('',#1486,.T.);
#395=FACE_BOUND('',#1487,.T.);
#396=FACE_BOUND('',#1488,.T.);
#397=FACE_BOUND('',#1489,.T.);
#398=FACE_BOUND('',#1490,.T.);
#399=FACE_BOUND('',#1491,.T.);
#400=FACE_BOUND('',#1492,.T.);
#401=FACE_BOUND('',#1493,.T.);
#402=FACE_BOUND('',#1494,.T.);
#403=FACE_BOUND('',#1495,.T.);
#404=FACE_BOUND('',#1496,.T.);
#405=FACE_BOUND('',#1497,.T.);
#406=FACE_BOUND('',#1498,.T.);
#407=FACE_BOUND('',#1499,.T.);
#408=FACE_BOUND('',#1500,.T.);
#409=FACE_BOUND('',#1501,.T.);
#410=FACE_BOUND('',#1502,.T.);
#411=FACE_BOUND('',#1503,.T.);
#412=FACE_BOUND('',#1504,.T.);
#413=FACE_BOUND('',#1505,.T.);
#414=FACE_BOUND('',#1506,.T.);
#415=FACE_BOUND('',#1507,.T.);
#416=FACE_BOUND('',#1508,.T.);
#417=FACE_BOUND('',#1509,.T.);
#418=FACE_BOUND('',#1510,.T.);
#419=FACE_BOUND('',#1511,.T.);
#420=FACE_BOUND('',#1512,.T.);
#421=FACE_BOUND('',#1513,.T.);
#422=FACE_BOUND('',#1514,.T.);
#423=FACE_BOUND('',#1515,.T.);
#424=FACE_BOUND('',#1516,.T.);
#425=FACE_BOUND('',#1517,.T.);
#426=FACE_BOUND('',#1518,.T.);
#427=FACE_BOUND('',#1519,.T.);
#428=FACE_BOUND('',#1520,.T.);
#429=FACE_BOUND('',#1521,.T.);
#430=FACE_BOUND('',#1522,.T.);
#431=FACE_BOUND('',#1523,.T.);
#432=FACE_BOUND('',#1524,.T.);
#433=FACE_BOUND('',#1525,.T.);
#434=FACE_BOUND('',#1526,.T.);
#435=FACE_BOUND('',#1527,.T.);
#436=FACE_BOUND('',#1528,.T.);
#437=FACE_BOUND('',#1529,.T.);
#438=FACE_BOUND('',#1530,.T.);
#439=FACE_BOUND('',#1531,.T.);
#440=FACE_BOUND('',#1532,.T.);
#441=FACE_BOUND('',#1533,.T.);
#442=FACE_BOUND('',#1534,.T.);
#443=FACE_BOUND('',#1535,.T.);
#444=FACE_BOUND('',#1536,.T.);
#445=FACE_BOUND('',#1537,.T.);
#446=FACE_BOUND('',#1538,.T.);
#447=FACE_BOUND('',#1539,.T.);
#448=FACE_BOUND('',#1540,.T.);
#449=FACE_BOUND('',#1541,.T.);
#450=FACE_BOUND('',#1542,.T.);
#451=FACE_BOUND('',#1543,.T.);
#452=FACE_BOUND('',#1544,.T.);
#453=FACE_BOUND('',#1545,.T.);
#454=FACE_BOUND('',#1546,.T.);
#455=FACE_BOUND('',#1547,.T.);
#456=FACE_BOUND('',#1548,.T.);
#457=FACE_BOUND('',#1549,.T.);
#458=FACE_BOUND('',#1550,.T.);
#459=FACE_BOUND('',#1551,.T.);
#460=FACE_BOUND('',#1552,.T.);
#461=FACE_BOUND('',#1553,.T.);
#462=FACE_BOUND('',#1554,.T.);
#463=FACE_BOUND('',#1555,.T.);
#464=FACE_BOUND('',#1556,.T.);
#465=FACE_BOUND('',#1557,.T.);
#466=FACE_BOUND('',#1558,.T.);
#467=FACE_BOUND('',#1559,.T.);
#468=FACE_BOUND('',#1560,.T.);
#469=FACE_BOUND('',#1561,.T.);
#470=FACE_BOUND('',#1562,.T.);
#471=FACE_BOUND('',#1563,.T.);
#472=FACE_BOUND('',#1564,.T.);
#473=FACE_BOUND('',#1565,.T.);
#474=FACE_BOUND('',#1566,.T.);
#475=FACE_BOUND('',#1567,.T.);
#476=FACE_BOUND('',#1568,.T.);
#477=FACE_BOUND('',#1569,.T.);
#478=FACE_BOUND('',#1570,.T.);
#479=FACE_BOUND('',#1571,.T.);
#480=FACE_BOUND('',#1572,.T.);
#481=FACE_BOUND('',#1573,.T.);
#482=FACE_BOUND('',#1574,.T.);
#483=FACE_BOUND('',#1575,.T.);
#484=FACE_BOUND('',#1576,.T.);
#485=FACE_BOUND('',#1577,.T.);
#486=FACE_BOUND('',#1578,.T.);
#487=FACE_BOUND('',#1579,.T.);
#488=FACE_BOUND('',#1580,.T.);
#489=FACE_BOUND('',#1581,.T.);
#490=FACE_BOUND('',#1582,.T.);
#491=FACE_BOUND('',#1583,.T.);
#492=FACE_BOUND('',#1584,.T.);
#493=FACE_BOUND('',#1585,.T.);
#494=FACE_BOUND('',#1586,.T.);
#495=FACE_BOUND('',#1587,.T.);
#496=FACE_BOUND('',#1588,.T.);
#497=FACE_BOUND('',#1589,.T.);
#498=FACE_BOUND('',#1590,.T.);
#499=FACE_BOUND('',#1591,.T.);
#500=FACE_BOUND('',#1592,.T.);
#501=FACE_BOUND('',#1593,.T.);
#502=FACE_BOUND('',#1594,.T.);
#503=FACE_BOUND('',#1595,.T.);
#504=FACE_BOUND('',#1596,.T.);
#505=FACE_BOUND('',#1597,.T.);
#506=FACE_BOUND('',#1598,.T.);
#507=FACE_BOUND('',#1599,.T.);
#508=FACE_BOUND('',#1600,.T.);
#509=FACE_BOUND('',#1601,.T.);
#510=FACE_BOUND('',#1602,.T.);
#511=FACE_BOUND('',#1603,.T.);
#512=FACE_BOUND('',#1604,.T.);
#513=FACE_BOUND('',#1605,.T.);
#514=FACE_BOUND('',#1606,.T.);
#515=FACE_BOUND('',#1607,.T.);
#516=FACE_BOUND('',#1608,.T.);
#517=FACE_BOUND('',#1609,.T.);
#518=FACE_BOUND('',#1610,.T.);
#519=FACE_BOUND('',#1611,.T.);
#520=FACE_BOUND('',#1612,.T.);
#521=FACE_BOUND('',#1613,.T.);
#522=FACE_BOUND('',#1614,.T.);
#523=FACE_BOUND('',#1615,.T.);
#524=FACE_BOUND('',#1616,.T.);
#525=FACE_BOUND('',#1619,.T.);
#526=FACE_BOUND('',#1622,.T.);
#527=FACE_BOUND('',#1625,.T.);
#528=FACE_BOUND('',#1628,.T.);
#529=PLANE('',#7119);
#530=PLANE('',#7120);
#531=PLANE('',#7121);
#532=PLANE('',#7122);
#533=PLANE('',#7123);
#534=PLANE('',#7127);
#535=PLANE('',#7139);
#536=PLANE('',#7142);
#537=PLANE('',#7143);
#538=PLANE('',#7144);
#539=PLANE('',#7145);
#540=PLANE('',#7146);
#541=PLANE('',#7153);
#542=PLANE('',#7154);
#543=PLANE('',#7155);
#544=PLANE('',#7156);
#545=PLANE('',#7159);
#546=PLANE('',#7162);
#547=PLANE('',#7165);
#548=PLANE('',#7168);
#549=FACE_OUTER_BOUND('',#832,.T.);
#550=FACE_OUTER_BOUND('',#833,.T.);
#551=FACE_OUTER_BOUND('',#834,.T.);
#552=FACE_OUTER_BOUND('',#835,.T.);
#553=FACE_OUTER_BOUND('',#836,.T.);
#554=FACE_OUTER_BOUND('',#837,.T.);
#555=FACE_OUTER_BOUND('',#838,.T.);
#556=FACE_OUTER_BOUND('',#839,.T.);
#557=FACE_OUTER_BOUND('',#840,.T.);
#558=FACE_OUTER_BOUND('',#841,.T.);
#559=FACE_OUTER_BOUND('',#842,.T.);
#560=FACE_OUTER_BOUND('',#843,.T.);
#561=FACE_OUTER_BOUND('',#844,.T.);
#562=FACE_OUTER_BOUND('',#845,.T.);
#563=FACE_OUTER_BOUND('',#846,.T.);
#564=FACE_OUTER_BOUND('',#847,.T.);
#565=FACE_OUTER_BOUND('',#848,.T.);
#566=FACE_OUTER_BOUND('',#849,.T.);
#567=FACE_OUTER_BOUND('',#850,.T.);
#568=FACE_OUTER_BOUND('',#851,.T.);
#569=FACE_OUTER_BOUND('',#852,.T.);
#570=FACE_OUTER_BOUND('',#853,.T.);
#571=FACE_OUTER_BOUND('',#854,.T.);
#572=FACE_OUTER_BOUND('',#855,.T.);
#573=FACE_OUTER_BOUND('',#856,.T.);
#574=FACE_OUTER_BOUND('',#857,.T.);
#575=FACE_OUTER_BOUND('',#858,.T.);
#576=FACE_OUTER_BOUND('',#859,.T.);
#577=FACE_OUTER_BOUND('',#860,.T.);
#578=FACE_OUTER_BOUND('',#861,.T.);
#579=FACE_OUTER_BOUND('',#862,.T.);
#580=FACE_OUTER_BOUND('',#863,.T.);
#581=FACE_OUTER_BOUND('',#864,.T.);
#582=FACE_OUTER_BOUND('',#865,.T.);
#583=FACE_OUTER_BOUND('',#866,.T.);
#584=FACE_OUTER_BOUND('',#867,.T.);
#585=FACE_OUTER_BOUND('',#868,.T.);
#586=FACE_OUTER_BOUND('',#869,.T.);
#587=FACE_OUTER_BOUND('',#870,.T.);
#588=FACE_OUTER_BOUND('',#871,.T.);
#589=FACE_OUTER_BOUND('',#872,.T.);
#590=FACE_OUTER_BOUND('',#873,.T.);
#591=FACE_OUTER_BOUND('',#874,.T.);
#592=FACE_OUTER_BOUND('',#875,.T.);
#593=FACE_OUTER_BOUND('',#876,.T.);
#594=FACE_OUTER_BOUND('',#877,.T.);
#595=FACE_OUTER_BOUND('',#878,.T.);
#596=FACE_OUTER_BOUND('',#879,.T.);
#597=FACE_OUTER_BOUND('',#880,.T.);
#598=FACE_OUTER_BOUND('',#881,.T.);
#599=FACE_OUTER_BOUND('',#882,.T.);
#600=FACE_OUTER_BOUND('',#883,.T.);
#601=FACE_OUTER_BOUND('',#884,.T.);
#602=FACE_OUTER_BOUND('',#885,.T.);
#603=FACE_OUTER_BOUND('',#886,.T.);
#604=FACE_OUTER_BOUND('',#887,.T.);
#605=FACE_OUTER_BOUND('',#888,.T.);
#606=FACE_OUTER_BOUND('',#889,.T.);
#607=FACE_OUTER_BOUND('',#890,.T.);
#608=FACE_OUTER_BOUND('',#891,.T.);
#609=FACE_OUTER_BOUND('',#892,.T.);
#610=FACE_OUTER_BOUND('',#893,.T.);
#611=FACE_OUTER_BOUND('',#894,.T.);
#612=FACE_OUTER_BOUND('',#895,.T.);
#613=FACE_OUTER_BOUND('',#896,.T.);
#614=FACE_OUTER_BOUND('',#897,.T.);
#615=FACE_OUTER_BOUND('',#898,.T.);
#616=FACE_OUTER_BOUND('',#899,.T.);
#617=FACE_OUTER_BOUND('',#900,.T.);
#618=FACE_OUTER_BOUND('',#901,.T.);
#619=FACE_OUTER_BOUND('',#902,.T.);
#620=FACE_OUTER_BOUND('',#903,.T.);
#621=FACE_OUTER_BOUND('',#904,.T.);
#622=FACE_OUTER_BOUND('',#905,.T.);
#623=FACE_OUTER_BOUND('',#906,.T.);
#624=FACE_OUTER_BOUND('',#907,.T.);
#625=FACE_OUTER_BOUND('',#908,.T.);
#626=FACE_OUTER_BOUND('',#909,.T.);
#627=FACE_OUTER_BOUND('',#910,.T.);
#628=FACE_OUTER_BOUND('',#911,.T.);
#629=FACE_OUTER_BOUND('',#912,.T.);
#630=FACE_OUTER_BOUND('',#913,.T.);
#631=FACE_OUTER_BOUND('',#914,.T.);
#632=FACE_OUTER_BOUND('',#915,.T.);
#633=FACE_OUTER_BOUND('',#916,.T.);
#634=FACE_OUTER_BOUND('',#917,.T.);
#635=FACE_OUTER_BOUND('',#918,.T.);
#636=FACE_OUTER_BOUND('',#919,.T.);
#637=FACE_OUTER_BOUND('',#920,.T.);
#638=FACE_OUTER_BOUND('',#921,.T.);
#639=FACE_OUTER_BOUND('',#922,.T.);
#640=FACE_OUTER_BOUND('',#923,.T.);
#641=FACE_OUTER_BOUND('',#924,.T.);
#642=FACE_OUTER_BOUND('',#925,.T.);
#643=FACE_OUTER_BOUND('',#926,.T.);
#644=FACE_OUTER_BOUND('',#927,.T.);
#645=FACE_OUTER_BOUND('',#928,.T.);
#646=FACE_OUTER_BOUND('',#929,.T.);
#647=FACE_OUTER_BOUND('',#930,.T.);
#648=FACE_OUTER_BOUND('',#931,.T.);
#649=FACE_OUTER_BOUND('',#932,.T.);
#650=FACE_OUTER_BOUND('',#933,.T.);
#651=FACE_OUTER_BOUND('',#934,.T.);
#652=FACE_OUTER_BOUND('',#935,.T.);
#653=FACE_OUTER_BOUND('',#936,.T.);
#654=FACE_OUTER_BOUND('',#937,.T.);
#655=FACE_OUTER_BOUND('',#938,.T.);
#656=FACE_OUTER_BOUND('',#939,.T.);
#657=FACE_OUTER_BOUND('',#940,.T.);
#658=FACE_OUTER_BOUND('',#941,.T.);
#659=FACE_OUTER_BOUND('',#942,.T.);
#660=FACE_OUTER_BOUND('',#943,.T.);
#661=FACE_OUTER_BOUND('',#944,.T.);
#662=FACE_OUTER_BOUND('',#945,.T.);
#663=FACE_OUTER_BOUND('',#946,.T.);
#664=FACE_OUTER_BOUND('',#947,.T.);
#665=FACE_OUTER_BOUND('',#948,.T.);
#666=FACE_OUTER_BOUND('',#949,.T.);
#667=FACE_OUTER_BOUND('',#950,.T.);
#668=FACE_OUTER_BOUND('',#951,.T.);
#669=FACE_OUTER_BOUND('',#952,.T.);
#670=FACE_OUTER_BOUND('',#953,.T.);
#671=FACE_OUTER_BOUND('',#954,.T.);
#672=FACE_OUTER_BOUND('',#955,.T.);
#673=FACE_OUTER_BOUND('',#956,.T.);
#674=FACE_OUTER_BOUND('',#957,.T.);
#675=FACE_OUTER_BOUND('',#958,.T.);
#676=FACE_OUTER_BOUND('',#959,.T.);
#677=FACE_OUTER_BOUND('',#960,.T.);
#678=FACE_OUTER_BOUND('',#961,.T.);
#679=FACE_OUTER_BOUND('',#962,.T.);
#680=FACE_OUTER_BOUND('',#963,.T.);
#681=FACE_OUTER_BOUND('',#964,.T.);
#682=FACE_OUTER_BOUND('',#965,.T.);
#683=FACE_OUTER_BOUND('',#966,.T.);
#684=FACE_OUTER_BOUND('',#967,.T.);
#685=FACE_OUTER_BOUND('',#968,.T.);
#686=FACE_OUTER_BOUND('',#969,.T.);
#687=FACE_OUTER_BOUND('',#970,.T.);
#688=FACE_OUTER_BOUND('',#971,.T.);
#689=FACE_OUTER_BOUND('',#972,.T.);
#690=FACE_OUTER_BOUND('',#973,.T.);
#691=FACE_OUTER_BOUND('',#974,.T.);
#692=FACE_OUTER_BOUND('',#975,.T.);
#693=FACE_OUTER_BOUND('',#976,.T.);
#694=FACE_OUTER_BOUND('',#977,.T.);
#695=FACE_OUTER_BOUND('',#978,.T.);
#696=FACE_OUTER_BOUND('',#979,.T.);
#697=FACE_OUTER_BOUND('',#980,.T.);
#698=FACE_OUTER_BOUND('',#981,.T.);
#699=FACE_OUTER_BOUND('',#982,.T.);
#700=FACE_OUTER_BOUND('',#983,.T.);
#701=FACE_OUTER_BOUND('',#984,.T.);
#702=FACE_OUTER_BOUND('',#985,.T.);
#703=FACE_OUTER_BOUND('',#986,.T.);
#704=FACE_OUTER_BOUND('',#987,.T.);
#705=FACE_OUTER_BOUND('',#988,.T.);
#706=FACE_OUTER_BOUND('',#989,.T.);
#707=FACE_OUTER_BOUND('',#990,.T.);
#708=FACE_OUTER_BOUND('',#991,.T.);
#709=FACE_OUTER_BOUND('',#992,.T.);
#710=FACE_OUTER_BOUND('',#993,.T.);
#711=FACE_OUTER_BOUND('',#994,.T.);
#712=FACE_OUTER_BOUND('',#995,.T.);
#713=FACE_OUTER_BOUND('',#996,.T.);
#714=FACE_OUTER_BOUND('',#997,.T.);
#715=FACE_OUTER_BOUND('',#998,.T.);
#716=FACE_OUTER_BOUND('',#999,.T.);
#717=FACE_OUTER_BOUND('',#1000,.T.);
#718=FACE_OUTER_BOUND('',#1001,.T.);
#719=FACE_OUTER_BOUND('',#1002,.T.);
#720=FACE_OUTER_BOUND('',#1003,.T.);
#721=FACE_OUTER_BOUND('',#1004,.T.);
#722=FACE_OUTER_BOUND('',#1005,.T.);
#723=FACE_OUTER_BOUND('',#1006,.T.);
#724=FACE_OUTER_BOUND('',#1007,.T.);
#725=FACE_OUTER_BOUND('',#1008,.T.);
#726=FACE_OUTER_BOUND('',#1009,.T.);
#727=FACE_OUTER_BOUND('',#1010,.T.);
#728=FACE_OUTER_BOUND('',#1011,.T.);
#729=FACE_OUTER_BOUND('',#1012,.T.);
#730=FACE_OUTER_BOUND('',#1013,.T.);
#731=FACE_OUTER_BOUND('',#1014,.T.);
#732=FACE_OUTER_BOUND('',#1015,.T.);
#733=FACE_OUTER_BOUND('',#1016,.T.);
#734=FACE_OUTER_BOUND('',#1017,.T.);
#735=FACE_OUTER_BOUND('',#1018,.T.);
#736=FACE_OUTER_BOUND('',#1019,.T.);
#737=FACE_OUTER_BOUND('',#1020,.T.);
#738=FACE_OUTER_BOUND('',#1021,.T.);
#739=FACE_OUTER_BOUND('',#1022,.T.);
#740=FACE_OUTER_BOUND('',#1023,.T.);
#741=FACE_OUTER_BOUND('',#1024,.T.);
#742=FACE_OUTER_BOUND('',#1025,.T.);
#743=FACE_OUTER_BOUND('',#1026,.T.);
#744=FACE_OUTER_BOUND('',#1027,.T.);
#745=FACE_OUTER_BOUND('',#1028,.T.);
#746=FACE_OUTER_BOUND('',#1029,.T.);
#747=FACE_OUTER_BOUND('',#1030,.T.);
#748=FACE_OUTER_BOUND('',#1031,.T.);
#749=FACE_OUTER_BOUND('',#1032,.T.);
#750=FACE_OUTER_BOUND('',#1033,.T.);
#751=FACE_OUTER_BOUND('',#1034,.T.);
#752=FACE_OUTER_BOUND('',#1035,.T.);
#753=FACE_OUTER_BOUND('',#1036,.T.);
#754=FACE_OUTER_BOUND('',#1037,.T.);
#755=FACE_OUTER_BOUND('',#1038,.T.);
#756=FACE_OUTER_BOUND('',#1039,.T.);
#757=FACE_OUTER_BOUND('',#1040,.T.);
#758=FACE_OUTER_BOUND('',#1041,.T.);
#759=FACE_OUTER_BOUND('',#1042,.T.);
#760=FACE_OUTER_BOUND('',#1043,.T.);
#761=FACE_OUTER_BOUND('',#1044,.T.);
#762=FACE_OUTER_BOUND('',#1045,.T.);
#763=FACE_OUTER_BOUND('',#1046,.T.);
#764=FACE_OUTER_BOUND('',#1047,.T.);
#765=FACE_OUTER_BOUND('',#1048,.T.);
#766=FACE_OUTER_BOUND('',#1049,.T.);
#767=FACE_OUTER_BOUND('',#1050,.T.);
#768=FACE_OUTER_BOUND('',#1051,.T.);
#769=FACE_OUTER_BOUND('',#1052,.T.);
#770=FACE_OUTER_BOUND('',#1053,.T.);
#771=FACE_OUTER_BOUND('',#1054,.T.);
#772=FACE_OUTER_BOUND('',#1055,.T.);
#773=FACE_OUTER_BOUND('',#1056,.T.);
#774=FACE_OUTER_BOUND('',#1057,.T.);
#775=FACE_OUTER_BOUND('',#1058,.T.);
#776=FACE_OUTER_BOUND('',#1059,.T.);
#777=FACE_OUTER_BOUND('',#1060,.T.);
#778=FACE_OUTER_BOUND('',#1061,.T.);
#779=FACE_OUTER_BOUND('',#1062,.T.);
#780=FACE_OUTER_BOUND('',#1063,.T.);
#781=FACE_OUTER_BOUND('',#1064,.T.);
#782=FACE_OUTER_BOUND('',#1065,.T.);
#783=FACE_OUTER_BOUND('',#1066,.T.);
#784=FACE_OUTER_BOUND('',#1067,.T.);
#785=FACE_OUTER_BOUND('',#1068,.T.);
#786=FACE_OUTER_BOUND('',#1069,.T.);
#787=FACE_OUTER_BOUND('',#1070,.T.);
#788=FACE_OUTER_BOUND('',#1071,.T.);
#789=FACE_OUTER_BOUND('',#1072,.T.);
#790=FACE_OUTER_BOUND('',#1073,.T.);
#791=FACE_OUTER_BOUND('',#1074,.T.);
#792=FACE_OUTER_BOUND('',#1075,.T.);
#793=FACE_OUTER_BOUND('',#1076,.T.);
#794=FACE_OUTER_BOUND('',#1077,.T.);
#795=FACE_OUTER_BOUND('',#1078,.T.);
#796=FACE_OUTER_BOUND('',#1079,.T.);
#797=FACE_OUTER_BOUND('',#1080,.T.);
#798=FACE_OUTER_BOUND('',#1081,.T.);
#799=FACE_OUTER_BOUND('',#1082,.T.);
#800=FACE_OUTER_BOUND('',#1083,.T.);
#801=FACE_OUTER_BOUND('',#1084,.T.);
#802=FACE_OUTER_BOUND('',#1085,.T.);
#803=FACE_OUTER_BOUND('',#1086,.T.);
#804=FACE_OUTER_BOUND('',#1087,.T.);
#805=FACE_OUTER_BOUND('',#1088,.T.);
#806=FACE_OUTER_BOUND('',#1089,.T.);
#807=FACE_OUTER_BOUND('',#1090,.T.);
#808=FACE_OUTER_BOUND('',#1091,.T.);
#809=FACE_OUTER_BOUND('',#1096,.T.);
#810=FACE_OUTER_BOUND('',#1097,.T.);
#811=FACE_OUTER_BOUND('',#1098,.T.);
#812=FACE_OUTER_BOUND('',#1099,.T.);
#813=FACE_OUTER_BOUND('',#1100,.T.);
#814=FACE_OUTER_BOUND('',#1101,.T.);
#815=FACE_OUTER_BOUND('',#1102,.T.);
#816=FACE_OUTER_BOUND('',#1354,.T.);
#817=FACE_OUTER_BOUND('',#1355,.T.);
#818=FACE_OUTER_BOUND('',#1356,.T.);
#819=FACE_OUTER_BOUND('',#1357,.T.);
#820=FACE_OUTER_BOUND('',#1358,.T.);
#821=FACE_OUTER_BOUND('',#1359,.T.);
#822=FACE_OUTER_BOUND('',#1360,.T.);
#823=FACE_OUTER_BOUND('',#1361,.T.);
#824=FACE_OUTER_BOUND('',#1617,.T.);
#825=FACE_OUTER_BOUND('',#1618,.T.);
#826=FACE_OUTER_BOUND('',#1620,.T.);
#827=FACE_OUTER_BOUND('',#1621,.T.);
#828=FACE_OUTER_BOUND('',#1623,.T.);
#829=FACE_OUTER_BOUND('',#1624,.T.);
#830=FACE_OUTER_BOUND('',#1626,.T.);
#831=FACE_OUTER_BOUND('',#1627,.T.);
#832=EDGE_LOOP('',(#4142,#4143,#4144,#4145));
#833=EDGE_LOOP('',(#4146,#4147,#4148,#4149));
#834=EDGE_LOOP('',(#4150,#4151,#4152,#4153));
#835=EDGE_LOOP('',(#4154,#4155,#4156,#4157));
#836=EDGE_LOOP('',(#4158,#4159,#4160,#4161));
#837=EDGE_LOOP('',(#4162,#4163,#4164,#4165));
#838=EDGE_LOOP('',(#4166,#4167,#4168,#4169));
#839=EDGE_LOOP('',(#4170,#4171,#4172,#4173));
#840=EDGE_LOOP('',(#4174,#4175,#4176,#4177));
#841=EDGE_LOOP('',(#4178,#4179,#4180,#4181));
#842=EDGE_LOOP('',(#4182,#4183,#4184,#4185));
#843=EDGE_LOOP('',(#4186,#4187,#4188,#4189));
#844=EDGE_LOOP('',(#4190,#4191,#4192,#4193));
#845=EDGE_LOOP('',(#4194,#4195,#4196,#4197));
#846=EDGE_LOOP('',(#4198,#4199,#4200,#4201));
#847=EDGE_LOOP('',(#4202,#4203,#4204,#4205));
#848=EDGE_LOOP('',(#4206,#4207,#4208,#4209));
#849=EDGE_LOOP('',(#4210,#4211,#4212,#4213));
#850=EDGE_LOOP('',(#4214,#4215,#4216,#4217));
#851=EDGE_LOOP('',(#4218,#4219,#4220,#4221));
#852=EDGE_LOOP('',(#4222,#4223,#4224,#4225));
#853=EDGE_LOOP('',(#4226,#4227,#4228,#4229));
#854=EDGE_LOOP('',(#4230,#4231,#4232,#4233));
#855=EDGE_LOOP('',(#4234,#4235,#4236,#4237));
#856=EDGE_LOOP('',(#4238,#4239,#4240,#4241));
#857=EDGE_LOOP('',(#4242,#4243,#4244,#4245));
#858=EDGE_LOOP('',(#4246,#4247,#4248,#4249));
#859=EDGE_LOOP('',(#4250,#4251,#4252,#4253));
#860=EDGE_LOOP('',(#4254,#4255,#4256,#4257));
#861=EDGE_LOOP('',(#4258,#4259,#4260,#4261));
#862=EDGE_LOOP('',(#4262,#4263,#4264,#4265));
#863=EDGE_LOOP('',(#4266,#4267,#4268,#4269));
#864=EDGE_LOOP('',(#4270,#4271,#4272,#4273));
#865=EDGE_LOOP('',(#4274,#4275,#4276,#4277));
#866=EDGE_LOOP('',(#4278,#4279,#4280,#4281));
#867=EDGE_LOOP('',(#4282,#4283,#4284,#4285));
#868=EDGE_LOOP('',(#4286,#4287,#4288,#4289));
#869=EDGE_LOOP('',(#4290,#4291,#4292,#4293));
#870=EDGE_LOOP('',(#4294,#4295,#4296,#4297));
#871=EDGE_LOOP('',(#4298,#4299,#4300,#4301));
#872=EDGE_LOOP('',(#4302,#4303,#4304,#4305));
#873=EDGE_LOOP('',(#4306,#4307,#4308,#4309));
#874=EDGE_LOOP('',(#4310,#4311,#4312,#4313));
#875=EDGE_LOOP('',(#4314,#4315,#4316,#4317));
#876=EDGE_LOOP('',(#4318,#4319,#4320,#4321));
#877=EDGE_LOOP('',(#4322,#4323,#4324,#4325));
#878=EDGE_LOOP('',(#4326,#4327,#4328,#4329));
#879=EDGE_LOOP('',(#4330,#4331,#4332,#4333));
#880=EDGE_LOOP('',(#4334,#4335,#4336,#4337));
#881=EDGE_LOOP('',(#4338,#4339,#4340,#4341));
#882=EDGE_LOOP('',(#4342,#4343,#4344,#4345));
#883=EDGE_LOOP('',(#4346,#4347,#4348,#4349));
#884=EDGE_LOOP('',(#4350,#4351,#4352,#4353));
#885=EDGE_LOOP('',(#4354,#4355,#4356,#4357));
#886=EDGE_LOOP('',(#4358,#4359,#4360,#4361));
#887=EDGE_LOOP('',(#4362,#4363,#4364,#4365));
#888=EDGE_LOOP('',(#4366,#4367,#4368,#4369));
#889=EDGE_LOOP('',(#4370,#4371,#4372,#4373));
#890=EDGE_LOOP('',(#4374,#4375,#4376,#4377));
#891=EDGE_LOOP('',(#4378,#4379,#4380,#4381));
#892=EDGE_LOOP('',(#4382,#4383,#4384,#4385));
#893=EDGE_LOOP('',(#4386,#4387,#4388,#4389));
#894=EDGE_LOOP('',(#4390,#4391,#4392,#4393));
#895=EDGE_LOOP('',(#4394,#4395,#4396,#4397));
#896=EDGE_LOOP('',(#4398,#4399,#4400,#4401));
#897=EDGE_LOOP('',(#4402,#4403,#4404,#4405));
#898=EDGE_LOOP('',(#4406,#4407,#4408,#4409));
#899=EDGE_LOOP('',(#4410,#4411,#4412,#4413));
#900=EDGE_LOOP('',(#4414,#4415,#4416,#4417));
#901=EDGE_LOOP('',(#4418,#4419,#4420,#4421));
#902=EDGE_LOOP('',(#4422,#4423,#4424,#4425));
#903=EDGE_LOOP('',(#4426,#4427,#4428,#4429));
#904=EDGE_LOOP('',(#4430,#4431,#4432,#4433));
#905=EDGE_LOOP('',(#4434,#4435,#4436,#4437));
#906=EDGE_LOOP('',(#4438,#4439,#4440,#4441));
#907=EDGE_LOOP('',(#4442,#4443,#4444,#4445));
#908=EDGE_LOOP('',(#4446,#4447,#4448,#4449));
#909=EDGE_LOOP('',(#4450,#4451,#4452,#4453));
#910=EDGE_LOOP('',(#4454,#4455,#4456,#4457));
#911=EDGE_LOOP('',(#4458,#4459,#4460,#4461));
#912=EDGE_LOOP('',(#4462,#4463,#4464,#4465));
#913=EDGE_LOOP('',(#4466,#4467,#4468,#4469));
#914=EDGE_LOOP('',(#4470,#4471,#4472,#4473));
#915=EDGE_LOOP('',(#4474,#4475,#4476,#4477));
#916=EDGE_LOOP('',(#4478,#4479,#4480,#4481));
#917=EDGE_LOOP('',(#4482,#4483,#4484,#4485));
#918=EDGE_LOOP('',(#4486,#4487,#4488,#4489));
#919=EDGE_LOOP('',(#4490,#4491,#4492,#4493));
#920=EDGE_LOOP('',(#4494,#4495,#4496,#4497));
#921=EDGE_LOOP('',(#4498,#4499,#4500,#4501));
#922=EDGE_LOOP('',(#4502,#4503,#4504,#4505));
#923=EDGE_LOOP('',(#4506,#4507,#4508,#4509));
#924=EDGE_LOOP('',(#4510,#4511,#4512,#4513));
#925=EDGE_LOOP('',(#4514,#4515,#4516,#4517));
#926=EDGE_LOOP('',(#4518,#4519,#4520,#4521));
#927=EDGE_LOOP('',(#4522,#4523,#4524,#4525));
#928=EDGE_LOOP('',(#4526,#4527,#4528,#4529));
#929=EDGE_LOOP('',(#4530,#4531,#4532,#4533));
#930=EDGE_LOOP('',(#4534,#4535,#4536,#4537));
#931=EDGE_LOOP('',(#4538,#4539,#4540,#4541));
#932=EDGE_LOOP('',(#4542,#4543,#4544,#4545));
#933=EDGE_LOOP('',(#4546,#4547,#4548,#4549));
#934=EDGE_LOOP('',(#4550,#4551,#4552,#4553));
#935=EDGE_LOOP('',(#4554,#4555,#4556,#4557));
#936=EDGE_LOOP('',(#4558,#4559,#4560,#4561));
#937=EDGE_LOOP('',(#4562,#4563,#4564,#4565));
#938=EDGE_LOOP('',(#4566,#4567,#4568,#4569));
#939=EDGE_LOOP('',(#4570,#4571,#4572,#4573));
#940=EDGE_LOOP('',(#4574,#4575,#4576,#4577));
#941=EDGE_LOOP('',(#4578,#4579,#4580,#4581));
#942=EDGE_LOOP('',(#4582,#4583,#4584,#4585));
#943=EDGE_LOOP('',(#4586,#4587,#4588,#4589));
#944=EDGE_LOOP('',(#4590,#4591,#4592,#4593));
#945=EDGE_LOOP('',(#4594,#4595,#4596,#4597));
#946=EDGE_LOOP('',(#4598,#4599,#4600,#4601));
#947=EDGE_LOOP('',(#4602,#4603,#4604,#4605));
#948=EDGE_LOOP('',(#4606,#4607,#4608,#4609));
#949=EDGE_LOOP('',(#4610,#4611,#4612,#4613));
#950=EDGE_LOOP('',(#4614,#4615,#4616,#4617));
#951=EDGE_LOOP('',(#4618,#4619,#4620,#4621));
#952=EDGE_LOOP('',(#4622,#4623,#4624,#4625));
#953=EDGE_LOOP('',(#4626,#4627,#4628,#4629));
#954=EDGE_LOOP('',(#4630,#4631,#4632,#4633));
#955=EDGE_LOOP('',(#4634,#4635,#4636,#4637));
#956=EDGE_LOOP('',(#4638,#4639,#4640,#4641));
#957=EDGE_LOOP('',(#4642,#4643,#4644,#4645));
#958=EDGE_LOOP('',(#4646,#4647,#4648,#4649));
#959=EDGE_LOOP('',(#4650,#4651,#4652,#4653));
#960=EDGE_LOOP('',(#4654,#4655,#4656,#4657));
#961=EDGE_LOOP('',(#4658,#4659,#4660,#4661));
#962=EDGE_LOOP('',(#4662,#4663,#4664,#4665));
#963=EDGE_LOOP('',(#4666,#4667,#4668,#4669));
#964=EDGE_LOOP('',(#4670,#4671,#4672,#4673));
#965=EDGE_LOOP('',(#4674,#4675,#4676,#4677));
#966=EDGE_LOOP('',(#4678,#4679,#4680,#4681));
#967=EDGE_LOOP('',(#4682,#4683,#4684,#4685));
#968=EDGE_LOOP('',(#4686,#4687,#4688,#4689));
#969=EDGE_LOOP('',(#4690,#4691,#4692,#4693));
#970=EDGE_LOOP('',(#4694,#4695,#4696,#4697));
#971=EDGE_LOOP('',(#4698,#4699,#4700,#4701));
#972=EDGE_LOOP('',(#4702,#4703,#4704,#4705));
#973=EDGE_LOOP('',(#4706,#4707,#4708,#4709));
#974=EDGE_LOOP('',(#4710,#4711,#4712,#4713));
#975=EDGE_LOOP('',(#4714,#4715,#4716,#4717));
#976=EDGE_LOOP('',(#4718,#4719,#4720,#4721));
#977=EDGE_LOOP('',(#4722,#4723,#4724,#4725));
#978=EDGE_LOOP('',(#4726,#4727,#4728,#4729));
#979=EDGE_LOOP('',(#4730,#4731,#4732,#4733));
#980=EDGE_LOOP('',(#4734,#4735,#4736,#4737));
#981=EDGE_LOOP('',(#4738,#4739,#4740,#4741));
#982=EDGE_LOOP('',(#4742,#4743,#4744,#4745));
#983=EDGE_LOOP('',(#4746,#4747,#4748,#4749));
#984=EDGE_LOOP('',(#4750,#4751,#4752,#4753));
#985=EDGE_LOOP('',(#4754,#4755,#4756,#4757));
#986=EDGE_LOOP('',(#4758,#4759,#4760,#4761));
#987=EDGE_LOOP('',(#4762,#4763,#4764,#4765));
#988=EDGE_LOOP('',(#4766,#4767,#4768,#4769));
#989=EDGE_LOOP('',(#4770,#4771,#4772,#4773));
#990=EDGE_LOOP('',(#4774,#4775,#4776,#4777));
#991=EDGE_LOOP('',(#4778,#4779,#4780,#4781));
#992=EDGE_LOOP('',(#4782,#4783,#4784,#4785));
#993=EDGE_LOOP('',(#4786,#4787,#4788,#4789));
#994=EDGE_LOOP('',(#4790,#4791,#4792,#4793));
#995=EDGE_LOOP('',(#4794,#4795,#4796,#4797));
#996=EDGE_LOOP('',(#4798,#4799,#4800,#4801));
#997=EDGE_LOOP('',(#4802,#4803,#4804,#4805));
#998=EDGE_LOOP('',(#4806,#4807,#4808,#4809));
#999=EDGE_LOOP('',(#4810,#4811,#4812,#4813));
#1000=EDGE_LOOP('',(#4814,#4815,#4816,#4817));
#1001=EDGE_LOOP('',(#4818,#4819,#4820,#4821));
#1002=EDGE_LOOP('',(#4822,#4823,#4824,#4825));
#1003=EDGE_LOOP('',(#4826,#4827,#4828,#4829));
#1004=EDGE_LOOP('',(#4830,#4831,#4832,#4833));
#1005=EDGE_LOOP('',(#4834,#4835,#4836,#4837));
#1006=EDGE_LOOP('',(#4838,#4839,#4840,#4841));
#1007=EDGE_LOOP('',(#4842,#4843,#4844,#4845));
#1008=EDGE_LOOP('',(#4846,#4847,#4848,#4849));
#1009=EDGE_LOOP('',(#4850,#4851,#4852,#4853));
#1010=EDGE_LOOP('',(#4854,#4855,#4856,#4857));
#1011=EDGE_LOOP('',(#4858,#4859,#4860,#4861));
#1012=EDGE_LOOP('',(#4862,#4863,#4864,#4865));
#1013=EDGE_LOOP('',(#4866,#4867,#4868,#4869));
#1014=EDGE_LOOP('',(#4870,#4871,#4872,#4873));
#1015=EDGE_LOOP('',(#4874,#4875,#4876,#4877));
#1016=EDGE_LOOP('',(#4878,#4879,#4880,#4881));
#1017=EDGE_LOOP('',(#4882,#4883,#4884,#4885));
#1018=EDGE_LOOP('',(#4886,#4887,#4888,#4889));
#1019=EDGE_LOOP('',(#4890,#4891,#4892,#4893));
#1020=EDGE_LOOP('',(#4894,#4895,#4896,#4897));
#1021=EDGE_LOOP('',(#4898,#4899,#4900,#4901));
#1022=EDGE_LOOP('',(#4902,#4903,#4904,#4905));
#1023=EDGE_LOOP('',(#4906,#4907,#4908,#4909));
#1024=EDGE_LOOP('',(#4910,#4911,#4912,#4913));
#1025=EDGE_LOOP('',(#4914,#4915,#4916,#4917));
#1026=EDGE_LOOP('',(#4918,#4919,#4920,#4921));
#1027=EDGE_LOOP('',(#4922,#4923,#4924,#4925));
#1028=EDGE_LOOP('',(#4926,#4927,#4928,#4929));
#1029=EDGE_LOOP('',(#4930,#4931,#4932,#4933));
#1030=EDGE_LOOP('',(#4934,#4935,#4936,#4937));
#1031=EDGE_LOOP('',(#4938,#4939,#4940,#4941));
#1032=EDGE_LOOP('',(#4942,#4943,#4944,#4945));
#1033=EDGE_LOOP('',(#4946,#4947,#4948,#4949));
#1034=EDGE_LOOP('',(#4950,#4951,#4952,#4953));
#1035=EDGE_LOOP('',(#4954,#4955,#4956,#4957));
#1036=EDGE_LOOP('',(#4958,#4959,#4960,#4961));
#1037=EDGE_LOOP('',(#4962,#4963,#4964,#4965));
#1038=EDGE_LOOP('',(#4966,#4967,#4968,#4969));
#1039=EDGE_LOOP('',(#4970,#4971,#4972,#4973));
#1040=EDGE_LOOP('',(#4974,#4975,#4976,#4977));
#1041=EDGE_LOOP('',(#4978,#4979,#4980,#4981));
#1042=EDGE_LOOP('',(#4982,#4983,#4984,#4985));
#1043=EDGE_LOOP('',(#4986,#4987,#4988,#4989));
#1044=EDGE_LOOP('',(#4990,#4991,#4992,#4993));
#1045=EDGE_LOOP('',(#4994,#4995,#4996,#4997));
#1046=EDGE_LOOP('',(#4998,#4999,#5000,#5001));
#1047=EDGE_LOOP('',(#5002,#5003,#5004,#5005));
#1048=EDGE_LOOP('',(#5006,#5007,#5008,#5009));
#1049=EDGE_LOOP('',(#5010,#5011,#5012,#5013));
#1050=EDGE_LOOP('',(#5014,#5015,#5016,#5017));
#1051=EDGE_LOOP('',(#5018,#5019,#5020,#5021));
#1052=EDGE_LOOP('',(#5022,#5023,#5024,#5025));
#1053=EDGE_LOOP('',(#5026,#5027,#5028,#5029));
#1054=EDGE_LOOP('',(#5030,#5031,#5032,#5033));
#1055=EDGE_LOOP('',(#5034,#5035,#5036,#5037));
#1056=EDGE_LOOP('',(#5038,#5039,#5040,#5041));
#1057=EDGE_LOOP('',(#5042,#5043,#5044,#5045));
#1058=EDGE_LOOP('',(#5046,#5047,#5048,#5049));
#1059=EDGE_LOOP('',(#5050,#5051,#5052,#5053));
#1060=EDGE_LOOP('',(#5054,#5055,#5056,#5057));
#1061=EDGE_LOOP('',(#5058,#5059,#5060,#5061));
#1062=EDGE_LOOP('',(#5062,#5063,#5064,#5065));
#1063=EDGE_LOOP('',(#5066,#5067,#5068,#5069));
#1064=EDGE_LOOP('',(#5070,#5071,#5072,#5073));
#1065=EDGE_LOOP('',(#5074,#5075,#5076,#5077));
#1066=EDGE_LOOP('',(#5078,#5079,#5080,#5081));
#1067=EDGE_LOOP('',(#5082,#5083,#5084,#5085));
#1068=EDGE_LOOP('',(#5086,#5087,#5088,#5089));
#1069=EDGE_LOOP('',(#5090,#5091,#5092,#5093));
#1070=EDGE_LOOP('',(#5094,#5095,#5096,#5097));
#1071=EDGE_LOOP('',(#5098,#5099,#5100,#5101));
#1072=EDGE_LOOP('',(#5102,#5103,#5104,#5105));
#1073=EDGE_LOOP('',(#5106,#5107,#5108,#5109));
#1074=EDGE_LOOP('',(#5110,#5111,#5112,#5113));
#1075=EDGE_LOOP('',(#5114,#5115,#5116,#5117));
#1076=EDGE_LOOP('',(#5118,#5119,#5120,#5121));
#1077=EDGE_LOOP('',(#5122,#5123,#5124,#5125));
#1078=EDGE_LOOP('',(#5126,#5127,#5128,#5129));
#1079=EDGE_LOOP('',(#5130,#5131,#5132,#5133));
#1080=EDGE_LOOP('',(#5134,#5135,#5136,#5137));
#1081=EDGE_LOOP('',(#5138,#5139,#5140,#5141));
#1082=EDGE_LOOP('',(#5142,#5143,#5144,#5145));
#1083=EDGE_LOOP('',(#5146,#5147,#5148,#5149));
#1084=EDGE_LOOP('',(#5150,#5151,#5152,#5153));
#1085=EDGE_LOOP('',(#5154,#5155,#5156,#5157));
#1086=EDGE_LOOP('',(#5158,#5159,#5160,#5161));
#1087=EDGE_LOOP('',(#5162,#5163,#5164,#5165));
#1088=EDGE_LOOP('',(#5166,#5167,#5168,#5169));
#1089=EDGE_LOOP('',(#5170,#5171,#5172,#5173,#5174,#5175,#5176,#5177));
#1090=EDGE_LOOP('',(#5178,#5179,#5180,#5181));
#1091=EDGE_LOOP('',(#5182,#5183,#5184,#5185,#5186,#5187,#5188,#5189,#5190,
#5191,#5192,#5193,#5194,#5195,#5196,#5197));
#1092=EDGE_LOOP('',(#5198));
#1093=EDGE_LOOP('',(#5199));
#1094=EDGE_LOOP('',(#5200));
#1095=EDGE_LOOP('',(#5201));
#1096=EDGE_LOOP('',(#5202,#5203,#5204,#5205));
#1097=EDGE_LOOP('',(#5206,#5207,#5208,#5209));
#1098=EDGE_LOOP('',(#5210,#5211,#5212,#5213));
#1099=EDGE_LOOP('',(#5214,#5215,#5216,#5217));
#1100=EDGE_LOOP('',(#5218,#5219,#5220,#5221,#5222));
#1101=EDGE_LOOP('',(#5223,#5224,#5225,#5226,#5227));
#1102=EDGE_LOOP('',(#5228,#5229,#5230,#5231,#5232,#5233));
#1103=EDGE_LOOP('',(#5234));
#1104=EDGE_LOOP('',(#5235));
#1105=EDGE_LOOP('',(#5236));
#1106=EDGE_LOOP('',(#5237));
#1107=EDGE_LOOP('',(#5238));
#1108=EDGE_LOOP('',(#5239));
#1109=EDGE_LOOP('',(#5240));
#1110=EDGE_LOOP('',(#5241));
#1111=EDGE_LOOP('',(#5242));
#1112=EDGE_LOOP('',(#5243));
#1113=EDGE_LOOP('',(#5244));
#1114=EDGE_LOOP('',(#5245));
#1115=EDGE_LOOP('',(#5246));
#1116=EDGE_LOOP('',(#5247));
#1117=EDGE_LOOP('',(#5248));
#1118=EDGE_LOOP('',(#5249));
#1119=EDGE_LOOP('',(#5250));
#1120=EDGE_LOOP('',(#5251));
#1121=EDGE_LOOP('',(#5252));
#1122=EDGE_LOOP('',(#5253));
#1123=EDGE_LOOP('',(#5254));
#1124=EDGE_LOOP('',(#5255));
#1125=EDGE_LOOP('',(#5256));
#1126=EDGE_LOOP('',(#5257));
#1127=EDGE_LOOP('',(#5258));
#1128=EDGE_LOOP('',(#5259));
#1129=EDGE_LOOP('',(#5260));
#1130=EDGE_LOOP('',(#5261));
#1131=EDGE_LOOP('',(#5262));
#1132=EDGE_LOOP('',(#5263));
#1133=EDGE_LOOP('',(#5264));
#1134=EDGE_LOOP('',(#5265));
#1135=EDGE_LOOP('',(#5266));
#1136=EDGE_LOOP('',(#5267));
#1137=EDGE_LOOP('',(#5268));
#1138=EDGE_LOOP('',(#5269));
#1139=EDGE_LOOP('',(#5270));
#1140=EDGE_LOOP('',(#5271));
#1141=EDGE_LOOP('',(#5272));
#1142=EDGE_LOOP('',(#5273));
#1143=EDGE_LOOP('',(#5274));
#1144=EDGE_LOOP('',(#5275));
#1145=EDGE_LOOP('',(#5276));
#1146=EDGE_LOOP('',(#5277));
#1147=EDGE_LOOP('',(#5278));
#1148=EDGE_LOOP('',(#5279));
#1149=EDGE_LOOP('',(#5280));
#1150=EDGE_LOOP('',(#5281));
#1151=EDGE_LOOP('',(#5282));
#1152=EDGE_LOOP('',(#5283));
#1153=EDGE_LOOP('',(#5284));
#1154=EDGE_LOOP('',(#5285));
#1155=EDGE_LOOP('',(#5286));
#1156=EDGE_LOOP('',(#5287));
#1157=EDGE_LOOP('',(#5288));
#1158=EDGE_LOOP('',(#5289));
#1159=EDGE_LOOP('',(#5290));
#1160=EDGE_LOOP('',(#5291));
#1161=EDGE_LOOP('',(#5292));
#1162=EDGE_LOOP('',(#5293));
#1163=EDGE_LOOP('',(#5294));
#1164=EDGE_LOOP('',(#5295));
#1165=EDGE_LOOP('',(#5296));
#1166=EDGE_LOOP('',(#5297));
#1167=EDGE_LOOP('',(#5298));
#1168=EDGE_LOOP('',(#5299));
#1169=EDGE_LOOP('',(#5300));
#1170=EDGE_LOOP('',(#5301));
#1171=EDGE_LOOP('',(#5302));
#1172=EDGE_LOOP('',(#5303));
#1173=EDGE_LOOP('',(#5304));
#1174=EDGE_LOOP('',(#5305));
#1175=EDGE_LOOP('',(#5306));
#1176=EDGE_LOOP('',(#5307));
#1177=EDGE_LOOP('',(#5308));
#1178=EDGE_LOOP('',(#5309));
#1179=EDGE_LOOP('',(#5310));
#1180=EDGE_LOOP('',(#5311));
#1181=EDGE_LOOP('',(#5312));
#1182=EDGE_LOOP('',(#5313));
#1183=EDGE_LOOP('',(#5314));
#1184=EDGE_LOOP('',(#5315));
#1185=EDGE_LOOP('',(#5316));
#1186=EDGE_LOOP('',(#5317));
#1187=EDGE_LOOP('',(#5318));
#1188=EDGE_LOOP('',(#5319));
#1189=EDGE_LOOP('',(#5320));
#1190=EDGE_LOOP('',(#5321));
#1191=EDGE_LOOP('',(#5322));
#1192=EDGE_LOOP('',(#5323));
#1193=EDGE_LOOP('',(#5324));
#1194=EDGE_LOOP('',(#5325));
#1195=EDGE_LOOP('',(#5326));
#1196=EDGE_LOOP('',(#5327));
#1197=EDGE_LOOP('',(#5328));
#1198=EDGE_LOOP('',(#5329));
#1199=EDGE_LOOP('',(#5330));
#1200=EDGE_LOOP('',(#5331));
#1201=EDGE_LOOP('',(#5332));
#1202=EDGE_LOOP('',(#5333));
#1203=EDGE_LOOP('',(#5334));
#1204=EDGE_LOOP('',(#5335));
#1205=EDGE_LOOP('',(#5336));
#1206=EDGE_LOOP('',(#5337));
#1207=EDGE_LOOP('',(#5338));
#1208=EDGE_LOOP('',(#5339));
#1209=EDGE_LOOP('',(#5340));
#1210=EDGE_LOOP('',(#5341));
#1211=EDGE_LOOP('',(#5342));
#1212=EDGE_LOOP('',(#5343));
#1213=EDGE_LOOP('',(#5344));
#1214=EDGE_LOOP('',(#5345));
#1215=EDGE_LOOP('',(#5346));
#1216=EDGE_LOOP('',(#5347));
#1217=EDGE_LOOP('',(#5348));
#1218=EDGE_LOOP('',(#5349));
#1219=EDGE_LOOP('',(#5350));
#1220=EDGE_LOOP('',(#5351));
#1221=EDGE_LOOP('',(#5352));
#1222=EDGE_LOOP('',(#5353));
#1223=EDGE_LOOP('',(#5354));
#1224=EDGE_LOOP('',(#5355));
#1225=EDGE_LOOP('',(#5356));
#1226=EDGE_LOOP('',(#5357));
#1227=EDGE_LOOP('',(#5358));
#1228=EDGE_LOOP('',(#5359));
#1229=EDGE_LOOP('',(#5360));
#1230=EDGE_LOOP('',(#5361));
#1231=EDGE_LOOP('',(#5362));
#1232=EDGE_LOOP('',(#5363));
#1233=EDGE_LOOP('',(#5364));
#1234=EDGE_LOOP('',(#5365));
#1235=EDGE_LOOP('',(#5366));
#1236=EDGE_LOOP('',(#5367));
#1237=EDGE_LOOP('',(#5368));
#1238=EDGE_LOOP('',(#5369));
#1239=EDGE_LOOP('',(#5370));
#1240=EDGE_LOOP('',(#5371));
#1241=EDGE_LOOP('',(#5372));
#1242=EDGE_LOOP('',(#5373));
#1243=EDGE_LOOP('',(#5374));
#1244=EDGE_LOOP('',(#5375));
#1245=EDGE_LOOP('',(#5376));
#1246=EDGE_LOOP('',(#5377));
#1247=EDGE_LOOP('',(#5378));
#1248=EDGE_LOOP('',(#5379));
#1249=EDGE_LOOP('',(#5380));
#1250=EDGE_LOOP('',(#5381));
#1251=EDGE_LOOP('',(#5382));
#1252=EDGE_LOOP('',(#5383));
#1253=EDGE_LOOP('',(#5384));
#1254=EDGE_LOOP('',(#5385));
#1255=EDGE_LOOP('',(#5386));
#1256=EDGE_LOOP('',(#5387));
#1257=EDGE_LOOP('',(#5388));
#1258=EDGE_LOOP('',(#5389));
#1259=EDGE_LOOP('',(#5390));
#1260=EDGE_LOOP('',(#5391));
#1261=EDGE_LOOP('',(#5392));
#1262=EDGE_LOOP('',(#5393));
#1263=EDGE_LOOP('',(#5394));
#1264=EDGE_LOOP('',(#5395));
#1265=EDGE_LOOP('',(#5396));
#1266=EDGE_LOOP('',(#5397));
#1267=EDGE_LOOP('',(#5398));
#1268=EDGE_LOOP('',(#5399));
#1269=EDGE_LOOP('',(#5400));
#1270=EDGE_LOOP('',(#5401));
#1271=EDGE_LOOP('',(#5402));
#1272=EDGE_LOOP('',(#5403));
#1273=EDGE_LOOP('',(#5404));
#1274=EDGE_LOOP('',(#5405));
#1275=EDGE_LOOP('',(#5406));
#1276=EDGE_LOOP('',(#5407));
#1277=EDGE_LOOP('',(#5408));
#1278=EDGE_LOOP('',(#5409));
#1279=EDGE_LOOP('',(#5410));
#1280=EDGE_LOOP('',(#5411));
#1281=EDGE_LOOP('',(#5412));
#1282=EDGE_LOOP('',(#5413));
#1283=EDGE_LOOP('',(#5414));
#1284=EDGE_LOOP('',(#5415));
#1285=EDGE_LOOP('',(#5416));
#1286=EDGE_LOOP('',(#5417));
#1287=EDGE_LOOP('',(#5418));
#1288=EDGE_LOOP('',(#5419));
#1289=EDGE_LOOP('',(#5420));
#1290=EDGE_LOOP('',(#5421));
#1291=EDGE_LOOP('',(#5422));
#1292=EDGE_LOOP('',(#5423));
#1293=EDGE_LOOP('',(#5424));
#1294=EDGE_LOOP('',(#5425));
#1295=EDGE_LOOP('',(#5426));
#1296=EDGE_LOOP('',(#5427));
#1297=EDGE_LOOP('',(#5428));
#1298=EDGE_LOOP('',(#5429));
#1299=EDGE_LOOP('',(#5430));
#1300=EDGE_LOOP('',(#5431));
#1301=EDGE_LOOP('',(#5432));
#1302=EDGE_LOOP('',(#5433));
#1303=EDGE_LOOP('',(#5434));
#1304=EDGE_LOOP('',(#5435));
#1305=EDGE_LOOP('',(#5436));
#1306=EDGE_LOOP('',(#5437));
#1307=EDGE_LOOP('',(#5438));
#1308=EDGE_LOOP('',(#5439));
#1309=EDGE_LOOP('',(#5440));
#1310=EDGE_LOOP('',(#5441));
#1311=EDGE_LOOP('',(#5442));
#1312=EDGE_LOOP('',(#5443));
#1313=EDGE_LOOP('',(#5444));
#1314=EDGE_LOOP('',(#5445));
#1315=EDGE_LOOP('',(#5446));
#1316=EDGE_LOOP('',(#5447));
#1317=EDGE_LOOP('',(#5448));
#1318=EDGE_LOOP('',(#5449));
#1319=EDGE_LOOP('',(#5450));
#1320=EDGE_LOOP('',(#5451));
#1321=EDGE_LOOP('',(#5452));
#1322=EDGE_LOOP('',(#5453));
#1323=EDGE_LOOP('',(#5454));
#1324=EDGE_LOOP('',(#5455));
#1325=EDGE_LOOP('',(#5456));
#1326=EDGE_LOOP('',(#5457));
#1327=EDGE_LOOP('',(#5458));
#1328=EDGE_LOOP('',(#5459));
#1329=EDGE_LOOP('',(#5460));
#1330=EDGE_LOOP('',(#5461));
#1331=EDGE_LOOP('',(#5462));
#1332=EDGE_LOOP('',(#5463));
#1333=EDGE_LOOP('',(#5464));
#1334=EDGE_LOOP('',(#5465));
#1335=EDGE_LOOP('',(#5466));
#1336=EDGE_LOOP('',(#5467));
#1337=EDGE_LOOP('',(#5468));
#1338=EDGE_LOOP('',(#5469));
#1339=EDGE_LOOP('',(#5470));
#1340=EDGE_LOOP('',(#5471));
#1341=EDGE_LOOP('',(#5472));
#1342=EDGE_LOOP('',(#5473));
#1343=EDGE_LOOP('',(#5474));
#1344=EDGE_LOOP('',(#5475));
#1345=EDGE_LOOP('',(#5476));
#1346=EDGE_LOOP('',(#5477));
#1347=EDGE_LOOP('',(#5478));
#1348=EDGE_LOOP('',(#5479));
#1349=EDGE_LOOP('',(#5480));
#1350=EDGE_LOOP('',(#5481));
#1351=EDGE_LOOP('',(#5482));
#1352=EDGE_LOOP('',(#5483));
#1353=EDGE_LOOP('',(#5484));
#1354=EDGE_LOOP('',(#5485,#5486,#5487,#5488));
#1355=EDGE_LOOP('',(#5489,#5490,#5491,#5492));
#1356=EDGE_LOOP('',(#5493,#5494,#5495,#5496));
#1357=EDGE_LOOP('',(#5497,#5498,#5499,#5500));
#1358=EDGE_LOOP('',(#5501,#5502,#5503,#5504));
#1359=EDGE_LOOP('',(#5505,#5506,#5507,#5508));
#1360=EDGE_LOOP('',(#5509,#5510,#5511,#5512));
#1361=EDGE_LOOP('',(#5513,#5514,#5515,#5516,#5517,#5518,#5519,#5520));
#1362=EDGE_LOOP('',(#5521));
#1363=EDGE_LOOP('',(#5522));
#1364=EDGE_LOOP('',(#5523));
#1365=EDGE_LOOP('',(#5524));
#1366=EDGE_LOOP('',(#5525));
#1367=EDGE_LOOP('',(#5526));
#1368=EDGE_LOOP('',(#5527));
#1369=EDGE_LOOP('',(#5528));
#1370=EDGE_LOOP('',(#5529));
#1371=EDGE_LOOP('',(#5530));
#1372=EDGE_LOOP('',(#5531));
#1373=EDGE_LOOP('',(#5532));
#1374=EDGE_LOOP('',(#5533));
#1375=EDGE_LOOP('',(#5534));
#1376=EDGE_LOOP('',(#5535));
#1377=EDGE_LOOP('',(#5536));
#1378=EDGE_LOOP('',(#5537));
#1379=EDGE_LOOP('',(#5538));
#1380=EDGE_LOOP('',(#5539));
#1381=EDGE_LOOP('',(#5540));
#1382=EDGE_LOOP('',(#5541));
#1383=EDGE_LOOP('',(#5542));
#1384=EDGE_LOOP('',(#5543));
#1385=EDGE_LOOP('',(#5544));
#1386=EDGE_LOOP('',(#5545));
#1387=EDGE_LOOP('',(#5546));
#1388=EDGE_LOOP('',(#5547));
#1389=EDGE_LOOP('',(#5548));
#1390=EDGE_LOOP('',(#5549));
#1391=EDGE_LOOP('',(#5550));
#1392=EDGE_LOOP('',(#5551));
#1393=EDGE_LOOP('',(#5552));
#1394=EDGE_LOOP('',(#5553));
#1395=EDGE_LOOP('',(#5554));
#1396=EDGE_LOOP('',(#5555));
#1397=EDGE_LOOP('',(#5556));
#1398=EDGE_LOOP('',(#5557));
#1399=EDGE_LOOP('',(#5558));
#1400=EDGE_LOOP('',(#5559));
#1401=EDGE_LOOP('',(#5560));
#1402=EDGE_LOOP('',(#5561));
#1403=EDGE_LOOP('',(#5562));
#1404=EDGE_LOOP('',(#5563));
#1405=EDGE_LOOP('',(#5564));
#1406=EDGE_LOOP('',(#5565));
#1407=EDGE_LOOP('',(#5566));
#1408=EDGE_LOOP('',(#5567));
#1409=EDGE_LOOP('',(#5568));
#1410=EDGE_LOOP('',(#5569));
#1411=EDGE_LOOP('',(#5570));
#1412=EDGE_LOOP('',(#5571));
#1413=EDGE_LOOP('',(#5572));
#1414=EDGE_LOOP('',(#5573));
#1415=EDGE_LOOP('',(#5574));
#1416=EDGE_LOOP('',(#5575));
#1417=EDGE_LOOP('',(#5576));
#1418=EDGE_LOOP('',(#5577));
#1419=EDGE_LOOP('',(#5578));
#1420=EDGE_LOOP('',(#5579));
#1421=EDGE_LOOP('',(#5580));
#1422=EDGE_LOOP('',(#5581));
#1423=EDGE_LOOP('',(#5582));
#1424=EDGE_LOOP('',(#5583));
#1425=EDGE_LOOP('',(#5584));
#1426=EDGE_LOOP('',(#5585));
#1427=EDGE_LOOP('',(#5586));
#1428=EDGE_LOOP('',(#5587));
#1429=EDGE_LOOP('',(#5588));
#1430=EDGE_LOOP('',(#5589));
#1431=EDGE_LOOP('',(#5590));
#1432=EDGE_LOOP('',(#5591));
#1433=EDGE_LOOP('',(#5592));
#1434=EDGE_LOOP('',(#5593));
#1435=EDGE_LOOP('',(#5594));
#1436=EDGE_LOOP('',(#5595));
#1437=EDGE_LOOP('',(#5596));
#1438=EDGE_LOOP('',(#5597));
#1439=EDGE_LOOP('',(#5598));
#1440=EDGE_LOOP('',(#5599));
#1441=EDGE_LOOP('',(#5600));
#1442=EDGE_LOOP('',(#5601));
#1443=EDGE_LOOP('',(#5602));
#1444=EDGE_LOOP('',(#5603));
#1445=EDGE_LOOP('',(#5604));
#1446=EDGE_LOOP('',(#5605));
#1447=EDGE_LOOP('',(#5606));
#1448=EDGE_LOOP('',(#5607));
#1449=EDGE_LOOP('',(#5608));
#1450=EDGE_LOOP('',(#5609));
#1451=EDGE_LOOP('',(#5610));
#1452=EDGE_LOOP('',(#5611));
#1453=EDGE_LOOP('',(#5612));
#1454=EDGE_LOOP('',(#5613));
#1455=EDGE_LOOP('',(#5614));
#1456=EDGE_LOOP('',(#5615));
#1457=EDGE_LOOP('',(#5616));
#1458=EDGE_LOOP('',(#5617));
#1459=EDGE_LOOP('',(#5618));
#1460=EDGE_LOOP('',(#5619));
#1461=EDGE_LOOP('',(#5620));
#1462=EDGE_LOOP('',(#5621));
#1463=EDGE_LOOP('',(#5622));
#1464=EDGE_LOOP('',(#5623));
#1465=EDGE_LOOP('',(#5624));
#1466=EDGE_LOOP('',(#5625));
#1467=EDGE_LOOP('',(#5626));
#1468=EDGE_LOOP('',(#5627));
#1469=EDGE_LOOP('',(#5628));
#1470=EDGE_LOOP('',(#5629));
#1471=EDGE_LOOP('',(#5630));
#1472=EDGE_LOOP('',(#5631));
#1473=EDGE_LOOP('',(#5632));
#1474=EDGE_LOOP('',(#5633));
#1475=EDGE_LOOP('',(#5634));
#1476=EDGE_LOOP('',(#5635));
#1477=EDGE_LOOP('',(#5636));
#1478=EDGE_LOOP('',(#5637));
#1479=EDGE_LOOP('',(#5638));
#1480=EDGE_LOOP('',(#5639));
#1481=EDGE_LOOP('',(#5640));
#1482=EDGE_LOOP('',(#5641));
#1483=EDGE_LOOP('',(#5642));
#1484=EDGE_LOOP('',(#5643));
#1485=EDGE_LOOP('',(#5644));
#1486=EDGE_LOOP('',(#5645));
#1487=EDGE_LOOP('',(#5646));
#1488=EDGE_LOOP('',(#5647));
#1489=EDGE_LOOP('',(#5648));
#1490=EDGE_LOOP('',(#5649));
#1491=EDGE_LOOP('',(#5650));
#1492=EDGE_LOOP('',(#5651));
#1493=EDGE_LOOP('',(#5652));
#1494=EDGE_LOOP('',(#5653));
#1495=EDGE_LOOP('',(#5654));
#1496=EDGE_LOOP('',(#5655));
#1497=EDGE_LOOP('',(#5656));
#1498=EDGE_LOOP('',(#5657));
#1499=EDGE_LOOP('',(#5658));
#1500=EDGE_LOOP('',(#5659));
#1501=EDGE_LOOP('',(#5660));
#1502=EDGE_LOOP('',(#5661));
#1503=EDGE_LOOP('',(#5662));
#1504=EDGE_LOOP('',(#5663));
#1505=EDGE_LOOP('',(#5664));
#1506=EDGE_LOOP('',(#5665));
#1507=EDGE_LOOP('',(#5666));
#1508=EDGE_LOOP('',(#5667));
#1509=EDGE_LOOP('',(#5668));
#1510=EDGE_LOOP('',(#5669));
#1511=EDGE_LOOP('',(#5670));
#1512=EDGE_LOOP('',(#5671));
#1513=EDGE_LOOP('',(#5672));
#1514=EDGE_LOOP('',(#5673));
#1515=EDGE_LOOP('',(#5674));
#1516=EDGE_LOOP('',(#5675));
#1517=EDGE_LOOP('',(#5676));
#1518=EDGE_LOOP('',(#5677));
#1519=EDGE_LOOP('',(#5678));
#1520=EDGE_LOOP('',(#5679));
#1521=EDGE_LOOP('',(#5680));
#1522=EDGE_LOOP('',(#5681));
#1523=EDGE_LOOP('',(#5682));
#1524=EDGE_LOOP('',(#5683));
#1525=EDGE_LOOP('',(#5684));
#1526=EDGE_LOOP('',(#5685));
#1527=EDGE_LOOP('',(#5686));
#1528=EDGE_LOOP('',(#5687));
#1529=EDGE_LOOP('',(#5688));
#1530=EDGE_LOOP('',(#5689));
#1531=EDGE_LOOP('',(#5690));
#1532=EDGE_LOOP('',(#5691));
#1533=EDGE_LOOP('',(#5692));
#1534=EDGE_LOOP('',(#5693));
#1535=EDGE_LOOP('',(#5694));
#1536=EDGE_LOOP('',(#5695));
#1537=EDGE_LOOP('',(#5696));
#1538=EDGE_LOOP('',(#5697));
#1539=EDGE_LOOP('',(#5698));
#1540=EDGE_LOOP('',(#5699));
#1541=EDGE_LOOP('',(#5700));
#1542=EDGE_LOOP('',(#5701));
#1543=EDGE_LOOP('',(#5702));
#1544=EDGE_LOOP('',(#5703));
#1545=EDGE_LOOP('',(#5704));
#1546=EDGE_LOOP('',(#5705));
#1547=EDGE_LOOP('',(#5706));
#1548=EDGE_LOOP('',(#5707));
#1549=EDGE_LOOP('',(#5708));
#1550=EDGE_LOOP('',(#5709));
#1551=EDGE_LOOP('',(#5710));
#1552=EDGE_LOOP('',(#5711));
#1553=EDGE_LOOP('',(#5712));
#1554=EDGE_LOOP('',(#5713));
#1555=EDGE_LOOP('',(#5714));
#1556=EDGE_LOOP('',(#5715));
#1557=EDGE_LOOP('',(#5716));
#1558=EDGE_LOOP('',(#5717));
#1559=EDGE_LOOP('',(#5718));
#1560=EDGE_LOOP('',(#5719));
#1561=EDGE_LOOP('',(#5720));
#1562=EDGE_LOOP('',(#5721));
#1563=EDGE_LOOP('',(#5722));
#1564=EDGE_LOOP('',(#5723));
#1565=EDGE_LOOP('',(#5724));
#1566=EDGE_LOOP('',(#5725));
#1567=EDGE_LOOP('',(#5726));
#1568=EDGE_LOOP('',(#5727));
#1569=EDGE_LOOP('',(#5728));
#1570=EDGE_LOOP('',(#5729));
#1571=EDGE_LOOP('',(#5730));
#1572=EDGE_LOOP('',(#5731));
#1573=EDGE_LOOP('',(#5732));
#1574=EDGE_LOOP('',(#5733));
#1575=EDGE_LOOP('',(#5734));
#1576=EDGE_LOOP('',(#5735));
#1577=EDGE_LOOP('',(#5736));
#1578=EDGE_LOOP('',(#5737));
#1579=EDGE_LOOP('',(#5738));
#1580=EDGE_LOOP('',(#5739));
#1581=EDGE_LOOP('',(#5740));
#1582=EDGE_LOOP('',(#5741));
#1583=EDGE_LOOP('',(#5742));
#1584=EDGE_LOOP('',(#5743));
#1585=EDGE_LOOP('',(#5744));
#1586=EDGE_LOOP('',(#5745));
#1587=EDGE_LOOP('',(#5746));
#1588=EDGE_LOOP('',(#5747));
#1589=EDGE_LOOP('',(#5748));
#1590=EDGE_LOOP('',(#5749));
#1591=EDGE_LOOP('',(#5750));
#1592=EDGE_LOOP('',(#5751));
#1593=EDGE_LOOP('',(#5752));
#1594=EDGE_LOOP('',(#5753));
#1595=EDGE_LOOP('',(#5754));
#1596=EDGE_LOOP('',(#5755));
#1597=EDGE_LOOP('',(#5756));
#1598=EDGE_LOOP('',(#5757));
#1599=EDGE_LOOP('',(#5758));
#1600=EDGE_LOOP('',(#5759));
#1601=EDGE_LOOP('',(#5760));
#1602=EDGE_LOOP('',(#5761));
#1603=EDGE_LOOP('',(#5762));
#1604=EDGE_LOOP('',(#5763));
#1605=EDGE_LOOP('',(#5764));
#1606=EDGE_LOOP('',(#5765));
#1607=EDGE_LOOP('',(#5766));
#1608=EDGE_LOOP('',(#5767));
#1609=EDGE_LOOP('',(#5768));
#1610=EDGE_LOOP('',(#5769));
#1611=EDGE_LOOP('',(#5770));
#1612=EDGE_LOOP('',(#5771));
#1613=EDGE_LOOP('',(#5772));
#1614=EDGE_LOOP('',(#5773));
#1615=EDGE_LOOP('',(#5774));
#1616=EDGE_LOOP('',(#5775));
#1617=EDGE_LOOP('',(#5776,#5777,#5778,#5779));
#1618=EDGE_LOOP('',(#5780));
#1619=EDGE_LOOP('',(#5781));
#1620=EDGE_LOOP('',(#5782,#5783,#5784,#5785));
#1621=EDGE_LOOP('',(#5786));
#1622=EDGE_LOOP('',(#5787));
#1623=EDGE_LOOP('',(#5788,#5789,#5790,#5791));
#1624=EDGE_LOOP('',(#5792));
#1625=EDGE_LOOP('',(#5793));
#1626=EDGE_LOOP('',(#5794,#5795,#5796,#5797));
#1627=EDGE_LOOP('',(#5798));
#1628=EDGE_LOOP('',(#5799));
#1629=LINE('',#9097,#1932);
#1630=LINE('',#9103,#1933);
#1631=LINE('',#9109,#1934);
#1632=LINE('',#9115,#1935);
#1633=LINE('',#9121,#1936);
#1634=LINE('',#9127,#1937);
#1635=LINE('',#9133,#1938);
#1636=LINE('',#9139,#1939);
#1637=LINE('',#9145,#1940);
#1638=LINE('',#9151,#1941);
#1639=LINE('',#9157,#1942);
#1640=LINE('',#9163,#1943);
#1641=LINE('',#9169,#1944);
#1642=LINE('',#9175,#1945);
#1643=LINE('',#9181,#1946);
#1644=LINE('',#9187,#1947);
#1645=LINE('',#9193,#1948);
#1646=LINE('',#9199,#1949);
#1647=LINE('',#9205,#1950);
#1648=LINE('',#9211,#1951);
#1649=LINE('',#9217,#1952);
#1650=LINE('',#9223,#1953);
#1651=LINE('',#9229,#1954);
#1652=LINE('',#9235,#1955);
#1653=LINE('',#9241,#1956);
#1654=LINE('',#9247,#1957);
#1655=LINE('',#9253,#1958);
#1656=LINE('',#9259,#1959);
#1657=LINE('',#9265,#1960);
#1658=LINE('',#9271,#1961);
#1659=LINE('',#9277,#1962);
#1660=LINE('',#9283,#1963);
#1661=LINE('',#9289,#1964);
#1662=LINE('',#9295,#1965);
#1663=LINE('',#9301,#1966);
#1664=LINE('',#9307,#1967);
#1665=LINE('',#9313,#1968);
#1666=LINE('',#9319,#1969);
#1667=LINE('',#9325,#1970);
#1668=LINE('',#9331,#1971);
#1669=LINE('',#9337,#1972);
#1670=LINE('',#9343,#1973);
#1671=LINE('',#9349,#1974);
#1672=LINE('',#9355,#1975);
#1673=LINE('',#9361,#1976);
#1674=LINE('',#9367,#1977);
#1675=LINE('',#9373,#1978);
#1676=LINE('',#9379,#1979);
#1677=LINE('',#9385,#1980);
#1678=LINE('',#9391,#1981);
#1679=LINE('',#9397,#1982);
#1680=LINE('',#9403,#1983);
#1681=LINE('',#9409,#1984);
#1682=LINE('',#9415,#1985);
#1683=LINE('',#9421,#1986);
#1684=LINE('',#9427,#1987);
#1685=LINE('',#9433,#1988);
#1686=LINE('',#9439,#1989);
#1687=LINE('',#9445,#1990);
#1688=LINE('',#9451,#1991);
#1689=LINE('',#9457,#1992);
#1690=LINE('',#9463,#1993);
#1691=LINE('',#9469,#1994);
#1692=LINE('',#9475,#1995);
#1693=LINE('',#9481,#1996);
#1694=LINE('',#9487,#1997);
#1695=LINE('',#9493,#1998);
#1696=LINE('',#9499,#1999);
#1697=LINE('',#9505,#2000);
#1698=LINE('',#9511,#2001);
#1699=LINE('',#9517,#2002);
#1700=LINE('',#9523,#2003);
#1701=LINE('',#9529,#2004);
#1702=LINE('',#9535,#2005);
#1703=LINE('',#9541,#2006);
#1704=LINE('',#9547,#2007);
#1705=LINE('',#9553,#2008);
#1706=LINE('',#9559,#2009);
#1707=LINE('',#9565,#2010);
#1708=LINE('',#9571,#2011);
#1709=LINE('',#9577,#2012);
#1710=LINE('',#9583,#2013);
#1711=LINE('',#9589,#2014);
#1712=LINE('',#9595,#2015);
#1713=LINE('',#9601,#2016);
#1714=LINE('',#9607,#2017);
#1715=LINE('',#9613,#2018);
#1716=LINE('',#9619,#2019);
#1717=LINE('',#9625,#2020);
#1718=LINE('',#9631,#2021);
#1719=LINE('',#9637,#2022);
#1720=LINE('',#9643,#2023);
#1721=LINE('',#9649,#2024);
#1722=LINE('',#9655,#2025);
#1723=LINE('',#9661,#2026);
#1724=LINE('',#9667,#2027);
#1725=LINE('',#9673,#2028);
#1726=LINE('',#9679,#2029);
#1727=LINE('',#9685,#2030);
#1728=LINE('',#9691,#2031);
#1729=LINE('',#9697,#2032);
#1730=LINE('',#9703,#2033);
#1731=LINE('',#9709,#2034);
#1732=LINE('',#9715,#2035);
#1733=LINE('',#9721,#2036);
#1734=LINE('',#9727,#2037);
#1735=LINE('',#9733,#2038);
#1736=LINE('',#9739,#2039);
#1737=LINE('',#9745,#2040);
#1738=LINE('',#9751,#2041);
#1739=LINE('',#9757,#2042);
#1740=LINE('',#9763,#2043);
#1741=LINE('',#9769,#2044);
#1742=LINE('',#9775,#2045);
#1743=LINE('',#9781,#2046);
#1744=LINE('',#9787,#2047);
#1745=LINE('',#9793,#2048);
#1746=LINE('',#9799,#2049);
#1747=LINE('',#9805,#2050);
#1748=LINE('',#9811,#2051);
#1749=LINE('',#9817,#2052);
#1750=LINE('',#9823,#2053);
#1751=LINE('',#9829,#2054);
#1752=LINE('',#9835,#2055);
#1753=LINE('',#9841,#2056);
#1754=LINE('',#9847,#2057);
#1755=LINE('',#9853,#2058);
#1756=LINE('',#9859,#2059);
#1757=LINE('',#9865,#2060);
#1758=LINE('',#9871,#2061);
#1759=LINE('',#9877,#2062);
#1760=LINE('',#9883,#2063);
#1761=LINE('',#9889,#2064);
#1762=LINE('',#9895,#2065);
#1763=LINE('',#9901,#2066);
#1764=LINE('',#9907,#2067);
#1765=LINE('',#9913,#2068);
#1766=LINE('',#9919,#2069);
#1767=LINE('',#9925,#2070);
#1768=LINE('',#9931,#2071);
#1769=LINE('',#9937,#2072);
#1770=LINE('',#9943,#2073);
#1771=LINE('',#9949,#2074);
#1772=LINE('',#9955,#2075);
#1773=LINE('',#9961,#2076);
#1774=LINE('',#9967,#2077);
#1775=LINE('',#9973,#2078);
#1776=LINE('',#9979,#2079);
#1777=LINE('',#9985,#2080);
#1778=LINE('',#9991,#2081);
#1779=LINE('',#9997,#2082);
#1780=LINE('',#10003,#2083);
#1781=LINE('',#10009,#2084);
#1782=LINE('',#10015,#2085);
#1783=LINE('',#10021,#2086);
#1784=LINE('',#10027,#2087);
#1785=LINE('',#10033,#2088);
#1786=LINE('',#10039,#2089);
#1787=LINE('',#10045,#2090);
#1788=LINE('',#10051,#2091);
#1789=LINE('',#10057,#2092);
#1790=LINE('',#10063,#2093);
#1791=LINE('',#10069,#2094);
#1792=LINE('',#10075,#2095);
#1793=LINE('',#10081,#2096);
#1794=LINE('',#10087,#2097);
#1795=LINE('',#10093,#2098);
#1796=LINE('',#10099,#2099);
#1797=LINE('',#10105,#2100);
#1798=LINE('',#10111,#2101);
#1799=LINE('',#10117,#2102);
#1800=LINE('',#10123,#2103);
#1801=LINE('',#10129,#2104);
#1802=LINE('',#10135,#2105);
#1803=LINE('',#10141,#2106);
#1804=LINE('',#10147,#2107);
#1805=LINE('',#10153,#2108);
#1806=LINE('',#10159,#2109);
#1807=LINE('',#10165,#2110);
#1808=LINE('',#10171,#2111);
#1809=LINE('',#10177,#2112);
#1810=LINE('',#10183,#2113);
#1811=LINE('',#10189,#2114);
#1812=LINE('',#10195,#2115);
#1813=LINE('',#10201,#2116);
#1814=LINE('',#10207,#2117);
#1815=LINE('',#10213,#2118);
#1816=LINE('',#10219,#2119);
#1817=LINE('',#10225,#2120);
#1818=LINE('',#10231,#2121);
#1819=LINE('',#10237,#2122);
#1820=LINE('',#10243,#2123);
#1821=LINE('',#10249,#2124);
#1822=LINE('',#10255,#2125);
#1823=LINE('',#10261,#2126);
#1824=LINE('',#10267,#2127);
#1825=LINE('',#10273,#2128);
#1826=LINE('',#10279,#2129);
#1827=LINE('',#10285,#2130);
#1828=LINE('',#10291,#2131);
#1829=LINE('',#10297,#2132);
#1830=LINE('',#10303,#2133);
#1831=LINE('',#10309,#2134);
#1832=LINE('',#10315,#2135);
#1833=LINE('',#10321,#2136);
#1834=LINE('',#10327,#2137);
#1835=LINE('',#10333,#2138);
#1836=LINE('',#10339,#2139);
#1837=LINE('',#10345,#2140);
#1838=LINE('',#10351,#2141);
#1839=LINE('',#10357,#2142);
#1840=LINE('',#10363,#2143);
#1841=LINE('',#10369,#2144);
#1842=LINE('',#10375,#2145);
#1843=LINE('',#10381,#2146);
#1844=LINE('',#10387,#2147);
#1845=LINE('',#10393,#2148);
#1846=LINE('',#10399,#2149);
#1847=LINE('',#10405,#2150);
#1848=LINE('',#10411,#2151);
#1849=LINE('',#10417,#2152);
#1850=LINE('',#10423,#2153);
#1851=LINE('',#10429,#2154);
#1852=LINE('',#10435,#2155);
#1853=LINE('',#10441,#2156);
#1854=LINE('',#10447,#2157);
#1855=LINE('',#10453,#2158);
#1856=LINE('',#10459,#2159);
#1857=LINE('',#10465,#2160);
#1858=LINE('',#10471,#2161);
#1859=LINE('',#10477,#2162);
#1860=LINE('',#10483,#2163);
#1861=LINE('',#10489,#2164);
#1862=LINE('',#10495,#2165);
#1863=LINE('',#10501,#2166);
#1864=LINE('',#10507,#2167);
#1865=LINE('',#10513,#2168);
#1866=LINE('',#10519,#2169);
#1867=LINE('',#10525,#2170);
#1868=LINE('',#10531,#2171);
#1869=LINE('',#10537,#2172);
#1870=LINE('',#10543,#2173);
#1871=LINE('',#10549,#2174);
#1872=LINE('',#10555,#2175);
#1873=LINE('',#10561,#2176);
#1874=LINE('',#10567,#2177);
#1875=LINE('',#10573,#2178);
#1876=LINE('',#10579,#2179);
#1877=LINE('',#10585,#2180);
#1878=LINE('',#10591,#2181);
#1879=LINE('',#10597,#2182);
#1880=LINE('',#10603,#2183);
#1881=LINE('',#10609,#2184);
#1882=LINE('',#10614,#2185);
#1883=LINE('',#10616,#2186);
#1884=LINE('',#10618,#2187);
#1885=LINE('',#10619,#2188);
#1886=LINE('',#10622,#2189);
#1887=LINE('',#10624,#2190);
#1888=LINE('',#10625,#2191);
#1889=LINE('',#10628,#2192);
#1890=LINE('',#10630,#2193);
#1891=LINE('',#10632,#2194);
#1892=LINE('',#10633,#2195);
#1893=LINE('',#10636,#2196);
#1894=LINE('',#10638,#2197);
#1895=LINE('',#10640,#2198);
#1896=LINE('',#10641,#2199);
#1897=LINE('',#10644,#2200);
#1898=LINE('',#10646,#2201);
#1899=LINE('',#10648,#2202);
#1900=LINE('',#10650,#2203);
#1901=LINE('',#10652,#2204);
#1902=LINE('',#10654,#2205);
#1903=LINE('',#10655,#2206);
#1904=LINE('',#10660,#2207);
#1905=LINE('',#10663,#2208);
#1906=LINE('',#10665,#2209);
#1907=LINE('',#10667,#2210);
#1908=LINE('',#10668,#2211);
#1909=LINE('',#10669,#2212);
#1910=LINE('',#10673,#2213);
#1911=LINE('',#10677,#2214);
#1912=LINE('',#10680,#2215);
#1913=LINE('',#10692,#2216);
#1914=LINE('',#10695,#2217);
#1915=LINE('',#10698,#2218);
#1916=LINE('',#10701,#2219);
#1917=LINE('',#10702,#2220);
#1918=LINE('',#10706,#2221);
#1919=LINE('',#10711,#2222);
#1920=LINE('',#10713,#2223);
#1921=LINE('',#10714,#2224);
#1922=LINE('',#10716,#2225);
#1923=LINE('',#10718,#2226);
#1924=LINE('',#10723,#2227);
#1925=LINE('',#10729,#2228);
#1926=LINE('',#10733,#2229);
#1927=LINE('',#10735,#2230);
#1928=LINE('',#10739,#2231);
#1929=LINE('',#10744,#2232);
#1930=LINE('',#10749,#2233);
#1931=LINE('',#10754,#2234);
#1932=VECTOR('',#7175,3.);
#1933=VECTOR('',#7182,2.99999999999999);
#1934=VECTOR('',#7189,0.750000000000006);
#1935=VECTOR('',#7196,0.750000000000004);
#1936=VECTOR('',#7203,0.749999999999997);
#1937=VECTOR('',#7210,0.750000000000001);
#1938=VECTOR('',#7217,0.749999999999993);
#1939=VECTOR('',#7224,0.749999999999996);
#1940=VECTOR('',#7231,0.749999999999993);
#1941=VECTOR('',#7238,0.749999999999993);
#1942=VECTOR('',#7245,0.749999999999993);
#1943=VECTOR('',#7252,0.749999999999993);
#1944=VECTOR('',#7259,0.749999999999993);
#1945=VECTOR('',#7266,0.750000000000002);
#1946=VECTOR('',#7273,0.749999999999993);
#1947=VECTOR('',#7280,0.750000000000002);
#1948=VECTOR('',#7287,0.749999999999993);
#1949=VECTOR('',#7294,0.749999999999993);
#1950=VECTOR('',#7301,0.749999999999993);
#1951=VECTOR('',#7308,0.749999999999993);
#1952=VECTOR('',#7315,0.750000000000002);
#1953=VECTOR('',#7322,0.749999999999993);
#1954=VECTOR('',#7329,0.750000000000011);
#1955=VECTOR('',#7336,0.749999999999993);
#1956=VECTOR('',#7343,0.749999999999993);
#1957=VECTOR('',#7350,0.749999999999993);
#1958=VECTOR('',#7357,0.749999999999993);
#1959=VECTOR('',#7364,0.750000000000002);
#1960=VECTOR('',#7371,0.750000000000002);
#1961=VECTOR('',#7378,0.749999999999993);
#1962=VECTOR('',#7385,0.749999999999993);
#1963=VECTOR('',#7392,0.750000000000002);
#1964=VECTOR('',#7399,0.749999999999993);
#1965=VECTOR('',#7406,0.750000000000002);
#1966=VECTOR('',#7413,0.749999999999993);
#1967=VECTOR('',#7420,0.750000000000002);
#1968=VECTOR('',#7427,0.750000000000002);
#1969=VECTOR('',#7434,0.750000000000002);
#1970=VECTOR('',#7441,0.750000000000002);
#1971=VECTOR('',#7448,0.749999999999997);
#1972=VECTOR('',#7455,0.750000000000004);
#1973=VECTOR('',#7462,0.749999999999997);
#1974=VECTOR('',#7469,0.750000000000005);
#1975=VECTOR('',#7476,0.750000000000006);
#1976=VECTOR('',#7483,0.749999999999997);
#1977=VECTOR('',#7490,0.750000000000002);
#1978=VECTOR('',#7497,0.749999999999993);
#1979=VECTOR('',#7504,0.750000000000002);
#1980=VECTOR('',#7511,0.750000000000002);
#1981=VECTOR('',#7518,0.749999999999993);
#1982=VECTOR('',#7525,0.749999999999993);
#1983=VECTOR('',#7532,0.749999999999993);
#1984=VECTOR('',#7539,0.749999999999993);
#1985=VECTOR('',#7546,0.749999999999994);
#1986=VECTOR('',#7553,0.750000000000005);
#1987=VECTOR('',#7560,0.750000000000002);
#1988=VECTOR('',#7567,0.749999999999997);
#1989=VECTOR('',#7574,0.750000000000001);
#1990=VECTOR('',#7581,0.749999999999997);
#1991=VECTOR('',#7588,0.750000000000005);
#1992=VECTOR('',#7595,0.75);
#1993=VECTOR('',#7602,0.749999999999992);
#1994=VECTOR('',#7609,0.750000000000002);
#1995=VECTOR('',#7616,0.750000000000005);
#1996=VECTOR('',#7623,0.749999999999995);
#1997=VECTOR('',#7630,0.749999999999995);
#1998=VECTOR('',#7637,0.749999999999993);
#1999=VECTOR('',#7644,0.75);
#2000=VECTOR('',#7651,0.750000000000001);
#2001=VECTOR('',#7658,0.750000000000002);
#2002=VECTOR('',#7665,0.749999999999993);
#2003=VECTOR('',#7672,0.749999999999993);
#2004=VECTOR('',#7679,0.749999999999997);
#2005=VECTOR('',#7686,0.749999999999997);
#2006=VECTOR('',#7693,0.75);
#2007=VECTOR('',#7700,0.749999999999995);
#2008=VECTOR('',#7707,0.749999999999993);
#2009=VECTOR('',#7714,0.749999999999993);
#2010=VECTOR('',#7721,0.749999999999993);
#2011=VECTOR('',#7728,0.749999999999993);
#2012=VECTOR('',#7735,0.749999999999993);
#2013=VECTOR('',#7742,0.750000000000002);
#2014=VECTOR('',#7749,0.750000000000011);
#2015=VECTOR('',#7756,0.749999999999997);
#2016=VECTOR('',#7763,0.750000000000002);
#2017=VECTOR('',#7770,0.749999999999995);
#2018=VECTOR('',#7777,0.750000000000005);
#2019=VECTOR('',#7784,0.75);
#2020=VECTOR('',#7791,0.749999999999995);
#2021=VECTOR('',#7798,0.750000000000001);
#2022=VECTOR('',#7805,0.749999999999997);
#2023=VECTOR('',#7812,0.749999999999997);
#2024=VECTOR('',#7819,0.749999999999993);
#2025=VECTOR('',#7826,0.749999999999993);
#2026=VECTOR('',#7833,0.749999999999993);
#2027=VECTOR('',#7840,0.750000000000002);
#2028=VECTOR('',#7847,0.750000000000002);
#2029=VECTOR('',#7854,0.749999999999993);
#2030=VECTOR('',#7861,0.749999999999993);
#2031=VECTOR('',#7868,0.749999999999993);
#2032=VECTOR('',#7875,0.749999999999993);
#2033=VECTOR('',#7882,0.749999999999993);
#2034=VECTOR('',#7889,0.749999999999993);
#2035=VECTOR('',#7896,0.749999999999993);
#2036=VECTOR('',#7903,0.749999999999993);
#2037=VECTOR('',#7910,0.749999999999993);
#2038=VECTOR('',#7917,0.750000000000011);
#2039=VECTOR('',#7924,0.749999999999993);
#2040=VECTOR('',#7931,0.749999999999993);
#2041=VECTOR('',#7938,0.750000000000002);
#2042=VECTOR('',#7945,0.749999999999993);
#2043=VECTOR('',#7952,0.749999999999993);
#2044=VECTOR('',#7959,0.749999999999993);
#2045=VECTOR('',#7966,0.750000000000002);
#2046=VECTOR('',#7973,0.749999999999993);
#2047=VECTOR('',#7980,0.749999999999993);
#2048=VECTOR('',#7987,0.749999999999993);
#2049=VECTOR('',#7994,0.749999999999993);
#2050=VECTOR('',#8001,0.749999999999993);
#2051=VECTOR('',#8008,0.749999999999993);
#2052=VECTOR('',#8015,0.749999999999993);
#2053=VECTOR('',#8022,0.749999999999992);
#2054=VECTOR('',#8029,0.749999999999994);
#2055=VECTOR('',#8036,0.750000000000005);
#2056=VECTOR('',#8043,0.749999999999996);
#2057=VECTOR('',#8050,0.749999999999997);
#2058=VECTOR('',#8057,0.749999999999995);
#2059=VECTOR('',#8064,0.749999999999997);
#2060=VECTOR('',#8071,0.749999999999996);
#2061=VECTOR('',#8078,0.750000000000005);
#2062=VECTOR('',#8085,0.750000000000004);
#2063=VECTOR('',#8092,0.750000000000002);
#2064=VECTOR('',#8099,0.749999999999997);
#2065=VECTOR('',#8106,0.749999999999993);
#2066=VECTOR('',#8113,0.750000000000011);
#2067=VECTOR('',#8120,0.749999999999993);
#2068=VECTOR('',#8127,0.749999999999993);
#2069=VECTOR('',#8134,0.749999999999993);
#2070=VECTOR('',#8141,0.749999999999993);
#2071=VECTOR('',#8148,0.749999999999993);
#2072=VECTOR('',#8155,0.750000000000011);
#2073=VECTOR('',#8162,0.749999999999993);
#2074=VECTOR('',#8169,0.749999999999993);
#2075=VECTOR('',#8176,0.750000000000002);
#2076=VECTOR('',#8183,0.750000000000011);
#2077=VECTOR('',#8190,0.749999999999997);
#2078=VECTOR('',#8197,0.749999999999993);
#2079=VECTOR('',#8204,0.749999999999993);
#2080=VECTOR('',#8211,0.750000000000002);
#2081=VECTOR('',#8218,0.749999999999993);
#2082=VECTOR('',#8225,0.749999999999993);
#2083=VECTOR('',#8232,0.750000000000011);
#2084=VECTOR('',#8239,0.750000000000002);
#2085=VECTOR('',#8246,0.749999999999993);
#2086=VECTOR('',#8253,0.749999999999993);
#2087=VECTOR('',#8260,0.749999999999993);
#2088=VECTOR('',#8267,0.749999999999993);
#2089=VECTOR('',#8274,0.749999999999993);
#2090=VECTOR('',#8281,0.750000000000011);
#2091=VECTOR('',#8288,0.750000000000002);
#2092=VECTOR('',#8295,0.749999999999993);
#2093=VECTOR('',#8302,0.749999999999993);
#2094=VECTOR('',#8309,0.750000000000002);
#2095=VECTOR('',#8316,0.749999999999993);
#2096=VECTOR('',#8323,0.749999999999993);
#2097=VECTOR('',#8330,0.749999999999994);
#2098=VECTOR('',#8337,0.749999999999993);
#2099=VECTOR('',#8344,0.749999999999996);
#2100=VECTOR('',#8351,0.749999999999992);
#2101=VECTOR('',#8358,0.749999999999993);
#2102=VECTOR('',#8365,0.749999999999996);
#2103=VECTOR('',#8372,0.75);
#2104=VECTOR('',#8379,0.750000000000002);
#2105=VECTOR('',#8386,0.749999999999993);
#2106=VECTOR('',#8393,0.749999999999993);
#2107=VECTOR('',#8400,0.749999999999993);
#2108=VECTOR('',#8407,0.749999999999993);
#2109=VECTOR('',#8414,0.750000000000011);
#2110=VECTOR('',#8421,0.750000000000002);
#2111=VECTOR('',#8428,0.749999999999995);
#2112=VECTOR('',#8435,0.749999999999996);
#2113=VECTOR('',#8442,0.750000000000006);
#2114=VECTOR('',#8449,0.750000000000004);
#2115=VECTOR('',#8456,0.749999999999996);
#2116=VECTOR('',#8463,0.750000000000001);
#2117=VECTOR('',#8470,0.750000000000006);
#2118=VECTOR('',#8477,0.749999999999997);
#2119=VECTOR('',#8484,0.749999999999995);
#2120=VECTOR('',#8491,0.749999999999993);
#2121=VECTOR('',#8498,0.750000000000002);
#2122=VECTOR('',#8505,0.750000000000002);
#2123=VECTOR('',#8512,0.750000000000005);
#2124=VECTOR('',#8519,0.749999999999997);
#2125=VECTOR('',#8526,0.749999999999997);
#2126=VECTOR('',#8533,0.749999999999996);
#2127=VECTOR('',#8540,0.749999999999995);
#2128=VECTOR('',#8547,0.749999999999995);
#2129=VECTOR('',#8554,0.749999999999997);
#2130=VECTOR('',#8561,0.749999999999996);
#2131=VECTOR('',#8568,0.75);
#2132=VECTOR('',#8575,0.749999999999997);
#2133=VECTOR('',#8582,0.749999999999993);
#2134=VECTOR('',#8589,0.749999999999993);
#2135=VECTOR('',#8596,0.750000000000011);
#2136=VECTOR('',#8603,0.749999999999993);
#2137=VECTOR('',#8610,0.749999999999993);
#2138=VECTOR('',#8617,0.750000000000002);
#2139=VECTOR('',#8624,0.750000000000011);
#2140=VECTOR('',#8631,0.749999999999993);
#2141=VECTOR('',#8638,0.750000000000005);
#2142=VECTOR('',#8645,0.749999999999996);
#2143=VECTOR('',#8652,0.750000000000001);
#2144=VECTOR('',#8659,0.749999999999993);
#2145=VECTOR('',#8666,0.749999999999995);
#2146=VECTOR('',#8673,0.75);
#2147=VECTOR('',#8680,0.749999999999995);
#2148=VECTOR('',#8687,0.750000000000002);
#2149=VECTOR('',#8694,0.749999999999993);
#2150=VECTOR('',#8701,0.749999999999993);
#2151=VECTOR('',#8708,0.749999999999993);
#2152=VECTOR('',#8715,0.750000000000002);
#2153=VECTOR('',#8722,0.749999999999993);
#2154=VECTOR('',#8729,0.749999999999993);
#2155=VECTOR('',#8736,0.749999999999993);
#2156=VECTOR('',#8743,0.750000000000002);
#2157=VECTOR('',#8750,0.749999999999993);
#2158=VECTOR('',#8757,0.750000000000002);
#2159=VECTOR('',#8764,0.749999999999993);
#2160=VECTOR('',#8771,0.749999999999993);
#2161=VECTOR('',#8778,0.749999999999993);
#2162=VECTOR('',#8785,0.749999999999993);
#2163=VECTOR('',#8792,0.749999999999993);
#2164=VECTOR('',#8799,0.749999999999993);
#2165=VECTOR('',#8806,0.750000000000011);
#2166=VECTOR('',#8813,0.749999999999993);
#2167=VECTOR('',#8820,0.749999999999993);
#2168=VECTOR('',#8827,0.749999999999993);
#2169=VECTOR('',#8834,0.750000000000011);
#2170=VECTOR('',#8841,0.750000000000011);
#2171=VECTOR('',#8848,0.750000000000011);
#2172=VECTOR('',#8855,0.749999999999993);
#2173=VECTOR('',#8862,0.749999999999993);
#2174=VECTOR('',#8869,0.749999999999993);
#2175=VECTOR('',#8876,0.749999999999993);
#2176=VECTOR('',#8883,0.749999999999993);
#2177=VECTOR('',#8890,0.749999999999993);
#2178=VECTOR('',#8897,0.749999999999995);
#2179=VECTOR('',#8904,0.749999999999997);
#2180=VECTOR('',#8911,0.749999999999995);
#2181=VECTOR('',#8918,0.749999999999993);
#2182=VECTOR('',#8925,0.749999999999996);
#2183=VECTOR('',#8932,0.749999999999996);
#2184=VECTOR('',#8939,0.749999999999997);
#2185=VECTOR('',#8944,10.);
#2186=VECTOR('',#8945,10.);
#2187=VECTOR('',#8946,10.);
#2188=VECTOR('',#8947,10.);
#2189=VECTOR('',#8950,10.);
#2190=VECTOR('',#8951,10.);
#2191=VECTOR('',#8952,10.);
#2192=VECTOR('',#8955,10.);
#2193=VECTOR('',#8956,10.);
#2194=VECTOR('',#8957,10.);
#2195=VECTOR('',#8958,10.);
#2196=VECTOR('',#8961,10.);
#2197=VECTOR('',#8962,10.);
#2198=VECTOR('',#8963,10.);
#2199=VECTOR('',#8964,10.);
#2200=VECTOR('',#8967,10.);
#2201=VECTOR('',#8968,10.);
#2202=VECTOR('',#8969,10.);
#2203=VECTOR('',#8970,10.);
#2204=VECTOR('',#8971,10.);
#2205=VECTOR('',#8972,10.);
#2206=VECTOR('',#8973,10.);
#2207=VECTOR('',#8978,10.);
#2208=VECTOR('',#8983,10.);
#2209=VECTOR('',#8984,10.);
#2210=VECTOR('',#8985,10.);
#2211=VECTOR('',#8986,10.);
#2212=VECTOR('',#8987,10.);
#2213=VECTOR('',#8990,10.);
#2214=VECTOR('',#8993,10.);
#2215=VECTOR('',#8996,10.);
#2216=VECTOR('',#9009,10.);
#2217=VECTOR('',#9012,10.);
#2218=VECTOR('',#9015,10.);
#2219=VECTOR('',#9018,10.);
#2220=VECTOR('',#9019,10.);
#2221=VECTOR('',#9024,10.);
#2222=VECTOR('',#9031,10.);
#2223=VECTOR('',#9032,10.);
#2224=VECTOR('',#9033,10.);
#2225=VECTOR('',#9036,10.);
#2226=VECTOR('',#9039,10.);
#2227=VECTOR('',#9044,3.00000000000001);
#2228=VECTOR('',#9051,2.99999999999999);
#2229=VECTOR('',#9058,10.);
#2230=VECTOR('',#9061,10.);
#2231=VECTOR('',#9066,1.7);
#2232=VECTOR('',#9073,1.7);
#2233=VECTOR('',#9080,1.7);
#2234=VECTOR('',#9087,1.7);
#2235=CIRCLE('',#6361,3.);
#2236=CIRCLE('',#6362,3.);
#2237=CIRCLE('',#6364,2.99999999999999);
#2238=CIRCLE('',#6365,2.99999999999999);
#2239=CIRCLE('',#6367,0.750000000000006);
#2240=CIRCLE('',#6368,0.750000000000006);
#2241=CIRCLE('',#6370,0.750000000000004);
#2242=CIRCLE('',#6371,0.750000000000004);
#2243=CIRCLE('',#6373,0.749999999999997);
#2244=CIRCLE('',#6374,0.749999999999997);
#2245=CIRCLE('',#6376,0.750000000000001);
#2246=CIRCLE('',#6377,0.750000000000001);
#2247=CIRCLE('',#6379,0.749999999999993);
#2248=CIRCLE('',#6380,0.749999999999993);
#2249=CIRCLE('',#6382,0.749999999999996);
#2250=CIRCLE('',#6383,0.749999999999996);
#2251=CIRCLE('',#6385,0.749999999999993);
#2252=CIRCLE('',#6386,0.749999999999993);
#2253=CIRCLE('',#6388,0.749999999999993);
#2254=CIRCLE('',#6389,0.749999999999993);
#2255=CIRCLE('',#6391,0.749999999999993);
#2256=CIRCLE('',#6392,0.749999999999993);
#2257=CIRCLE('',#6394,0.749999999999993);
#2258=CIRCLE('',#6395,0.749999999999993);
#2259=CIRCLE('',#6397,0.749999999999993);
#2260=CIRCLE('',#6398,0.749999999999993);
#2261=CIRCLE('',#6400,0.750000000000002);
#2262=CIRCLE('',#6401,0.750000000000002);
#2263=CIRCLE('',#6403,0.749999999999993);
#2264=CIRCLE('',#6404,0.749999999999993);
#2265=CIRCLE('',#6406,0.750000000000002);
#2266=CIRCLE('',#6407,0.750000000000002);
#2267=CIRCLE('',#6409,0.749999999999993);
#2268=CIRCLE('',#6410,0.749999999999993);
#2269=CIRCLE('',#6412,0.749999999999993);
#2270=CIRCLE('',#6413,0.749999999999993);
#2271=CIRCLE('',#6415,0.749999999999993);
#2272=CIRCLE('',#6416,0.749999999999993);
#2273=CIRCLE('',#6418,0.749999999999993);
#2274=CIRCLE('',#6419,0.749999999999993);
#2275=CIRCLE('',#6421,0.750000000000002);
#2276=CIRCLE('',#6422,0.750000000000002);
#2277=CIRCLE('',#6424,0.749999999999993);
#2278=CIRCLE('',#6425,0.749999999999993);
#2279=CIRCLE('',#6427,0.750000000000011);
#2280=CIRCLE('',#6428,0.750000000000011);
#2281=CIRCLE('',#6430,0.749999999999993);
#2282=CIRCLE('',#6431,0.749999999999993);
#2283=CIRCLE('',#6433,0.749999999999993);
#2284=CIRCLE('',#6434,0.749999999999993);
#2285=CIRCLE('',#6436,0.749999999999993);
#2286=CIRCLE('',#6437,0.749999999999993);
#2287=CIRCLE('',#6439,0.749999999999993);
#2288=CIRCLE('',#6440,0.749999999999993);
#2289=CIRCLE('',#6442,0.750000000000002);
#2290=CIRCLE('',#6443,0.750000000000002);
#2291=CIRCLE('',#6445,0.750000000000002);
#2292=CIRCLE('',#6446,0.750000000000002);
#2293=CIRCLE('',#6448,0.749999999999993);
#2294=CIRCLE('',#6449,0.749999999999993);
#2295=CIRCLE('',#6451,0.749999999999993);
#2296=CIRCLE('',#6452,0.749999999999993);
#2297=CIRCLE('',#6454,0.750000000000002);
#2298=CIRCLE('',#6455,0.750000000000002);
#2299=CIRCLE('',#6457,0.749999999999993);
#2300=CIRCLE('',#6458,0.749999999999993);
#2301=CIRCLE('',#6460,0.750000000000002);
#2302=CIRCLE('',#6461,0.750000000000002);
#2303=CIRCLE('',#6463,0.749999999999993);
#2304=CIRCLE('',#6464,0.749999999999993);
#2305=CIRCLE('',#6466,0.750000000000002);
#2306=CIRCLE('',#6467,0.750000000000002);
#2307=CIRCLE('',#6469,0.750000000000002);
#2308=CIRCLE('',#6470,0.750000000000002);
#2309=CIRCLE('',#6472,0.750000000000002);
#2310=CIRCLE('',#6473,0.750000000000002);
#2311=CIRCLE('',#6475,0.750000000000002);
#2312=CIRCLE('',#6476,0.750000000000002);
#2313=CIRCLE('',#6478,0.749999999999997);
#2314=CIRCLE('',#6479,0.749999999999997);
#2315=CIRCLE('',#6481,0.750000000000004);
#2316=CIRCLE('',#6482,0.750000000000004);
#2317=CIRCLE('',#6484,0.749999999999997);
#2318=CIRCLE('',#6485,0.749999999999997);
#2319=CIRCLE('',#6487,0.750000000000005);
#2320=CIRCLE('',#6488,0.750000000000005);
#2321=CIRCLE('',#6490,0.750000000000006);
#2322=CIRCLE('',#6491,0.750000000000006);
#2323=CIRCLE('',#6493,0.749999999999997);
#2324=CIRCLE('',#6494,0.749999999999997);
#2325=CIRCLE('',#6496,0.750000000000002);
#2326=CIRCLE('',#6497,0.750000000000002);
#2327=CIRCLE('',#6499,0.749999999999993);
#2328=CIRCLE('',#6500,0.749999999999993);
#2329=CIRCLE('',#6502,0.750000000000002);
#2330=CIRCLE('',#6503,0.750000000000002);
#2331=CIRCLE('',#6505,0.750000000000002);
#2332=CIRCLE('',#6506,0.750000000000002);
#2333=CIRCLE('',#6508,0.749999999999993);
#2334=CIRCLE('',#6509,0.749999999999993);
#2335=CIRCLE('',#6511,0.749999999999993);
#2336=CIRCLE('',#6512,0.749999999999993);
#2337=CIRCLE('',#6514,0.749999999999993);
#2338=CIRCLE('',#6515,0.749999999999993);
#2339=CIRCLE('',#6517,0.749999999999993);
#2340=CIRCLE('',#6518,0.749999999999993);
#2341=CIRCLE('',#6520,0.749999999999994);
#2342=CIRCLE('',#6521,0.749999999999994);
#2343=CIRCLE('',#6523,0.750000000000005);
#2344=CIRCLE('',#6524,0.750000000000005);
#2345=CIRCLE('',#6526,0.750000000000002);
#2346=CIRCLE('',#6527,0.750000000000002);
#2347=CIRCLE('',#6529,0.749999999999997);
#2348=CIRCLE('',#6530,0.749999999999997);
#2349=CIRCLE('',#6532,0.750000000000001);
#2350=CIRCLE('',#6533,0.750000000000001);
#2351=CIRCLE('',#6535,0.749999999999997);
#2352=CIRCLE('',#6536,0.749999999999997);
#2353=CIRCLE('',#6538,0.750000000000005);
#2354=CIRCLE('',#6539,0.750000000000005);
#2355=CIRCLE('',#6541,0.75);
#2356=CIRCLE('',#6542,0.75);
#2357=CIRCLE('',#6544,0.749999999999992);
#2358=CIRCLE('',#6545,0.749999999999992);
#2359=CIRCLE('',#6547,0.750000000000002);
#2360=CIRCLE('',#6548,0.750000000000002);
#2361=CIRCLE('',#6550,0.750000000000005);
#2362=CIRCLE('',#6551,0.750000000000005);
#2363=CIRCLE('',#6553,0.749999999999995);
#2364=CIRCLE('',#6554,0.749999999999995);
#2365=CIRCLE('',#6556,0.749999999999995);
#2366=CIRCLE('',#6557,0.749999999999995);
#2367=CIRCLE('',#6559,0.749999999999993);
#2368=CIRCLE('',#6560,0.749999999999993);
#2369=CIRCLE('',#6562,0.75);
#2370=CIRCLE('',#6563,0.75);
#2371=CIRCLE('',#6565,0.750000000000001);
#2372=CIRCLE('',#6566,0.750000000000001);
#2373=CIRCLE('',#6568,0.750000000000002);
#2374=CIRCLE('',#6569,0.750000000000002);
#2375=CIRCLE('',#6571,0.749999999999993);
#2376=CIRCLE('',#6572,0.749999999999993);
#2377=CIRCLE('',#6574,0.749999999999993);
#2378=CIRCLE('',#6575,0.749999999999993);
#2379=CIRCLE('',#6577,0.749999999999997);
#2380=CIRCLE('',#6578,0.749999999999997);
#2381=CIRCLE('',#6580,0.749999999999997);
#2382=CIRCLE('',#6581,0.749999999999997);
#2383=CIRCLE('',#6583,0.75);
#2384=CIRCLE('',#6584,0.75);
#2385=CIRCLE('',#6586,0.749999999999995);
#2386=CIRCLE('',#6587,0.749999999999995);
#2387=CIRCLE('',#6589,0.749999999999993);
#2388=CIRCLE('',#6590,0.749999999999993);
#2389=CIRCLE('',#6592,0.749999999999993);
#2390=CIRCLE('',#6593,0.749999999999993);
#2391=CIRCLE('',#6595,0.749999999999993);
#2392=CIRCLE('',#6596,0.749999999999993);
#2393=CIRCLE('',#6598,0.749999999999993);
#2394=CIRCLE('',#6599,0.749999999999993);
#2395=CIRCLE('',#6601,0.749999999999993);
#2396=CIRCLE('',#6602,0.749999999999993);
#2397=CIRCLE('',#6604,0.750000000000002);
#2398=CIRCLE('',#6605,0.750000000000002);
#2399=CIRCLE('',#6607,0.750000000000011);
#2400=CIRCLE('',#6608,0.750000000000011);
#2401=CIRCLE('',#6610,0.749999999999997);
#2402=CIRCLE('',#6611,0.749999999999997);
#2403=CIRCLE('',#6613,0.750000000000002);
#2404=CIRCLE('',#6614,0.750000000000002);
#2405=CIRCLE('',#6616,0.749999999999995);
#2406=CIRCLE('',#6617,0.749999999999995);
#2407=CIRCLE('',#6619,0.750000000000005);
#2408=CIRCLE('',#6620,0.750000000000005);
#2409=CIRCLE('',#6622,0.75);
#2410=CIRCLE('',#6623,0.75);
#2411=CIRCLE('',#6625,0.749999999999995);
#2412=CIRCLE('',#6626,0.749999999999995);
#2413=CIRCLE('',#6628,0.750000000000001);
#2414=CIRCLE('',#6629,0.750000000000001);
#2415=CIRCLE('',#6631,0.749999999999997);
#2416=CIRCLE('',#6632,0.749999999999997);
#2417=CIRCLE('',#6634,0.749999999999997);
#2418=CIRCLE('',#6635,0.749999999999997);
#2419=CIRCLE('',#6637,0.749999999999993);
#2420=CIRCLE('',#6638,0.749999999999993);
#2421=CIRCLE('',#6640,0.749999999999993);
#2422=CIRCLE('',#6641,0.749999999999993);
#2423=CIRCLE('',#6643,0.749999999999993);
#2424=CIRCLE('',#6644,0.749999999999993);
#2425=CIRCLE('',#6646,0.750000000000002);
#2426=CIRCLE('',#6647,0.750000000000002);
#2427=CIRCLE('',#6649,0.750000000000002);
#2428=CIRCLE('',#6650,0.750000000000002);
#2429=CIRCLE('',#6652,0.749999999999993);
#2430=CIRCLE('',#6653,0.749999999999993);
#2431=CIRCLE('',#6655,0.749999999999993);
#2432=CIRCLE('',#6656,0.749999999999993);
#2433=CIRCLE('',#6658,0.749999999999993);
#2434=CIRCLE('',#6659,0.749999999999993);
#2435=CIRCLE('',#6661,0.749999999999993);
#2436=CIRCLE('',#6662,0.749999999999993);
#2437=CIRCLE('',#6664,0.749999999999993);
#2438=CIRCLE('',#6665,0.749999999999993);
#2439=CIRCLE('',#6667,0.749999999999993);
#2440=CIRCLE('',#6668,0.749999999999993);
#2441=CIRCLE('',#6670,0.749999999999993);
#2442=CIRCLE('',#6671,0.749999999999993);
#2443=CIRCLE('',#6673,0.749999999999993);
#2444=CIRCLE('',#6674,0.749999999999993);
#2445=CIRCLE('',#6676,0.749999999999993);
#2446=CIRCLE('',#6677,0.749999999999993);
#2447=CIRCLE('',#6679,0.750000000000011);
#2448=CIRCLE('',#6680,0.750000000000011);
#2449=CIRCLE('',#6682,0.749999999999993);
#2450=CIRCLE('',#6683,0.749999999999993);
#2451=CIRCLE('',#6685,0.749999999999993);
#2452=CIRCLE('',#6686,0.749999999999993);
#2453=CIRCLE('',#6688,0.750000000000002);
#2454=CIRCLE('',#6689,0.750000000000002);
#2455=CIRCLE('',#6691,0.749999999999993);
#2456=CIRCLE('',#6692,0.749999999999993);
#2457=CIRCLE('',#6694,0.749999999999993);
#2458=CIRCLE('',#6695,0.749999999999993);
#2459=CIRCLE('',#6697,0.749999999999993);
#2460=CIRCLE('',#6698,0.749999999999993);
#2461=CIRCLE('',#6700,0.750000000000002);
#2462=CIRCLE('',#6701,0.750000000000002);
#2463=CIRCLE('',#6703,0.749999999999993);
#2464=CIRCLE('',#6704,0.749999999999993);
#2465=CIRCLE('',#6706,0.749999999999993);
#2466=CIRCLE('',#6707,0.749999999999993);
#2467=CIRCLE('',#6709,0.749999999999993);
#2468=CIRCLE('',#6710,0.749999999999993);
#2469=CIRCLE('',#6712,0.749999999999993);
#2470=CIRCLE('',#6713,0.749999999999993);
#2471=CIRCLE('',#6715,0.749999999999993);
#2472=CIRCLE('',#6716,0.749999999999993);
#2473=CIRCLE('',#6718,0.749999999999993);
#2474=CIRCLE('',#6719,0.749999999999993);
#2475=CIRCLE('',#6721,0.749999999999993);
#2476=CIRCLE('',#6722,0.749999999999993);
#2477=CIRCLE('',#6724,0.749999999999992);
#2478=CIRCLE('',#6725,0.749999999999992);
#2479=CIRCLE('',#6727,0.749999999999994);
#2480=CIRCLE('',#6728,0.749999999999994);
#2481=CIRCLE('',#6730,0.750000000000005);
#2482=CIRCLE('',#6731,0.750000000000005);
#2483=CIRCLE('',#6733,0.749999999999996);
#2484=CIRCLE('',#6734,0.749999999999996);
#2485=CIRCLE('',#6736,0.749999999999997);
#2486=CIRCLE('',#6737,0.749999999999997);
#2487=CIRCLE('',#6739,0.749999999999995);
#2488=CIRCLE('',#6740,0.749999999999995);
#2489=CIRCLE('',#6742,0.749999999999997);
#2490=CIRCLE('',#6743,0.749999999999997);
#2491=CIRCLE('',#6745,0.749999999999996);
#2492=CIRCLE('',#6746,0.749999999999996);
#2493=CIRCLE('',#6748,0.750000000000005);
#2494=CIRCLE('',#6749,0.750000000000005);
#2495=CIRCLE('',#6751,0.750000000000004);
#2496=CIRCLE('',#6752,0.750000000000004);
#2497=CIRCLE('',#6754,0.750000000000002);
#2498=CIRCLE('',#6755,0.750000000000002);
#2499=CIRCLE('',#6757,0.749999999999997);
#2500=CIRCLE('',#6758,0.749999999999997);
#2501=CIRCLE('',#6760,0.749999999999993);
#2502=CIRCLE('',#6761,0.749999999999993);
#2503=CIRCLE('',#6763,0.750000000000011);
#2504=CIRCLE('',#6764,0.750000000000011);
#2505=CIRCLE('',#6766,0.749999999999993);
#2506=CIRCLE('',#6767,0.749999999999993);
#2507=CIRCLE('',#6769,0.749999999999993);
#2508=CIRCLE('',#6770,0.749999999999993);
#2509=CIRCLE('',#6772,0.749999999999993);
#2510=CIRCLE('',#6773,0.749999999999993);
#2511=CIRCLE('',#6775,0.749999999999993);
#2512=CIRCLE('',#6776,0.749999999999993);
#2513=CIRCLE('',#6778,0.749999999999993);
#2514=CIRCLE('',#6779,0.749999999999993);
#2515=CIRCLE('',#6781,0.750000000000011);
#2516=CIRCLE('',#6782,0.750000000000011);
#2517=CIRCLE('',#6784,0.749999999999993);
#2518=CIRCLE('',#6785,0.749999999999993);
#2519=CIRCLE('',#6787,0.749999999999993);
#2520=CIRCLE('',#6788,0.749999999999993);
#2521=CIRCLE('',#6790,0.750000000000002);
#2522=CIRCLE('',#6791,0.750000000000002);
#2523=CIRCLE('',#6793,0.750000000000011);
#2524=CIRCLE('',#6794,0.750000000000011);
#2525=CIRCLE('',#6796,0.749999999999997);
#2526=CIRCLE('',#6797,0.749999999999997);
#2527=CIRCLE('',#6799,0.749999999999993);
#2528=CIRCLE('',#6800,0.749999999999993);
#2529=CIRCLE('',#6802,0.749999999999993);
#2530=CIRCLE('',#6803,0.749999999999993);
#2531=CIRCLE('',#6805,0.750000000000002);
#2532=CIRCLE('',#6806,0.750000000000002);
#2533=CIRCLE('',#6808,0.749999999999993);
#2534=CIRCLE('',#6809,0.749999999999993);
#2535=CIRCLE('',#6811,0.749999999999993);
#2536=CIRCLE('',#6812,0.749999999999993);
#2537=CIRCLE('',#6814,0.750000000000011);
#2538=CIRCLE('',#6815,0.750000000000011);
#2539=CIRCLE('',#6817,0.750000000000002);
#2540=CIRCLE('',#6818,0.750000000000002);
#2541=CIRCLE('',#6820,0.749999999999993);
#2542=CIRCLE('',#6821,0.749999999999993);
#2543=CIRCLE('',#6823,0.749999999999993);
#2544=CIRCLE('',#6824,0.749999999999993);
#2545=CIRCLE('',#6826,0.749999999999993);
#2546=CIRCLE('',#6827,0.749999999999993);
#2547=CIRCLE('',#6829,0.749999999999993);
#2548=CIRCLE('',#6830,0.749999999999993);
#2549=CIRCLE('',#6832,0.749999999999993);
#2550=CIRCLE('',#6833,0.749999999999993);
#2551=CIRCLE('',#6835,0.750000000000011);
#2552=CIRCLE('',#6836,0.750000000000011);
#2553=CIRCLE('',#6838,0.750000000000002);
#2554=CIRCLE('',#6839,0.750000000000002);
#2555=CIRCLE('',#6841,0.749999999999993);
#2556=CIRCLE('',#6842,0.749999999999993);
#2557=CIRCLE('',#6844,0.749999999999993);
#2558=CIRCLE('',#6845,0.749999999999993);
#2559=CIRCLE('',#6847,0.750000000000002);
#2560=CIRCLE('',#6848,0.750000000000002);
#2561=CIRCLE('',#6850,0.749999999999993);
#2562=CIRCLE('',#6851,0.749999999999993);
#2563=CIRCLE('',#6853,0.749999999999993);
#2564=CIRCLE('',#6854,0.749999999999993);
#2565=CIRCLE('',#6856,0.749999999999994);
#2566=CIRCLE('',#6857,0.749999999999994);
#2567=CIRCLE('',#6859,0.749999999999993);
#2568=CIRCLE('',#6860,0.749999999999993);
#2569=CIRCLE('',#6862,0.749999999999996);
#2570=CIRCLE('',#6863,0.749999999999996);
#2571=CIRCLE('',#6865,0.749999999999992);
#2572=CIRCLE('',#6866,0.749999999999992);
#2573=CIRCLE('',#6868,0.749999999999993);
#2574=CIRCLE('',#6869,0.749999999999993);
#2575=CIRCLE('',#6871,0.749999999999996);
#2576=CIRCLE('',#6872,0.749999999999996);
#2577=CIRCLE('',#6874,0.75);
#2578=CIRCLE('',#6875,0.75);
#2579=CIRCLE('',#6877,0.750000000000002);
#2580=CIRCLE('',#6878,0.750000000000002);
#2581=CIRCLE('',#6880,0.749999999999993);
#2582=CIRCLE('',#6881,0.749999999999993);
#2583=CIRCLE('',#6883,0.749999999999993);
#2584=CIRCLE('',#6884,0.749999999999993);
#2585=CIRCLE('',#6886,0.749999999999993);
#2586=CIRCLE('',#6887,0.749999999999993);
#2587=CIRCLE('',#6889,0.749999999999993);
#2588=CIRCLE('',#6890,0.749999999999993);
#2589=CIRCLE('',#6892,0.750000000000011);
#2590=CIRCLE('',#6893,0.750000000000011);
#2591=CIRCLE('',#6895,0.750000000000002);
#2592=CIRCLE('',#6896,0.750000000000002);
#2593=CIRCLE('',#6898,0.749999999999995);
#2594=CIRCLE('',#6899,0.749999999999995);
#2595=CIRCLE('',#6901,0.749999999999996);
#2596=CIRCLE('',#6902,0.749999999999996);
#2597=CIRCLE('',#6904,0.750000000000006);
#2598=CIRCLE('',#6905,0.750000000000006);
#2599=CIRCLE('',#6907,0.750000000000004);
#2600=CIRCLE('',#6908,0.750000000000004);
#2601=CIRCLE('',#6910,0.749999999999996);
#2602=CIRCLE('',#6911,0.749999999999996);
#2603=CIRCLE('',#6913,0.750000000000001);
#2604=CIRCLE('',#6914,0.750000000000001);
#2605=CIRCLE('',#6916,0.750000000000006);
#2606=CIRCLE('',#6917,0.750000000000006);
#2607=CIRCLE('',#6919,0.749999999999997);
#2608=CIRCLE('',#6920,0.749999999999997);
#2609=CIRCLE('',#6922,0.749999999999995);
#2610=CIRCLE('',#6923,0.749999999999995);
#2611=CIRCLE('',#6925,0.749999999999993);
#2612=CIRCLE('',#6926,0.749999999999993);
#2613=CIRCLE('',#6928,0.750000000000002);
#2614=CIRCLE('',#6929,0.750000000000002);
#2615=CIRCLE('',#6931,0.750000000000002);
#2616=CIRCLE('',#6932,0.750000000000002);
#2617=CIRCLE('',#6934,0.750000000000005);
#2618=CIRCLE('',#6935,0.750000000000005);
#2619=CIRCLE('',#6937,0.749999999999997);
#2620=CIRCLE('',#6938,0.749999999999997);
#2621=CIRCLE('',#6940,0.749999999999997);
#2622=CIRCLE('',#6941,0.749999999999997);
#2623=CIRCLE('',#6943,0.749999999999996);
#2624=CIRCLE('',#6944,0.749999999999996);
#2625=CIRCLE('',#6946,0.749999999999995);
#2626=CIRCLE('',#6947,0.749999999999995);
#2627=CIRCLE('',#6949,0.749999999999995);
#2628=CIRCLE('',#6950,0.749999999999995);
#2629=CIRCLE('',#6952,0.749999999999997);
#2630=CIRCLE('',#6953,0.749999999999997);
#2631=CIRCLE('',#6955,0.749999999999996);
#2632=CIRCLE('',#6956,0.749999999999996);
#2633=CIRCLE('',#6958,0.75);
#2634=CIRCLE('',#6959,0.75);
#2635=CIRCLE('',#6961,0.749999999999997);
#2636=CIRCLE('',#6962,0.749999999999997);
#2637=CIRCLE('',#6964,0.749999999999993);
#2638=CIRCLE('',#6965,0.749999999999993);
#2639=CIRCLE('',#6967,0.749999999999993);
#2640=CIRCLE('',#6968,0.749999999999993);
#2641=CIRCLE('',#6970,0.750000000000011);
#2642=CIRCLE('',#6971,0.750000000000011);
#2643=CIRCLE('',#6973,0.749999999999993);
#2644=CIRCLE('',#6974,0.749999999999993);
#2645=CIRCLE('',#6976,0.749999999999993);
#2646=CIRCLE('',#6977,0.749999999999993);
#2647=CIRCLE('',#6979,0.750000000000002);
#2648=CIRCLE('',#6980,0.750000000000002);
#2649=CIRCLE('',#6982,0.750000000000011);
#2650=CIRCLE('',#6983,0.750000000000011);
#2651=CIRCLE('',#6985,0.749999999999993);
#2652=CIRCLE('',#6986,0.749999999999993);
#2653=CIRCLE('',#6988,0.750000000000005);
#2654=CIRCLE('',#6989,0.750000000000005);
#2655=CIRCLE('',#6991,0.749999999999996);
#2656=CIRCLE('',#6992,0.749999999999996);
#2657=CIRCLE('',#6994,0.750000000000001);
#2658=CIRCLE('',#6995,0.750000000000001);
#2659=CIRCLE('',#6997,0.749999999999993);
#2660=CIRCLE('',#6998,0.749999999999993);
#2661=CIRCLE('',#7000,0.749999999999995);
#2662=CIRCLE('',#7001,0.749999999999995);
#2663=CIRCLE('',#7003,0.75);
#2664=CIRCLE('',#7004,0.75);
#2665=CIRCLE('',#7006,0.749999999999995);
#2666=CIRCLE('',#7007,0.749999999999995);
#2667=CIRCLE('',#7009,0.750000000000002);
#2668=CIRCLE('',#7010,0.750000000000002);
#2669=CIRCLE('',#7012,0.749999999999993);
#2670=CIRCLE('',#7013,0.749999999999993);
#2671=CIRCLE('',#7015,0.749999999999993);
#2672=CIRCLE('',#7016,0.749999999999993);
#2673=CIRCLE('',#7018,0.749999999999993);
#2674=CIRCLE('',#7019,0.749999999999993);
#2675=CIRCLE('',#7021,0.750000000000002);
#2676=CIRCLE('',#7022,0.750000000000002);
#2677=CIRCLE('',#7024,0.749999999999993);
#2678=CIRCLE('',#7025,0.749999999999993);
#2679=CIRCLE('',#7027,0.749999999999993);
#2680=CIRCLE('',#7028,0.749999999999993);
#2681=CIRCLE('',#7030,0.749999999999993);
#2682=CIRCLE('',#7031,0.749999999999993);
#2683=CIRCLE('',#7033,0.750000000000002);
#2684=CIRCLE('',#7034,0.750000000000002);
#2685=CIRCLE('',#7036,0.749999999999993);
#2686=CIRCLE('',#7037,0.749999999999993);
#2687=CIRCLE('',#7039,0.750000000000002);
#2688=CIRCLE('',#7040,0.750000000000002);
#2689=CIRCLE('',#7042,0.749999999999993);
#2690=CIRCLE('',#7043,0.749999999999993);
#2691=CIRCLE('',#7045,0.749999999999993);
#2692=CIRCLE('',#7046,0.749999999999993);
#2693=CIRCLE('',#7048,0.749999999999993);
#2694=CIRCLE('',#7049,0.749999999999993);
#2695=CIRCLE('',#7051,0.749999999999993);
#2696=CIRCLE('',#7052,0.749999999999993);
#2697=CIRCLE('',#7054,0.749999999999993);
#2698=CIRCLE('',#7055,0.749999999999993);
#2699=CIRCLE('',#7057,0.749999999999993);
#2700=CIRCLE('',#7058,0.749999999999993);
#2701=CIRCLE('',#7060,0.750000000000011);
#2702=CIRCLE('',#7061,0.750000000000011);
#2703=CIRCLE('',#7063,0.749999999999993);
#2704=CIRCLE('',#7064,0.749999999999993);
#2705=CIRCLE('',#7066,0.749999999999993);
#2706=CIRCLE('',#7067,0.749999999999993);
#2707=CIRCLE('',#7069,0.749999999999993);
#2708=CIRCLE('',#7070,0.749999999999993);
#2709=CIRCLE('',#7072,0.750000000000011);
#2710=CIRCLE('',#7073,0.750000000000011);
#2711=CIRCLE('',#7075,0.750000000000011);
#2712=CIRCLE('',#7076,0.750000000000011);
#2713=CIRCLE('',#7078,0.750000000000011);
#2714=CIRCLE('',#7079,0.750000000000011);
#2715=CIRCLE('',#7081,0.749999999999993);
#2716=CIRCLE('',#7082,0.749999999999993);
#2717=CIRCLE('',#7084,0.749999999999993);
#2718=CIRCLE('',#7085,0.749999999999993);
#2719=CIRCLE('',#7087,0.749999999999993);
#2720=CIRCLE('',#7088,0.749999999999993);
#2721=CIRCLE('',#7090,0.749999999999993);
#2722=CIRCLE('',#7091,0.749999999999993);
#2723=CIRCLE('',#7093,0.749999999999993);
#2724=CIRCLE('',#7094,0.749999999999993);
#2725=CIRCLE('',#7096,0.749999999999993);
#2726=CIRCLE('',#7097,0.749999999999993);
#2727=CIRCLE('',#7099,0.749999999999995);
#2728=CIRCLE('',#7100,0.749999999999995);
#2729=CIRCLE('',#7102,0.749999999999997);
#2730=CIRCLE('',#7103,0.749999999999997);
#2731=CIRCLE('',#7105,0.749999999999995);
#2732=CIRCLE('',#7106,0.749999999999995);
#2733=CIRCLE('',#7108,0.749999999999993);
#2734=CIRCLE('',#7109,0.749999999999993);
#2735=CIRCLE('',#7111,0.749999999999996);
#2736=CIRCLE('',#7112,0.749999999999996);
#2737=CIRCLE('',#7114,0.749999999999996);
#2738=CIRCLE('',#7115,0.749999999999996);
#2739=CIRCLE('',#7117,0.749999999999997);
#2740=CIRCLE('',#7118,0.749999999999997);
#2741=CIRCLE('',#7125,5.);
#2742=CIRCLE('',#7126,5.);
#2743=CIRCLE('',#7128,5.);
#2744=CIRCLE('',#7129,5.);
#2745=CIRCLE('',#7130,5.);
#2746=CIRCLE('',#7131,1.7);
#2747=CIRCLE('',#7132,1.7);
#2748=CIRCLE('',#7133,1.7);
#2749=CIRCLE('',#7134,1.7);
#2750=CIRCLE('',#7136,5.);
#2751=CIRCLE('',#7138,5.);
#2752=CIRCLE('',#7141,5.);
#2753=CIRCLE('',#7148,3.00000000000001);
#2754=CIRCLE('',#7149,3.00000000000001);
#2755=CIRCLE('',#7151,2.99999999999999);
#2756=CIRCLE('',#7152,2.99999999999999);
#2757=CIRCLE('',#7158,1.7);
#2758=CIRCLE('',#7161,1.7);
#2759=CIRCLE('',#7164,1.7);
#2760=CIRCLE('',#7167,1.7);
#2761=VERTEX_POINT('',#9094);
#2762=VERTEX_POINT('',#9096);
#2763=VERTEX_POINT('',#9100);
#2764=VERTEX_POINT('',#9102);
#2765=VERTEX_POINT('',#9106);
#2766=VERTEX_POINT('',#9108);
#2767=VERTEX_POINT('',#9112);
#2768=VERTEX_POINT('',#9114);
#2769=VERTEX_POINT('',#9118);
#2770=VERTEX_POINT('',#9120);
#2771=VERTEX_POINT('',#9124);
#2772=VERTEX_POINT('',#9126);
#2773=VERTEX_POINT('',#9130);
#2774=VERTEX_POINT('',#9132);
#2775=VERTEX_POINT('',#9136);
#2776=VERTEX_POINT('',#9138);
#2777=VERTEX_POINT('',#9142);
#2778=VERTEX_POINT('',#9144);
#2779=VERTEX_POINT('',#9148);
#2780=VERTEX_POINT('',#9150);
#2781=VERTEX_POINT('',#9154);
#2782=VERTEX_POINT('',#9156);
#2783=VERTEX_POINT('',#9160);
#2784=VERTEX_POINT('',#9162);
#2785=VERTEX_POINT('',#9166);
#2786=VERTEX_POINT('',#9168);
#2787=VERTEX_POINT('',#9172);
#2788=VERTEX_POINT('',#9174);
#2789=VERTEX_POINT('',#9178);
#2790=VERTEX_POINT('',#9180);
#2791=VERTEX_POINT('',#9184);
#2792=VERTEX_POINT('',#9186);
#2793=VERTEX_POINT('',#9190);
#2794=VERTEX_POINT('',#9192);
#2795=VERTEX_POINT('',#9196);
#2796=VERTEX_POINT('',#9198);
#2797=VERTEX_POINT('',#9202);
#2798=VERTEX_POINT('',#9204);
#2799=VERTEX_POINT('',#9208);
#2800=VERTEX_POINT('',#9210);
#2801=VERTEX_POINT('',#9214);
#2802=VERTEX_POINT('',#9216);
#2803=VERTEX_POINT('',#9220);
#2804=VERTEX_POINT('',#9222);
#2805=VERTEX_POINT('',#9226);
#2806=VERTEX_POINT('',#9228);
#2807=VERTEX_POINT('',#9232);
#2808=VERTEX_POINT('',#9234);
#2809=VERTEX_POINT('',#9238);
#2810=VERTEX_POINT('',#9240);
#2811=VERTEX_POINT('',#9244);
#2812=VERTEX_POINT('',#9246);
#2813=VERTEX_POINT('',#9250);
#2814=VERTEX_POINT('',#9252);
#2815=VERTEX_POINT('',#9256);
#2816=VERTEX_POINT('',#9258);
#2817=VERTEX_POINT('',#9262);
#2818=VERTEX_POINT('',#9264);
#2819=VERTEX_POINT('',#9268);
#2820=VERTEX_POINT('',#9270);
#2821=VERTEX_POINT('',#9274);
#2822=VERTEX_POINT('',#9276);
#2823=VERTEX_POINT('',#9280);
#2824=VERTEX_POINT('',#9282);
#2825=VERTEX_POINT('',#9286);
#2826=VERTEX_POINT('',#9288);
#2827=VERTEX_POINT('',#9292);
#2828=VERTEX_POINT('',#9294);
#2829=VERTEX_POINT('',#9298);
#2830=VERTEX_POINT('',#9300);
#2831=VERTEX_POINT('',#9304);
#2832=VERTEX_POINT('',#9306);
#2833=VERTEX_POINT('',#9310);
#2834=VERTEX_POINT('',#9312);
#2835=VERTEX_POINT('',#9316);
#2836=VERTEX_POINT('',#9318);
#2837=VERTEX_POINT('',#9322);
#2838=VERTEX_POINT('',#9324);
#2839=VERTEX_POINT('',#9328);
#2840=VERTEX_POINT('',#9330);
#2841=VERTEX_POINT('',#9334);
#2842=VERTEX_POINT('',#9336);
#2843=VERTEX_POINT('',#9340);
#2844=VERTEX_POINT('',#9342);
#2845=VERTEX_POINT('',#9346);
#2846=VERTEX_POINT('',#9348);
#2847=VERTEX_POINT('',#9352);
#2848=VERTEX_POINT('',#9354);
#2849=VERTEX_POINT('',#9358);
#2850=VERTEX_POINT('',#9360);
#2851=VERTEX_POINT('',#9364);
#2852=VERTEX_POINT('',#9366);
#2853=VERTEX_POINT('',#9370);
#2854=VERTEX_POINT('',#9372);
#2855=VERTEX_POINT('',#9376);
#2856=VERTEX_POINT('',#9378);
#2857=VERTEX_POINT('',#9382);
#2858=VERTEX_POINT('',#9384);
#2859=VERTEX_POINT('',#9388);
#2860=VERTEX_POINT('',#9390);
#2861=VERTEX_POINT('',#9394);
#2862=VERTEX_POINT('',#9396);
#2863=VERTEX_POINT('',#9400);
#2864=VERTEX_POINT('',#9402);
#2865=VERTEX_POINT('',#9406);
#2866=VERTEX_POINT('',#9408);
#2867=VERTEX_POINT('',#9412);
#2868=VERTEX_POINT('',#9414);
#2869=VERTEX_POINT('',#9418);
#2870=VERTEX_POINT('',#9420);
#2871=VERTEX_POINT('',#9424);
#2872=VERTEX_POINT('',#9426);
#2873=VERTEX_POINT('',#9430);
#2874=VERTEX_POINT('',#9432);
#2875=VERTEX_POINT('',#9436);
#2876=VERTEX_POINT('',#9438);
#2877=VERTEX_POINT('',#9442);
#2878=VERTEX_POINT('',#9444);
#2879=VERTEX_POINT('',#9448);
#2880=VERTEX_POINT('',#9450);
#2881=VERTEX_POINT('',#9454);
#2882=VERTEX_POINT('',#9456);
#2883=VERTEX_POINT('',#9460);
#2884=VERTEX_POINT('',#9462);
#2885=VERTEX_POINT('',#9466);
#2886=VERTEX_POINT('',#9468);
#2887=VERTEX_POINT('',#9472);
#2888=VERTEX_POINT('',#9474);
#2889=VERTEX_POINT('',#9478);
#2890=VERTEX_POINT('',#9480);
#2891=VERTEX_POINT('',#9484);
#2892=VERTEX_POINT('',#9486);
#2893=VERTEX_POINT('',#9490);
#2894=VERTEX_POINT('',#9492);
#2895=VERTEX_POINT('',#9496);
#2896=VERTEX_POINT('',#9498);
#2897=VERTEX_POINT('',#9502);
#2898=VERTEX_POINT('',#9504);
#2899=VERTEX_POINT('',#9508);
#2900=VERTEX_POINT('',#9510);
#2901=VERTEX_POINT('',#9514);
#2902=VERTEX_POINT('',#9516);
#2903=VERTEX_POINT('',#9520);
#2904=VERTEX_POINT('',#9522);
#2905=VERTEX_POINT('',#9526);
#2906=VERTEX_POINT('',#9528);
#2907=VERTEX_POINT('',#9532);
#2908=VERTEX_POINT('',#9534);
#2909=VERTEX_POINT('',#9538);
#2910=VERTEX_POINT('',#9540);
#2911=VERTEX_POINT('',#9544);
#2912=VERTEX_POINT('',#9546);
#2913=VERTEX_POINT('',#9550);
#2914=VERTEX_POINT('',#9552);
#2915=VERTEX_POINT('',#9556);
#2916=VERTEX_POINT('',#9558);
#2917=VERTEX_POINT('',#9562);
#2918=VERTEX_POINT('',#9564);
#2919=VERTEX_POINT('',#9568);
#2920=VERTEX_POINT('',#9570);
#2921=VERTEX_POINT('',#9574);
#2922=VERTEX_POINT('',#9576);
#2923=VERTEX_POINT('',#9580);
#2924=VERTEX_POINT('',#9582);
#2925=VERTEX_POINT('',#9586);
#2926=VERTEX_POINT('',#9588);
#2927=VERTEX_POINT('',#9592);
#2928=VERTEX_POINT('',#9594);
#2929=VERTEX_POINT('',#9598);
#2930=VERTEX_POINT('',#9600);
#2931=VERTEX_POINT('',#9604);
#2932=VERTEX_POINT('',#9606);
#2933=VERTEX_POINT('',#9610);
#2934=VERTEX_POINT('',#9612);
#2935=VERTEX_POINT('',#9616);
#2936=VERTEX_POINT('',#9618);
#2937=VERTEX_POINT('',#9622);
#2938=VERTEX_POINT('',#9624);
#2939=VERTEX_POINT('',#9628);
#2940=VERTEX_POINT('',#9630);
#2941=VERTEX_POINT('',#9634);
#2942=VERTEX_POINT('',#9636);
#2943=VERTEX_POINT('',#9640);
#2944=VERTEX_POINT('',#9642);
#2945=VERTEX_POINT('',#9646);
#2946=VERTEX_POINT('',#9648);
#2947=VERTEX_POINT('',#9652);
#2948=VERTEX_POINT('',#9654);
#2949=VERTEX_POINT('',#9658);
#2950=VERTEX_POINT('',#9660);
#2951=VERTEX_POINT('',#9664);
#2952=VERTEX_POINT('',#9666);
#2953=VERTEX_POINT('',#9670);
#2954=VERTEX_POINT('',#9672);
#2955=VERTEX_POINT('',#9676);
#2956=VERTEX_POINT('',#9678);
#2957=VERTEX_POINT('',#9682);
#2958=VERTEX_POINT('',#9684);
#2959=VERTEX_POINT('',#9688);
#2960=VERTEX_POINT('',#9690);
#2961=VERTEX_POINT('',#9694);
#2962=VERTEX_POINT('',#9696);
#2963=VERTEX_POINT('',#9700);
#2964=VERTEX_POINT('',#9702);
#2965=VERTEX_POINT('',#9706);
#2966=VERTEX_POINT('',#9708);
#2967=VERTEX_POINT('',#9712);
#2968=VERTEX_POINT('',#9714);
#2969=VERTEX_POINT('',#9718);
#2970=VERTEX_POINT('',#9720);
#2971=VERTEX_POINT('',#9724);
#2972=VERTEX_POINT('',#9726);
#2973=VERTEX_POINT('',#9730);
#2974=VERTEX_POINT('',#9732);
#2975=VERTEX_POINT('',#9736);
#2976=VERTEX_POINT('',#9738);
#2977=VERTEX_POINT('',#9742);
#2978=VERTEX_POINT('',#9744);
#2979=VERTEX_POINT('',#9748);
#2980=VERTEX_POINT('',#9750);
#2981=VERTEX_POINT('',#9754);
#2982=VERTEX_POINT('',#9756);
#2983=VERTEX_POINT('',#9760);
#2984=VERTEX_POINT('',#9762);
#2985=VERTEX_POINT('',#9766);
#2986=VERTEX_POINT('',#9768);
#2987=VERTEX_POINT('',#9772);
#2988=VERTEX_POINT('',#9774);
#2989=VERTEX_POINT('',#9778);
#2990=VERTEX_POINT('',#9780);
#2991=VERTEX_POINT('',#9784);
#2992=VERTEX_POINT('',#9786);
#2993=VERTEX_POINT('',#9790);
#2994=VERTEX_POINT('',#9792);
#2995=VERTEX_POINT('',#9796);
#2996=VERTEX_POINT('',#9798);
#2997=VERTEX_POINT('',#9802);
#2998=VERTEX_POINT('',#9804);
#2999=VERTEX_POINT('',#9808);
#3000=VERTEX_POINT('',#9810);
#3001=VERTEX_POINT('',#9814);
#3002=VERTEX_POINT('',#9816);
#3003=VERTEX_POINT('',#9820);
#3004=VERTEX_POINT('',#9822);
#3005=VERTEX_POINT('',#9826);
#3006=VERTEX_POINT('',#9828);
#3007=VERTEX_POINT('',#9832);
#3008=VERTEX_POINT('',#9834);
#3009=VERTEX_POINT('',#9838);
#3010=VERTEX_POINT('',#9840);
#3011=VERTEX_POINT('',#9844);
#3012=VERTEX_POINT('',#9846);
#3013=VERTEX_POINT('',#9850);
#3014=VERTEX_POINT('',#9852);
#3015=VERTEX_POINT('',#9856);
#3016=VERTEX_POINT('',#9858);
#3017=VERTEX_POINT('',#9862);
#3018=VERTEX_POINT('',#9864);
#3019=VERTEX_POINT('',#9868);
#3020=VERTEX_POINT('',#9870);
#3021=VERTEX_POINT('',#9874);
#3022=VERTEX_POINT('',#9876);
#3023=VERTEX_POINT('',#9880);
#3024=VERTEX_POINT('',#9882);
#3025=VERTEX_POINT('',#9886);
#3026=VERTEX_POINT('',#9888);
#3027=VERTEX_POINT('',#9892);
#3028=VERTEX_POINT('',#9894);
#3029=VERTEX_POINT('',#9898);
#3030=VERTEX_POINT('',#9900);
#3031=VERTEX_POINT('',#9904);
#3032=VERTEX_POINT('',#9906);
#3033=VERTEX_POINT('',#9910);
#3034=VERTEX_POINT('',#9912);
#3035=VERTEX_POINT('',#9916);
#3036=VERTEX_POINT('',#9918);
#3037=VERTEX_POINT('',#9922);
#3038=VERTEX_POINT('',#9924);
#3039=VERTEX_POINT('',#9928);
#3040=VERTEX_POINT('',#9930);
#3041=VERTEX_POINT('',#9934);
#3042=VERTEX_POINT('',#9936);
#3043=VERTEX_POINT('',#9940);
#3044=VERTEX_POINT('',#9942);
#3045=VERTEX_POINT('',#9946);
#3046=VERTEX_POINT('',#9948);
#3047=VERTEX_POINT('',#9952);
#3048=VERTEX_POINT('',#9954);
#3049=VERTEX_POINT('',#9958);
#3050=VERTEX_POINT('',#9960);
#3051=VERTEX_POINT('',#9964);
#3052=VERTEX_POINT('',#9966);
#3053=VERTEX_POINT('',#9970);
#3054=VERTEX_POINT('',#9972);
#3055=VERTEX_POINT('',#9976);
#3056=VERTEX_POINT('',#9978);
#3057=VERTEX_POINT('',#9982);
#3058=VERTEX_POINT('',#9984);
#3059=VERTEX_POINT('',#9988);
#3060=VERTEX_POINT('',#9990);
#3061=VERTEX_POINT('',#9994);
#3062=VERTEX_POINT('',#9996);
#3063=VERTEX_POINT('',#10000);
#3064=VERTEX_POINT('',#10002);
#3065=VERTEX_POINT('',#10006);
#3066=VERTEX_POINT('',#10008);
#3067=VERTEX_POINT('',#10012);
#3068=VERTEX_POINT('',#10014);
#3069=VERTEX_POINT('',#10018);
#3070=VERTEX_POINT('',#10020);
#3071=VERTEX_POINT('',#10024);
#3072=VERTEX_POINT('',#10026);
#3073=VERTEX_POINT('',#10030);
#3074=VERTEX_POINT('',#10032);
#3075=VERTEX_POINT('',#10036);
#3076=VERTEX_POINT('',#10038);
#3077=VERTEX_POINT('',#10042);
#3078=VERTEX_POINT('',#10044);
#3079=VERTEX_POINT('',#10048);
#3080=VERTEX_POINT('',#10050);
#3081=VERTEX_POINT('',#10054);
#3082=VERTEX_POINT('',#10056);
#3083=VERTEX_POINT('',#10060);
#3084=VERTEX_POINT('',#10062);
#3085=VERTEX_POINT('',#10066);
#3086=VERTEX_POINT('',#10068);
#3087=VERTEX_POINT('',#10072);
#3088=VERTEX_POINT('',#10074);
#3089=VERTEX_POINT('',#10078);
#3090=VERTEX_POINT('',#10080);
#3091=VERTEX_POINT('',#10084);
#3092=VERTEX_POINT('',#10086);
#3093=VERTEX_POINT('',#10090);
#3094=VERTEX_POINT('',#10092);
#3095=VERTEX_POINT('',#10096);
#3096=VERTEX_POINT('',#10098);
#3097=VERTEX_POINT('',#10102);
#3098=VERTEX_POINT('',#10104);
#3099=VERTEX_POINT('',#10108);
#3100=VERTEX_POINT('',#10110);
#3101=VERTEX_POINT('',#10114);
#3102=VERTEX_POINT('',#10116);
#3103=VERTEX_POINT('',#10120);
#3104=VERTEX_POINT('',#10122);
#3105=VERTEX_POINT('',#10126);
#3106=VERTEX_POINT('',#10128);
#3107=VERTEX_POINT('',#10132);
#3108=VERTEX_POINT('',#10134);
#3109=VERTEX_POINT('',#10138);
#3110=VERTEX_POINT('',#10140);
#3111=VERTEX_POINT('',#10144);
#3112=VERTEX_POINT('',#10146);
#3113=VERTEX_POINT('',#10150);
#3114=VERTEX_POINT('',#10152);
#3115=VERTEX_POINT('',#10156);
#3116=VERTEX_POINT('',#10158);
#3117=VERTEX_POINT('',#10162);
#3118=VERTEX_POINT('',#10164);
#3119=VERTEX_POINT('',#10168);
#3120=VERTEX_POINT('',#10170);
#3121=VERTEX_POINT('',#10174);
#3122=VERTEX_POINT('',#10176);
#3123=VERTEX_POINT('',#10180);
#3124=VERTEX_POINT('',#10182);
#3125=VERTEX_POINT('',#10186);
#3126=VERTEX_POINT('',#10188);
#3127=VERTEX_POINT('',#10192);
#3128=VERTEX_POINT('',#10194);
#3129=VERTEX_POINT('',#10198);
#3130=VERTEX_POINT('',#10200);
#3131=VERTEX_POINT('',#10204);
#3132=VERTEX_POINT('',#10206);
#3133=VERTEX_POINT('',#10210);
#3134=VERTEX_POINT('',#10212);
#3135=VERTEX_POINT('',#10216);
#3136=VERTEX_POINT('',#10218);
#3137=VERTEX_POINT('',#10222);
#3138=VERTEX_POINT('',#10224);
#3139=VERTEX_POINT('',#10228);
#3140=VERTEX_POINT('',#10230);
#3141=VERTEX_POINT('',#10234);
#3142=VERTEX_POINT('',#10236);
#3143=VERTEX_POINT('',#10240);
#3144=VERTEX_POINT('',#10242);
#3145=VERTEX_POINT('',#10246);
#3146=VERTEX_POINT('',#10248);
#3147=VERTEX_POINT('',#10252);
#3148=VERTEX_POINT('',#10254);
#3149=VERTEX_POINT('',#10258);
#3150=VERTEX_POINT('',#10260);
#3151=VERTEX_POINT('',#10264);
#3152=VERTEX_POINT('',#10266);
#3153=VERTEX_POINT('',#10270);
#3154=VERTEX_POINT('',#10272);
#3155=VERTEX_POINT('',#10276);
#3156=VERTEX_POINT('',#10278);
#3157=VERTEX_POINT('',#10282);
#3158=VERTEX_POINT('',#10284);
#3159=VERTEX_POINT('',#10288);
#3160=VERTEX_POINT('',#10290);
#3161=VERTEX_POINT('',#10294);
#3162=VERTEX_POINT('',#10296);
#3163=VERTEX_POINT('',#10300);
#3164=VERTEX_POINT('',#10302);
#3165=VERTEX_POINT('',#10306);
#3166=VERTEX_POINT('',#10308);
#3167=VERTEX_POINT('',#10312);
#3168=VERTEX_POINT('',#10314);
#3169=VERTEX_POINT('',#10318);
#3170=VERTEX_POINT('',#10320);
#3171=VERTEX_POINT('',#10324);
#3172=VERTEX_POINT('',#10326);
#3173=VERTEX_POINT('',#10330);
#3174=VERTEX_POINT('',#10332);
#3175=VERTEX_POINT('',#10336);
#3176=VERTEX_POINT('',#10338);
#3177=VERTEX_POINT('',#10342);
#3178=VERTEX_POINT('',#10344);
#3179=VERTEX_POINT('',#10348);
#3180=VERTEX_POINT('',#10350);
#3181=VERTEX_POINT('',#10354);
#3182=VERTEX_POINT('',#10356);
#3183=VERTEX_POINT('',#10360);
#3184=VERTEX_POINT('',#10362);
#3185=VERTEX_POINT('',#10366);
#3186=VERTEX_POINT('',#10368);
#3187=VERTEX_POINT('',#10372);
#3188=VERTEX_POINT('',#10374);
#3189=VERTEX_POINT('',#10378);
#3190=VERTEX_POINT('',#10380);
#3191=VERTEX_POINT('',#10384);
#3192=VERTEX_POINT('',#10386);
#3193=VERTEX_POINT('',#10390);
#3194=VERTEX_POINT('',#10392);
#3195=VERTEX_POINT('',#10396);
#3196=VERTEX_POINT('',#10398);
#3197=VERTEX_POINT('',#10402);
#3198=VERTEX_POINT('',#10404);
#3199=VERTEX_POINT('',#10408);
#3200=VERTEX_POINT('',#10410);
#3201=VERTEX_POINT('',#10414);
#3202=VERTEX_POINT('',#10416);
#3203=VERTEX_POINT('',#10420);
#3204=VERTEX_POINT('',#10422);
#3205=VERTEX_POINT('',#10426);
#3206=VERTEX_POINT('',#10428);
#3207=VERTEX_POINT('',#10432);
#3208=VERTEX_POINT('',#10434);
#3209=VERTEX_POINT('',#10438);
#3210=VERTEX_POINT('',#10440);
#3211=VERTEX_POINT('',#10444);
#3212=VERTEX_POINT('',#10446);
#3213=VERTEX_POINT('',#10450);
#3214=VERTEX_POINT('',#10452);
#3215=VERTEX_POINT('',#10456);
#3216=VERTEX_POINT('',#10458);
#3217=VERTEX_POINT('',#10462);
#3218=VERTEX_POINT('',#10464);
#3219=VERTEX_POINT('',#10468);
#3220=VERTEX_POINT('',#10470);
#3221=VERTEX_POINT('',#10474);
#3222=VERTEX_POINT('',#10476);
#3223=VERTEX_POINT('',#10480);
#3224=VERTEX_POINT('',#10482);
#3225=VERTEX_POINT('',#10486);
#3226=VERTEX_POINT('',#10488);
#3227=VERTEX_POINT('',#10492);
#3228=VERTEX_POINT('',#10494);
#3229=VERTEX_POINT('',#10498);
#3230=VERTEX_POINT('',#10500);
#3231=VERTEX_POINT('',#10504);
#3232=VERTEX_POINT('',#10506);
#3233=VERTEX_POINT('',#10510);
#3234=VERTEX_POINT('',#10512);
#3235=VERTEX_POINT('',#10516);
#3236=VERTEX_POINT('',#10518);
#3237=VERTEX_POINT('',#10522);
#3238=VERTEX_POINT('',#10524);
#3239=VERTEX_POINT('',#10528);
#3240=VERTEX_POINT('',#10530);
#3241=VERTEX_POINT('',#10534);
#3242=VERTEX_POINT('',#10536);
#3243=VERTEX_POINT('',#10540);
#3244=VERTEX_POINT('',#10542);
#3245=VERTEX_POINT('',#10546);
#3246=VERTEX_POINT('',#10548);
#3247=VERTEX_POINT('',#10552);
#3248=VERTEX_POINT('',#10554);
#3249=VERTEX_POINT('',#10558);
#3250=VERTEX_POINT('',#10560);
#3251=VERTEX_POINT('',#10564);
#3252=VERTEX_POINT('',#10566);
#3253=VERTEX_POINT('',#10570);
#3254=VERTEX_POINT('',#10572);
#3255=VERTEX_POINT('',#10576);
#3256=VERTEX_POINT('',#10578);
#3257=VERTEX_POINT('',#10582);
#3258=VERTEX_POINT('',#10584);
#3259=VERTEX_POINT('',#10588);
#3260=VERTEX_POINT('',#10590);
#3261=VERTEX_POINT('',#10594);
#3262=VERTEX_POINT('',#10596);
#3263=VERTEX_POINT('',#10600);
#3264=VERTEX_POINT('',#10602);
#3265=VERTEX_POINT('',#10606);
#3266=VERTEX_POINT('',#10608);
#3267=VERTEX_POINT('',#10612);
#3268=VERTEX_POINT('',#10613);
#3269=VERTEX_POINT('',#10615);
#3270=VERTEX_POINT('',#10617);
#3271=VERTEX_POINT('',#10621);
#3272=VERTEX_POINT('',#10623);
#3273=VERTEX_POINT('',#10627);
#3274=VERTEX_POINT('',#10629);
#3275=VERTEX_POINT('',#10631);
#3276=VERTEX_POINT('',#10635);
#3277=VERTEX_POINT('',#10637);
#3278=VERTEX_POINT('',#10639);
#3279=VERTEX_POINT('',#10643);
#3280=VERTEX_POINT('',#10645);
#3281=VERTEX_POINT('',#10647);
#3282=VERTEX_POINT('',#10649);
#3283=VERTEX_POINT('',#10651);
#3284=VERTEX_POINT('',#10653);
#3285=VERTEX_POINT('',#10657);
#3286=VERTEX_POINT('',#10659);
#3287=VERTEX_POINT('',#10664);
#3288=VERTEX_POINT('',#10666);
#3289=VERTEX_POINT('',#10670);
#3290=VERTEX_POINT('',#10672);
#3291=VERTEX_POINT('',#10674);
#3292=VERTEX_POINT('',#10676);
#3293=VERTEX_POINT('',#10678);
#3294=VERTEX_POINT('',#10681);
#3295=VERTEX_POINT('',#10683);
#3296=VERTEX_POINT('',#10685);
#3297=VERTEX_POINT('',#10687);
#3298=VERTEX_POINT('',#10690);
#3299=VERTEX_POINT('',#10694);
#3300=VERTEX_POINT('',#10696);
#3301=VERTEX_POINT('',#10700);
#3302=VERTEX_POINT('',#10704);
#3303=VERTEX_POINT('',#10710);
#3304=VERTEX_POINT('',#10712);
#3305=VERTEX_POINT('',#10720);
#3306=VERTEX_POINT('',#10722);
#3307=VERTEX_POINT('',#10726);
#3308=VERTEX_POINT('',#10728);
#3309=VERTEX_POINT('',#10738);
#3310=VERTEX_POINT('',#10743);
#3311=VERTEX_POINT('',#10748);
#3312=VERTEX_POINT('',#10753);
#3313=EDGE_CURVE('',#2761,#2761,#2235,.T.);
#3314=EDGE_CURVE('',#2761,#2762,#1629,.T.);
#3315=EDGE_CURVE('',#2762,#2762,#2236,.T.);
#3316=EDGE_CURVE('',#2763,#2763,#2237,.T.);
#3317=EDGE_CURVE('',#2763,#2764,#1630,.T.);
#3318=EDGE_CURVE('',#2764,#2764,#2238,.T.);
#3319=EDGE_CURVE('',#2765,#2765,#2239,.T.);
#3320=EDGE_CURVE('',#2765,#2766,#1631,.T.);
#3321=EDGE_CURVE('',#2766,#2766,#2240,.T.);
#3322=EDGE_CURVE('',#2767,#2767,#2241,.T.);
#3323=EDGE_CURVE('',#2767,#2768,#1632,.T.);
#3324=EDGE_CURVE('',#2768,#2768,#2242,.T.);
#3325=EDGE_CURVE('',#2769,#2769,#2243,.T.);
#3326=EDGE_CURVE('',#2769,#2770,#1633,.T.);
#3327=EDGE_CURVE('',#2770,#2770,#2244,.T.);
#3328=EDGE_CURVE('',#2771,#2771,#2245,.T.);
#3329=EDGE_CURVE('',#2771,#2772,#1634,.T.);
#3330=EDGE_CURVE('',#2772,#2772,#2246,.T.);
#3331=EDGE_CURVE('',#2773,#2773,#2247,.T.);
#3332=EDGE_CURVE('',#2773,#2774,#1635,.T.);
#3333=EDGE_CURVE('',#2774,#2774,#2248,.T.);
#3334=EDGE_CURVE('',#2775,#2775,#2249,.T.);
#3335=EDGE_CURVE('',#2775,#2776,#1636,.T.);
#3336=EDGE_CURVE('',#2776,#2776,#2250,.T.);
#3337=EDGE_CURVE('',#2777,#2777,#2251,.T.);
#3338=EDGE_CURVE('',#2777,#2778,#1637,.T.);
#3339=EDGE_CURVE('',#2778,#2778,#2252,.T.);
#3340=EDGE_CURVE('',#2779,#2779,#2253,.T.);
#3341=EDGE_CURVE('',#2779,#2780,#1638,.T.);
#3342=EDGE_CURVE('',#2780,#2780,#2254,.T.);
#3343=EDGE_CURVE('',#2781,#2781,#2255,.T.);
#3344=EDGE_CURVE('',#2781,#2782,#1639,.T.);
#3345=EDGE_CURVE('',#2782,#2782,#2256,.T.);
#3346=EDGE_CURVE('',#2783,#2783,#2257,.T.);
#3347=EDGE_CURVE('',#2783,#2784,#1640,.T.);
#3348=EDGE_CURVE('',#2784,#2784,#2258,.T.);
#3349=EDGE_CURVE('',#2785,#2785,#2259,.T.);
#3350=EDGE_CURVE('',#2785,#2786,#1641,.T.);
#3351=EDGE_CURVE('',#2786,#2786,#2260,.T.);
#3352=EDGE_CURVE('',#2787,#2787,#2261,.T.);
#3353=EDGE_CURVE('',#2787,#2788,#1642,.T.);
#3354=EDGE_CURVE('',#2788,#2788,#2262,.T.);
#3355=EDGE_CURVE('',#2789,#2789,#2263,.T.);
#3356=EDGE_CURVE('',#2789,#2790,#1643,.T.);
#3357=EDGE_CURVE('',#2790,#2790,#2264,.T.);
#3358=EDGE_CURVE('',#2791,#2791,#2265,.T.);
#3359=EDGE_CURVE('',#2791,#2792,#1644,.T.);
#3360=EDGE_CURVE('',#2792,#2792,#2266,.T.);
#3361=EDGE_CURVE('',#2793,#2793,#2267,.T.);
#3362=EDGE_CURVE('',#2793,#2794,#1645,.T.);
#3363=EDGE_CURVE('',#2794,#2794,#2268,.T.);
#3364=EDGE_CURVE('',#2795,#2795,#2269,.T.);
#3365=EDGE_CURVE('',#2795,#2796,#1646,.T.);
#3366=EDGE_CURVE('',#2796,#2796,#2270,.T.);
#3367=EDGE_CURVE('',#2797,#2797,#2271,.T.);
#3368=EDGE_CURVE('',#2797,#2798,#1647,.T.);
#3369=EDGE_CURVE('',#2798,#2798,#2272,.T.);
#3370=EDGE_CURVE('',#2799,#2799,#2273,.T.);
#3371=EDGE_CURVE('',#2799,#2800,#1648,.T.);
#3372=EDGE_CURVE('',#2800,#2800,#2274,.T.);
#3373=EDGE_CURVE('',#2801,#2801,#2275,.T.);
#3374=EDGE_CURVE('',#2801,#2802,#1649,.T.);
#3375=EDGE_CURVE('',#2802,#2802,#2276,.T.);
#3376=EDGE_CURVE('',#2803,#2803,#2277,.T.);
#3377=EDGE_CURVE('',#2803,#2804,#1650,.T.);
#3378=EDGE_CURVE('',#2804,#2804,#2278,.T.);
#3379=EDGE_CURVE('',#2805,#2805,#2279,.T.);
#3380=EDGE_CURVE('',#2805,#2806,#1651,.T.);
#3381=EDGE_CURVE('',#2806,#2806,#2280,.T.);
#3382=EDGE_CURVE('',#2807,#2807,#2281,.T.);
#3383=EDGE_CURVE('',#2807,#2808,#1652,.T.);
#3384=EDGE_CURVE('',#2808,#2808,#2282,.T.);
#3385=EDGE_CURVE('',#2809,#2809,#2283,.T.);
#3386=EDGE_CURVE('',#2809,#2810,#1653,.T.);
#3387=EDGE_CURVE('',#2810,#2810,#2284,.T.);
#3388=EDGE_CURVE('',#2811,#2811,#2285,.T.);
#3389=EDGE_CURVE('',#2811,#2812,#1654,.T.);
#3390=EDGE_CURVE('',#2812,#2812,#2286,.T.);
#3391=EDGE_CURVE('',#2813,#2813,#2287,.T.);
#3392=EDGE_CURVE('',#2813,#2814,#1655,.T.);
#3393=EDGE_CURVE('',#2814,#2814,#2288,.T.);
#3394=EDGE_CURVE('',#2815,#2815,#2289,.T.);
#3395=EDGE_CURVE('',#2815,#2816,#1656,.T.);
#3396=EDGE_CURVE('',#2816,#2816,#2290,.T.);
#3397=EDGE_CURVE('',#2817,#2817,#2291,.T.);
#3398=EDGE_CURVE('',#2817,#2818,#1657,.T.);
#3399=EDGE_CURVE('',#2818,#2818,#2292,.T.);
#3400=EDGE_CURVE('',#2819,#2819,#2293,.T.);
#3401=EDGE_CURVE('',#2819,#2820,#1658,.T.);
#3402=EDGE_CURVE('',#2820,#2820,#2294,.T.);
#3403=EDGE_CURVE('',#2821,#2821,#2295,.T.);
#3404=EDGE_CURVE('',#2821,#2822,#1659,.T.);
#3405=EDGE_CURVE('',#2822,#2822,#2296,.T.);
#3406=EDGE_CURVE('',#2823,#2823,#2297,.T.);
#3407=EDGE_CURVE('',#2823,#2824,#1660,.T.);
#3408=EDGE_CURVE('',#2824,#2824,#2298,.T.);
#3409=EDGE_CURVE('',#2825,#2825,#2299,.T.);
#3410=EDGE_CURVE('',#2825,#2826,#1661,.T.);
#3411=EDGE_CURVE('',#2826,#2826,#2300,.T.);
#3412=EDGE_CURVE('',#2827,#2827,#2301,.T.);
#3413=EDGE_CURVE('',#2827,#2828,#1662,.T.);
#3414=EDGE_CURVE('',#2828,#2828,#2302,.T.);
#3415=EDGE_CURVE('',#2829,#2829,#2303,.T.);
#3416=EDGE_CURVE('',#2829,#2830,#1663,.T.);
#3417=EDGE_CURVE('',#2830,#2830,#2304,.T.);
#3418=EDGE_CURVE('',#2831,#2831,#2305,.T.);
#3419=EDGE_CURVE('',#2831,#2832,#1664,.T.);
#3420=EDGE_CURVE('',#2832,#2832,#2306,.T.);
#3421=EDGE_CURVE('',#2833,#2833,#2307,.T.);
#3422=EDGE_CURVE('',#2833,#2834,#1665,.T.);
#3423=EDGE_CURVE('',#2834,#2834,#2308,.T.);
#3424=EDGE_CURVE('',#2835,#2835,#2309,.T.);
#3425=EDGE_CURVE('',#2835,#2836,#1666,.T.);
#3426=EDGE_CURVE('',#2836,#2836,#2310,.T.);
#3427=EDGE_CURVE('',#2837,#2837,#2311,.T.);
#3428=EDGE_CURVE('',#2837,#2838,#1667,.T.);
#3429=EDGE_CURVE('',#2838,#2838,#2312,.T.);
#3430=EDGE_CURVE('',#2839,#2839,#2313,.T.);
#3431=EDGE_CURVE('',#2839,#2840,#1668,.T.);
#3432=EDGE_CURVE('',#2840,#2840,#2314,.T.);
#3433=EDGE_CURVE('',#2841,#2841,#2315,.T.);
#3434=EDGE_CURVE('',#2841,#2842,#1669,.T.);
#3435=EDGE_CURVE('',#2842,#2842,#2316,.T.);
#3436=EDGE_CURVE('',#2843,#2843,#2317,.T.);
#3437=EDGE_CURVE('',#2843,#2844,#1670,.T.);
#3438=EDGE_CURVE('',#2844,#2844,#2318,.T.);
#3439=EDGE_CURVE('',#2845,#2845,#2319,.T.);
#3440=EDGE_CURVE('',#2845,#2846,#1671,.T.);
#3441=EDGE_CURVE('',#2846,#2846,#2320,.T.);
#3442=EDGE_CURVE('',#2847,#2847,#2321,.T.);
#3443=EDGE_CURVE('',#2847,#2848,#1672,.T.);
#3444=EDGE_CURVE('',#2848,#2848,#2322,.T.);
#3445=EDGE_CURVE('',#2849,#2849,#2323,.T.);
#3446=EDGE_CURVE('',#2849,#2850,#1673,.T.);
#3447=EDGE_CURVE('',#2850,#2850,#2324,.T.);
#3448=EDGE_CURVE('',#2851,#2851,#2325,.T.);
#3449=EDGE_CURVE('',#2851,#2852,#1674,.T.);
#3450=EDGE_CURVE('',#2852,#2852,#2326,.T.);
#3451=EDGE_CURVE('',#2853,#2853,#2327,.T.);
#3452=EDGE_CURVE('',#2853,#2854,#1675,.T.);
#3453=EDGE_CURVE('',#2854,#2854,#2328,.T.);
#3454=EDGE_CURVE('',#2855,#2855,#2329,.T.);
#3455=EDGE_CURVE('',#2855,#2856,#1676,.T.);
#3456=EDGE_CURVE('',#2856,#2856,#2330,.T.);
#3457=EDGE_CURVE('',#2857,#2857,#2331,.T.);
#3458=EDGE_CURVE('',#2857,#2858,#1677,.T.);
#3459=EDGE_CURVE('',#2858,#2858,#2332,.T.);
#3460=EDGE_CURVE('',#2859,#2859,#2333,.T.);
#3461=EDGE_CURVE('',#2859,#2860,#1678,.T.);
#3462=EDGE_CURVE('',#2860,#2860,#2334,.T.);
#3463=EDGE_CURVE('',#2861,#2861,#2335,.T.);
#3464=EDGE_CURVE('',#2861,#2862,#1679,.T.);
#3465=EDGE_CURVE('',#2862,#2862,#2336,.T.);
#3466=EDGE_CURVE('',#2863,#2863,#2337,.T.);
#3467=EDGE_CURVE('',#2863,#2864,#1680,.T.);
#3468=EDGE_CURVE('',#2864,#2864,#2338,.T.);
#3469=EDGE_CURVE('',#2865,#2865,#2339,.T.);
#3470=EDGE_CURVE('',#2865,#2866,#1681,.T.);
#3471=EDGE_CURVE('',#2866,#2866,#2340,.T.);
#3472=EDGE_CURVE('',#2867,#2867,#2341,.T.);
#3473=EDGE_CURVE('',#2867,#2868,#1682,.T.);
#3474=EDGE_CURVE('',#2868,#2868,#2342,.T.);
#3475=EDGE_CURVE('',#2869,#2869,#2343,.T.);
#3476=EDGE_CURVE('',#2869,#2870,#1683,.T.);
#3477=EDGE_CURVE('',#2870,#2870,#2344,.T.);
#3478=EDGE_CURVE('',#2871,#2871,#2345,.T.);
#3479=EDGE_CURVE('',#2871,#2872,#1684,.T.);
#3480=EDGE_CURVE('',#2872,#2872,#2346,.T.);
#3481=EDGE_CURVE('',#2873,#2873,#2347,.T.);
#3482=EDGE_CURVE('',#2873,#2874,#1685,.T.);
#3483=EDGE_CURVE('',#2874,#2874,#2348,.T.);
#3484=EDGE_CURVE('',#2875,#2875,#2349,.T.);
#3485=EDGE_CURVE('',#2875,#2876,#1686,.T.);
#3486=EDGE_CURVE('',#2876,#2876,#2350,.T.);
#3487=EDGE_CURVE('',#2877,#2877,#2351,.T.);
#3488=EDGE_CURVE('',#2877,#2878,#1687,.T.);
#3489=EDGE_CURVE('',#2878,#2878,#2352,.T.);
#3490=EDGE_CURVE('',#2879,#2879,#2353,.T.);
#3491=EDGE_CURVE('',#2879,#2880,#1688,.T.);
#3492=EDGE_CURVE('',#2880,#2880,#2354,.T.);
#3493=EDGE_CURVE('',#2881,#2881,#2355,.T.);
#3494=EDGE_CURVE('',#2881,#2882,#1689,.T.);
#3495=EDGE_CURVE('',#2882,#2882,#2356,.T.);
#3496=EDGE_CURVE('',#2883,#2883,#2357,.T.);
#3497=EDGE_CURVE('',#2883,#2884,#1690,.T.);
#3498=EDGE_CURVE('',#2884,#2884,#2358,.T.);
#3499=EDGE_CURVE('',#2885,#2885,#2359,.T.);
#3500=EDGE_CURVE('',#2885,#2886,#1691,.T.);
#3501=EDGE_CURVE('',#2886,#2886,#2360,.T.);
#3502=EDGE_CURVE('',#2887,#2887,#2361,.T.);
#3503=EDGE_CURVE('',#2887,#2888,#1692,.T.);
#3504=EDGE_CURVE('',#2888,#2888,#2362,.T.);
#3505=EDGE_CURVE('',#2889,#2889,#2363,.T.);
#3506=EDGE_CURVE('',#2889,#2890,#1693,.T.);
#3507=EDGE_CURVE('',#2890,#2890,#2364,.T.);
#3508=EDGE_CURVE('',#2891,#2891,#2365,.T.);
#3509=EDGE_CURVE('',#2891,#2892,#1694,.T.);
#3510=EDGE_CURVE('',#2892,#2892,#2366,.T.);
#3511=EDGE_CURVE('',#2893,#2893,#2367,.T.);
#3512=EDGE_CURVE('',#2893,#2894,#1695,.T.);
#3513=EDGE_CURVE('',#2894,#2894,#2368,.T.);
#3514=EDGE_CURVE('',#2895,#2895,#2369,.T.);
#3515=EDGE_CURVE('',#2895,#2896,#1696,.T.);
#3516=EDGE_CURVE('',#2896,#2896,#2370,.T.);
#3517=EDGE_CURVE('',#2897,#2897,#2371,.T.);
#3518=EDGE_CURVE('',#2897,#2898,#1697,.T.);
#3519=EDGE_CURVE('',#2898,#2898,#2372,.T.);
#3520=EDGE_CURVE('',#2899,#2899,#2373,.T.);
#3521=EDGE_CURVE('',#2899,#2900,#1698,.T.);
#3522=EDGE_CURVE('',#2900,#2900,#2374,.T.);
#3523=EDGE_CURVE('',#2901,#2901,#2375,.T.);
#3524=EDGE_CURVE('',#2901,#2902,#1699,.T.);
#3525=EDGE_CURVE('',#2902,#2902,#2376,.T.);
#3526=EDGE_CURVE('',#2903,#2903,#2377,.T.);
#3527=EDGE_CURVE('',#2903,#2904,#1700,.T.);
#3528=EDGE_CURVE('',#2904,#2904,#2378,.T.);
#3529=EDGE_CURVE('',#2905,#2905,#2379,.T.);
#3530=EDGE_CURVE('',#2905,#2906,#1701,.T.);
#3531=EDGE_CURVE('',#2906,#2906,#2380,.T.);
#3532=EDGE_CURVE('',#2907,#2907,#2381,.T.);
#3533=EDGE_CURVE('',#2907,#2908,#1702,.T.);
#3534=EDGE_CURVE('',#2908,#2908,#2382,.T.);
#3535=EDGE_CURVE('',#2909,#2909,#2383,.T.);
#3536=EDGE_CURVE('',#2909,#2910,#1703,.T.);
#3537=EDGE_CURVE('',#2910,#2910,#2384,.T.);
#3538=EDGE_CURVE('',#2911,#2911,#2385,.T.);
#3539=EDGE_CURVE('',#2911,#2912,#1704,.T.);
#3540=EDGE_CURVE('',#2912,#2912,#2386,.T.);
#3541=EDGE_CURVE('',#2913,#2913,#2387,.T.);
#3542=EDGE_CURVE('',#2913,#2914,#1705,.T.);
#3543=EDGE_CURVE('',#2914,#2914,#2388,.T.);
#3544=EDGE_CURVE('',#2915,#2915,#2389,.T.);
#3545=EDGE_CURVE('',#2915,#2916,#1706,.T.);
#3546=EDGE_CURVE('',#2916,#2916,#2390,.T.);
#3547=EDGE_CURVE('',#2917,#2917,#2391,.T.);
#3548=EDGE_CURVE('',#2917,#2918,#1707,.T.);
#3549=EDGE_CURVE('',#2918,#2918,#2392,.T.);
#3550=EDGE_CURVE('',#2919,#2919,#2393,.T.);
#3551=EDGE_CURVE('',#2919,#2920,#1708,.T.);
#3552=EDGE_CURVE('',#2920,#2920,#2394,.T.);
#3553=EDGE_CURVE('',#2921,#2921,#2395,.T.);
#3554=EDGE_CURVE('',#2921,#2922,#1709,.T.);
#3555=EDGE_CURVE('',#2922,#2922,#2396,.T.);
#3556=EDGE_CURVE('',#2923,#2923,#2397,.T.);
#3557=EDGE_CURVE('',#2923,#2924,#1710,.T.);
#3558=EDGE_CURVE('',#2924,#2924,#2398,.T.);
#3559=EDGE_CURVE('',#2925,#2925,#2399,.T.);
#3560=EDGE_CURVE('',#2925,#2926,#1711,.T.);
#3561=EDGE_CURVE('',#2926,#2926,#2400,.T.);
#3562=EDGE_CURVE('',#2927,#2927,#2401,.T.);
#3563=EDGE_CURVE('',#2927,#2928,#1712,.T.);
#3564=EDGE_CURVE('',#2928,#2928,#2402,.T.);
#3565=EDGE_CURVE('',#2929,#2929,#2403,.T.);
#3566=EDGE_CURVE('',#2929,#2930,#1713,.T.);
#3567=EDGE_CURVE('',#2930,#2930,#2404,.T.);
#3568=EDGE_CURVE('',#2931,#2931,#2405,.T.);
#3569=EDGE_CURVE('',#2931,#2932,#1714,.T.);
#3570=EDGE_CURVE('',#2932,#2932,#2406,.T.);
#3571=EDGE_CURVE('',#2933,#2933,#2407,.T.);
#3572=EDGE_CURVE('',#2933,#2934,#1715,.T.);
#3573=EDGE_CURVE('',#2934,#2934,#2408,.T.);
#3574=EDGE_CURVE('',#2935,#2935,#2409,.T.);
#3575=EDGE_CURVE('',#2935,#2936,#1716,.T.);
#3576=EDGE_CURVE('',#2936,#2936,#2410,.T.);
#3577=EDGE_CURVE('',#2937,#2937,#2411,.T.);
#3578=EDGE_CURVE('',#2937,#2938,#1717,.T.);
#3579=EDGE_CURVE('',#2938,#2938,#2412,.T.);
#3580=EDGE_CURVE('',#2939,#2939,#2413,.T.);
#3581=EDGE_CURVE('',#2939,#2940,#1718,.T.);
#3582=EDGE_CURVE('',#2940,#2940,#2414,.T.);
#3583=EDGE_CURVE('',#2941,#2941,#2415,.T.);
#3584=EDGE_CURVE('',#2941,#2942,#1719,.T.);
#3585=EDGE_CURVE('',#2942,#2942,#2416,.T.);
#3586=EDGE_CURVE('',#2943,#2943,#2417,.T.);
#3587=EDGE_CURVE('',#2943,#2944,#1720,.T.);
#3588=EDGE_CURVE('',#2944,#2944,#2418,.T.);
#3589=EDGE_CURVE('',#2945,#2945,#2419,.T.);
#3590=EDGE_CURVE('',#2945,#2946,#1721,.T.);
#3591=EDGE_CURVE('',#2946,#2946,#2420,.T.);
#3592=EDGE_CURVE('',#2947,#2947,#2421,.T.);
#3593=EDGE_CURVE('',#2947,#2948,#1722,.T.);
#3594=EDGE_CURVE('',#2948,#2948,#2422,.T.);
#3595=EDGE_CURVE('',#2949,#2949,#2423,.T.);
#3596=EDGE_CURVE('',#2949,#2950,#1723,.T.);
#3597=EDGE_CURVE('',#2950,#2950,#2424,.T.);
#3598=EDGE_CURVE('',#2951,#2951,#2425,.T.);
#3599=EDGE_CURVE('',#2951,#2952,#1724,.T.);
#3600=EDGE_CURVE('',#2952,#2952,#2426,.T.);
#3601=EDGE_CURVE('',#2953,#2953,#2427,.T.);
#3602=EDGE_CURVE('',#2953,#2954,#1725,.T.);
#3603=EDGE_CURVE('',#2954,#2954,#2428,.T.);
#3604=EDGE_CURVE('',#2955,#2955,#2429,.T.);
#3605=EDGE_CURVE('',#2955,#2956,#1726,.T.);
#3606=EDGE_CURVE('',#2956,#2956,#2430,.T.);
#3607=EDGE_CURVE('',#2957,#2957,#2431,.T.);
#3608=EDGE_CURVE('',#2957,#2958,#1727,.T.);
#3609=EDGE_CURVE('',#2958,#2958,#2432,.T.);
#3610=EDGE_CURVE('',#2959,#2959,#2433,.T.);
#3611=EDGE_CURVE('',#2959,#2960,#1728,.T.);
#3612=EDGE_CURVE('',#2960,#2960,#2434,.T.);
#3613=EDGE_CURVE('',#2961,#2961,#2435,.T.);
#3614=EDGE_CURVE('',#2961,#2962,#1729,.T.);
#3615=EDGE_CURVE('',#2962,#2962,#2436,.T.);
#3616=EDGE_CURVE('',#2963,#2963,#2437,.T.);
#3617=EDGE_CURVE('',#2963,#2964,#1730,.T.);
#3618=EDGE_CURVE('',#2964,#2964,#2438,.T.);
#3619=EDGE_CURVE('',#2965,#2965,#2439,.T.);
#3620=EDGE_CURVE('',#2965,#2966,#1731,.T.);
#3621=EDGE_CURVE('',#2966,#2966,#2440,.T.);
#3622=EDGE_CURVE('',#2967,#2967,#2441,.T.);
#3623=EDGE_CURVE('',#2967,#2968,#1732,.T.);
#3624=EDGE_CURVE('',#2968,#2968,#2442,.T.);
#3625=EDGE_CURVE('',#2969,#2969,#2443,.T.);
#3626=EDGE_CURVE('',#2969,#2970,#1733,.T.);
#3627=EDGE_CURVE('',#2970,#2970,#2444,.T.);
#3628=EDGE_CURVE('',#2971,#2971,#2445,.T.);
#3629=EDGE_CURVE('',#2971,#2972,#1734,.T.);
#3630=EDGE_CURVE('',#2972,#2972,#2446,.T.);
#3631=EDGE_CURVE('',#2973,#2973,#2447,.T.);
#3632=EDGE_CURVE('',#2973,#2974,#1735,.T.);
#3633=EDGE_CURVE('',#2974,#2974,#2448,.T.);
#3634=EDGE_CURVE('',#2975,#2975,#2449,.T.);
#3635=EDGE_CURVE('',#2975,#2976,#1736,.T.);
#3636=EDGE_CURVE('',#2976,#2976,#2450,.T.);
#3637=EDGE_CURVE('',#2977,#2977,#2451,.T.);
#3638=EDGE_CURVE('',#2977,#2978,#1737,.T.);
#3639=EDGE_CURVE('',#2978,#2978,#2452,.T.);
#3640=EDGE_CURVE('',#2979,#2979,#2453,.T.);
#3641=EDGE_CURVE('',#2979,#2980,#1738,.T.);
#3642=EDGE_CURVE('',#2980,#2980,#2454,.T.);
#3643=EDGE_CURVE('',#2981,#2981,#2455,.T.);
#3644=EDGE_CURVE('',#2981,#2982,#1739,.T.);
#3645=EDGE_CURVE('',#2982,#2982,#2456,.T.);
#3646=EDGE_CURVE('',#2983,#2983,#2457,.T.);
#3647=EDGE_CURVE('',#2983,#2984,#1740,.T.);
#3648=EDGE_CURVE('',#2984,#2984,#2458,.T.);
#3649=EDGE_CURVE('',#2985,#2985,#2459,.T.);
#3650=EDGE_CURVE('',#2985,#2986,#1741,.T.);
#3651=EDGE_CURVE('',#2986,#2986,#2460,.T.);
#3652=EDGE_CURVE('',#2987,#2987,#2461,.T.);
#3653=EDGE_CURVE('',#2987,#2988,#1742,.T.);
#3654=EDGE_CURVE('',#2988,#2988,#2462,.T.);
#3655=EDGE_CURVE('',#2989,#2989,#2463,.T.);
#3656=EDGE_CURVE('',#2989,#2990,#1743,.T.);
#3657=EDGE_CURVE('',#2990,#2990,#2464,.T.);
#3658=EDGE_CURVE('',#2991,#2991,#2465,.T.);
#3659=EDGE_CURVE('',#2991,#2992,#1744,.T.);
#3660=EDGE_CURVE('',#2992,#2992,#2466,.T.);
#3661=EDGE_CURVE('',#2993,#2993,#2467,.T.);
#3662=EDGE_CURVE('',#2993,#2994,#1745,.T.);
#3663=EDGE_CURVE('',#2994,#2994,#2468,.T.);
#3664=EDGE_CURVE('',#2995,#2995,#2469,.T.);
#3665=EDGE_CURVE('',#2995,#2996,#1746,.T.);
#3666=EDGE_CURVE('',#2996,#2996,#2470,.T.);
#3667=EDGE_CURVE('',#2997,#2997,#2471,.T.);
#3668=EDGE_CURVE('',#2997,#2998,#1747,.T.);
#3669=EDGE_CURVE('',#2998,#2998,#2472,.T.);
#3670=EDGE_CURVE('',#2999,#2999,#2473,.T.);
#3671=EDGE_CURVE('',#2999,#3000,#1748,.T.);
#3672=EDGE_CURVE('',#3000,#3000,#2474,.T.);
#3673=EDGE_CURVE('',#3001,#3001,#2475,.T.);
#3674=EDGE_CURVE('',#3001,#3002,#1749,.T.);
#3675=EDGE_CURVE('',#3002,#3002,#2476,.T.);
#3676=EDGE_CURVE('',#3003,#3003,#2477,.T.);
#3677=EDGE_CURVE('',#3003,#3004,#1750,.T.);
#3678=EDGE_CURVE('',#3004,#3004,#2478,.T.);
#3679=EDGE_CURVE('',#3005,#3005,#2479,.T.);
#3680=EDGE_CURVE('',#3005,#3006,#1751,.T.);
#3681=EDGE_CURVE('',#3006,#3006,#2480,.T.);
#3682=EDGE_CURVE('',#3007,#3007,#2481,.T.);
#3683=EDGE_CURVE('',#3007,#3008,#1752,.T.);
#3684=EDGE_CURVE('',#3008,#3008,#2482,.T.);
#3685=EDGE_CURVE('',#3009,#3009,#2483,.T.);
#3686=EDGE_CURVE('',#3009,#3010,#1753,.T.);
#3687=EDGE_CURVE('',#3010,#3010,#2484,.T.);
#3688=EDGE_CURVE('',#3011,#3011,#2485,.T.);
#3689=EDGE_CURVE('',#3011,#3012,#1754,.T.);
#3690=EDGE_CURVE('',#3012,#3012,#2486,.T.);
#3691=EDGE_CURVE('',#3013,#3013,#2487,.T.);
#3692=EDGE_CURVE('',#3013,#3014,#1755,.T.);
#3693=EDGE_CURVE('',#3014,#3014,#2488,.T.);
#3694=EDGE_CURVE('',#3015,#3015,#2489,.T.);
#3695=EDGE_CURVE('',#3015,#3016,#1756,.T.);
#3696=EDGE_CURVE('',#3016,#3016,#2490,.T.);
#3697=EDGE_CURVE('',#3017,#3017,#2491,.T.);
#3698=EDGE_CURVE('',#3017,#3018,#1757,.T.);
#3699=EDGE_CURVE('',#3018,#3018,#2492,.T.);
#3700=EDGE_CURVE('',#3019,#3019,#2493,.T.);
#3701=EDGE_CURVE('',#3019,#3020,#1758,.T.);
#3702=EDGE_CURVE('',#3020,#3020,#2494,.T.);
#3703=EDGE_CURVE('',#3021,#3021,#2495,.T.);
#3704=EDGE_CURVE('',#3021,#3022,#1759,.T.);
#3705=EDGE_CURVE('',#3022,#3022,#2496,.T.);
#3706=EDGE_CURVE('',#3023,#3023,#2497,.T.);
#3707=EDGE_CURVE('',#3023,#3024,#1760,.T.);
#3708=EDGE_CURVE('',#3024,#3024,#2498,.T.);
#3709=EDGE_CURVE('',#3025,#3025,#2499,.T.);
#3710=EDGE_CURVE('',#3025,#3026,#1761,.T.);
#3711=EDGE_CURVE('',#3026,#3026,#2500,.T.);
#3712=EDGE_CURVE('',#3027,#3027,#2501,.T.);
#3713=EDGE_CURVE('',#3027,#3028,#1762,.T.);
#3714=EDGE_CURVE('',#3028,#3028,#2502,.T.);
#3715=EDGE_CURVE('',#3029,#3029,#2503,.T.);
#3716=EDGE_CURVE('',#3029,#3030,#1763,.T.);
#3717=EDGE_CURVE('',#3030,#3030,#2504,.T.);
#3718=EDGE_CURVE('',#3031,#3031,#2505,.T.);
#3719=EDGE_CURVE('',#3031,#3032,#1764,.T.);
#3720=EDGE_CURVE('',#3032,#3032,#2506,.T.);
#3721=EDGE_CURVE('',#3033,#3033,#2507,.T.);
#3722=EDGE_CURVE('',#3033,#3034,#1765,.T.);
#3723=EDGE_CURVE('',#3034,#3034,#2508,.T.);
#3724=EDGE_CURVE('',#3035,#3035,#2509,.T.);
#3725=EDGE_CURVE('',#3035,#3036,#1766,.T.);
#3726=EDGE_CURVE('',#3036,#3036,#2510,.T.);
#3727=EDGE_CURVE('',#3037,#3037,#2511,.T.);
#3728=EDGE_CURVE('',#3037,#3038,#1767,.T.);
#3729=EDGE_CURVE('',#3038,#3038,#2512,.T.);
#3730=EDGE_CURVE('',#3039,#3039,#2513,.T.);
#3731=EDGE_CURVE('',#3039,#3040,#1768,.T.);
#3732=EDGE_CURVE('',#3040,#3040,#2514,.T.);
#3733=EDGE_CURVE('',#3041,#3041,#2515,.T.);
#3734=EDGE_CURVE('',#3041,#3042,#1769,.T.);
#3735=EDGE_CURVE('',#3042,#3042,#2516,.T.);
#3736=EDGE_CURVE('',#3043,#3043,#2517,.T.);
#3737=EDGE_CURVE('',#3043,#3044,#1770,.T.);
#3738=EDGE_CURVE('',#3044,#3044,#2518,.T.);
#3739=EDGE_CURVE('',#3045,#3045,#2519,.T.);
#3740=EDGE_CURVE('',#3045,#3046,#1771,.T.);
#3741=EDGE_CURVE('',#3046,#3046,#2520,.T.);
#3742=EDGE_CURVE('',#3047,#3047,#2521,.T.);
#3743=EDGE_CURVE('',#3047,#3048,#1772,.T.);
#3744=EDGE_CURVE('',#3048,#3048,#2522,.T.);
#3745=EDGE_CURVE('',#3049,#3049,#2523,.T.);
#3746=EDGE_CURVE('',#3049,#3050,#1773,.T.);
#3747=EDGE_CURVE('',#3050,#3050,#2524,.T.);
#3748=EDGE_CURVE('',#3051,#3051,#2525,.T.);
#3749=EDGE_CURVE('',#3051,#3052,#1774,.T.);
#3750=EDGE_CURVE('',#3052,#3052,#2526,.T.);
#3751=EDGE_CURVE('',#3053,#3053,#2527,.T.);
#3752=EDGE_CURVE('',#3053,#3054,#1775,.T.);
#3753=EDGE_CURVE('',#3054,#3054,#2528,.T.);
#3754=EDGE_CURVE('',#3055,#3055,#2529,.T.);
#3755=EDGE_CURVE('',#3055,#3056,#1776,.T.);
#3756=EDGE_CURVE('',#3056,#3056,#2530,.T.);
#3757=EDGE_CURVE('',#3057,#3057,#2531,.T.);
#3758=EDGE_CURVE('',#3057,#3058,#1777,.T.);
#3759=EDGE_CURVE('',#3058,#3058,#2532,.T.);
#3760=EDGE_CURVE('',#3059,#3059,#2533,.T.);
#3761=EDGE_CURVE('',#3059,#3060,#1778,.T.);
#3762=EDGE_CURVE('',#3060,#3060,#2534,.T.);
#3763=EDGE_CURVE('',#3061,#3061,#2535,.T.);
#3764=EDGE_CURVE('',#3061,#3062,#1779,.T.);
#3765=EDGE_CURVE('',#3062,#3062,#2536,.T.);
#3766=EDGE_CURVE('',#3063,#3063,#2537,.T.);
#3767=EDGE_CURVE('',#3063,#3064,#1780,.T.);
#3768=EDGE_CURVE('',#3064,#3064,#2538,.T.);
#3769=EDGE_CURVE('',#3065,#3065,#2539,.T.);
#3770=EDGE_CURVE('',#3065,#3066,#1781,.T.);
#3771=EDGE_CURVE('',#3066,#3066,#2540,.T.);
#3772=EDGE_CURVE('',#3067,#3067,#2541,.T.);
#3773=EDGE_CURVE('',#3067,#3068,#1782,.T.);
#3774=EDGE_CURVE('',#3068,#3068,#2542,.T.);
#3775=EDGE_CURVE('',#3069,#3069,#2543,.T.);
#3776=EDGE_CURVE('',#3069,#3070,#1783,.T.);
#3777=EDGE_CURVE('',#3070,#3070,#2544,.T.);
#3778=EDGE_CURVE('',#3071,#3071,#2545,.T.);
#3779=EDGE_CURVE('',#3071,#3072,#1784,.T.);
#3780=EDGE_CURVE('',#3072,#3072,#2546,.T.);
#3781=EDGE_CURVE('',#3073,#3073,#2547,.T.);
#3782=EDGE_CURVE('',#3073,#3074,#1785,.T.);
#3783=EDGE_CURVE('',#3074,#3074,#2548,.T.);
#3784=EDGE_CURVE('',#3075,#3075,#2549,.T.);
#3785=EDGE_CURVE('',#3075,#3076,#1786,.T.);
#3786=EDGE_CURVE('',#3076,#3076,#2550,.T.);
#3787=EDGE_CURVE('',#3077,#3077,#2551,.T.);
#3788=EDGE_CURVE('',#3077,#3078,#1787,.T.);
#3789=EDGE_CURVE('',#3078,#3078,#2552,.T.);
#3790=EDGE_CURVE('',#3079,#3079,#2553,.T.);
#3791=EDGE_CURVE('',#3079,#3080,#1788,.T.);
#3792=EDGE_CURVE('',#3080,#3080,#2554,.T.);
#3793=EDGE_CURVE('',#3081,#3081,#2555,.T.);
#3794=EDGE_CURVE('',#3081,#3082,#1789,.T.);
#3795=EDGE_CURVE('',#3082,#3082,#2556,.T.);
#3796=EDGE_CURVE('',#3083,#3083,#2557,.T.);
#3797=EDGE_CURVE('',#3083,#3084,#1790,.T.);
#3798=EDGE_CURVE('',#3084,#3084,#2558,.T.);
#3799=EDGE_CURVE('',#3085,#3085,#2559,.T.);
#3800=EDGE_CURVE('',#3085,#3086,#1791,.T.);
#3801=EDGE_CURVE('',#3086,#3086,#2560,.T.);
#3802=EDGE_CURVE('',#3087,#3087,#2561,.T.);
#3803=EDGE_CURVE('',#3087,#3088,#1792,.T.);
#3804=EDGE_CURVE('',#3088,#3088,#2562,.T.);
#3805=EDGE_CURVE('',#3089,#3089,#2563,.T.);
#3806=EDGE_CURVE('',#3089,#3090,#1793,.T.);
#3807=EDGE_CURVE('',#3090,#3090,#2564,.T.);
#3808=EDGE_CURVE('',#3091,#3091,#2565,.T.);
#3809=EDGE_CURVE('',#3091,#3092,#1794,.T.);
#3810=EDGE_CURVE('',#3092,#3092,#2566,.T.);
#3811=EDGE_CURVE('',#3093,#3093,#2567,.T.);
#3812=EDGE_CURVE('',#3093,#3094,#1795,.T.);
#3813=EDGE_CURVE('',#3094,#3094,#2568,.T.);
#3814=EDGE_CURVE('',#3095,#3095,#2569,.T.);
#3815=EDGE_CURVE('',#3095,#3096,#1796,.T.);
#3816=EDGE_CURVE('',#3096,#3096,#2570,.T.);
#3817=EDGE_CURVE('',#3097,#3097,#2571,.T.);
#3818=EDGE_CURVE('',#3097,#3098,#1797,.T.);
#3819=EDGE_CURVE('',#3098,#3098,#2572,.T.);
#3820=EDGE_CURVE('',#3099,#3099,#2573,.T.);
#3821=EDGE_CURVE('',#3099,#3100,#1798,.T.);
#3822=EDGE_CURVE('',#3100,#3100,#2574,.T.);
#3823=EDGE_CURVE('',#3101,#3101,#2575,.T.);
#3824=EDGE_CURVE('',#3101,#3102,#1799,.T.);
#3825=EDGE_CURVE('',#3102,#3102,#2576,.T.);
#3826=EDGE_CURVE('',#3103,#3103,#2577,.T.);
#3827=EDGE_CURVE('',#3103,#3104,#1800,.T.);
#3828=EDGE_CURVE('',#3104,#3104,#2578,.T.);
#3829=EDGE_CURVE('',#3105,#3105,#2579,.T.);
#3830=EDGE_CURVE('',#3105,#3106,#1801,.T.);
#3831=EDGE_CURVE('',#3106,#3106,#2580,.T.);
#3832=EDGE_CURVE('',#3107,#3107,#2581,.T.);
#3833=EDGE_CURVE('',#3107,#3108,#1802,.T.);
#3834=EDGE_CURVE('',#3108,#3108,#2582,.T.);
#3835=EDGE_CURVE('',#3109,#3109,#2583,.T.);
#3836=EDGE_CURVE('',#3109,#3110,#1803,.T.);
#3837=EDGE_CURVE('',#3110,#3110,#2584,.T.);
#3838=EDGE_CURVE('',#3111,#3111,#2585,.T.);
#3839=EDGE_CURVE('',#3111,#3112,#1804,.T.);
#3840=EDGE_CURVE('',#3112,#3112,#2586,.T.);
#3841=EDGE_CURVE('',#3113,#3113,#2587,.T.);
#3842=EDGE_CURVE('',#3113,#3114,#1805,.T.);
#3843=EDGE_CURVE('',#3114,#3114,#2588,.T.);
#3844=EDGE_CURVE('',#3115,#3115,#2589,.T.);
#3845=EDGE_CURVE('',#3115,#3116,#1806,.T.);
#3846=EDGE_CURVE('',#3116,#3116,#2590,.T.);
#3847=EDGE_CURVE('',#3117,#3117,#2591,.T.);
#3848=EDGE_CURVE('',#3117,#3118,#1807,.T.);
#3849=EDGE_CURVE('',#3118,#3118,#2592,.T.);
#3850=EDGE_CURVE('',#3119,#3119,#2593,.T.);
#3851=EDGE_CURVE('',#3119,#3120,#1808,.T.);
#3852=EDGE_CURVE('',#3120,#3120,#2594,.T.);
#3853=EDGE_CURVE('',#3121,#3121,#2595,.T.);
#3854=EDGE_CURVE('',#3121,#3122,#1809,.T.);
#3855=EDGE_CURVE('',#3122,#3122,#2596,.T.);
#3856=EDGE_CURVE('',#3123,#3123,#2597,.T.);
#3857=EDGE_CURVE('',#3123,#3124,#1810,.T.);
#3858=EDGE_CURVE('',#3124,#3124,#2598,.T.);
#3859=EDGE_CURVE('',#3125,#3125,#2599,.T.);
#3860=EDGE_CURVE('',#3125,#3126,#1811,.T.);
#3861=EDGE_CURVE('',#3126,#3126,#2600,.T.);
#3862=EDGE_CURVE('',#3127,#3127,#2601,.T.);
#3863=EDGE_CURVE('',#3127,#3128,#1812,.T.);
#3864=EDGE_CURVE('',#3128,#3128,#2602,.T.);
#3865=EDGE_CURVE('',#3129,#3129,#2603,.T.);
#3866=EDGE_CURVE('',#3129,#3130,#1813,.T.);
#3867=EDGE_CURVE('',#3130,#3130,#2604,.T.);
#3868=EDGE_CURVE('',#3131,#3131,#2605,.T.);
#3869=EDGE_CURVE('',#3131,#3132,#1814,.T.);
#3870=EDGE_CURVE('',#3132,#3132,#2606,.T.);
#3871=EDGE_CURVE('',#3133,#3133,#2607,.T.);
#3872=EDGE_CURVE('',#3133,#3134,#1815,.T.);
#3873=EDGE_CURVE('',#3134,#3134,#2608,.T.);
#3874=EDGE_CURVE('',#3135,#3135,#2609,.T.);
#3875=EDGE_CURVE('',#3135,#3136,#1816,.T.);
#3876=EDGE_CURVE('',#3136,#3136,#2610,.T.);
#3877=EDGE_CURVE('',#3137,#3137,#2611,.T.);
#3878=EDGE_CURVE('',#3137,#3138,#1817,.T.);
#3879=EDGE_CURVE('',#3138,#3138,#2612,.T.);
#3880=EDGE_CURVE('',#3139,#3139,#2613,.T.);
#3881=EDGE_CURVE('',#3139,#3140,#1818,.T.);
#3882=EDGE_CURVE('',#3140,#3140,#2614,.T.);
#3883=EDGE_CURVE('',#3141,#3141,#2615,.T.);
#3884=EDGE_CURVE('',#3141,#3142,#1819,.T.);
#3885=EDGE_CURVE('',#3142,#3142,#2616,.T.);
#3886=EDGE_CURVE('',#3143,#3143,#2617,.T.);
#3887=EDGE_CURVE('',#3143,#3144,#1820,.T.);
#3888=EDGE_CURVE('',#3144,#3144,#2618,.T.);
#3889=EDGE_CURVE('',#3145,#3145,#2619,.T.);
#3890=EDGE_CURVE('',#3145,#3146,#1821,.T.);
#3891=EDGE_CURVE('',#3146,#3146,#2620,.T.);
#3892=EDGE_CURVE('',#3147,#3147,#2621,.T.);
#3893=EDGE_CURVE('',#3147,#3148,#1822,.T.);
#3894=EDGE_CURVE('',#3148,#3148,#2622,.T.);
#3895=EDGE_CURVE('',#3149,#3149,#2623,.T.);
#3896=EDGE_CURVE('',#3149,#3150,#1823,.T.);
#3897=EDGE_CURVE('',#3150,#3150,#2624,.T.);
#3898=EDGE_CURVE('',#3151,#3151,#2625,.T.);
#3899=EDGE_CURVE('',#3151,#3152,#1824,.T.);
#3900=EDGE_CURVE('',#3152,#3152,#2626,.T.);
#3901=EDGE_CURVE('',#3153,#3153,#2627,.T.);
#3902=EDGE_CURVE('',#3153,#3154,#1825,.T.);
#3903=EDGE_CURVE('',#3154,#3154,#2628,.T.);
#3904=EDGE_CURVE('',#3155,#3155,#2629,.T.);
#3905=EDGE_CURVE('',#3155,#3156,#1826,.T.);
#3906=EDGE_CURVE('',#3156,#3156,#2630,.T.);
#3907=EDGE_CURVE('',#3157,#3157,#2631,.T.);
#3908=EDGE_CURVE('',#3157,#3158,#1827,.T.);
#3909=EDGE_CURVE('',#3158,#3158,#2632,.T.);
#3910=EDGE_CURVE('',#3159,#3159,#2633,.T.);
#3911=EDGE_CURVE('',#3159,#3160,#1828,.T.);
#3912=EDGE_CURVE('',#3160,#3160,#2634,.T.);
#3913=EDGE_CURVE('',#3161,#3161,#2635,.T.);
#3914=EDGE_CURVE('',#3161,#3162,#1829,.T.);
#3915=EDGE_CURVE('',#3162,#3162,#2636,.T.);
#3916=EDGE_CURVE('',#3163,#3163,#2637,.T.);
#3917=EDGE_CURVE('',#3163,#3164,#1830,.T.);
#3918=EDGE_CURVE('',#3164,#3164,#2638,.T.);
#3919=EDGE_CURVE('',#3165,#3165,#2639,.T.);
#3920=EDGE_CURVE('',#3165,#3166,#1831,.T.);
#3921=EDGE_CURVE('',#3166,#3166,#2640,.T.);
#3922=EDGE_CURVE('',#3167,#3167,#2641,.T.);
#3923=EDGE_CURVE('',#3167,#3168,#1832,.T.);
#3924=EDGE_CURVE('',#3168,#3168,#2642,.T.);
#3925=EDGE_CURVE('',#3169,#3169,#2643,.T.);
#3926=EDGE_CURVE('',#3169,#3170,#1833,.T.);
#3927=EDGE_CURVE('',#3170,#3170,#2644,.T.);
#3928=EDGE_CURVE('',#3171,#3171,#2645,.T.);
#3929=EDGE_CURVE('',#3171,#3172,#1834,.T.);
#3930=EDGE_CURVE('',#3172,#3172,#2646,.T.);
#3931=EDGE_CURVE('',#3173,#3173,#2647,.T.);
#3932=EDGE_CURVE('',#3173,#3174,#1835,.T.);
#3933=EDGE_CURVE('',#3174,#3174,#2648,.T.);
#3934=EDGE_CURVE('',#3175,#3175,#2649,.T.);
#3935=EDGE_CURVE('',#3175,#3176,#1836,.T.);
#3936=EDGE_CURVE('',#3176,#3176,#2650,.T.);
#3937=EDGE_CURVE('',#3177,#3177,#2651,.T.);
#3938=EDGE_CURVE('',#3177,#3178,#1837,.T.);
#3939=EDGE_CURVE('',#3178,#3178,#2652,.T.);
#3940=EDGE_CURVE('',#3179,#3179,#2653,.T.);
#3941=EDGE_CURVE('',#3179,#3180,#1838,.T.);
#3942=EDGE_CURVE('',#3180,#3180,#2654,.T.);
#3943=EDGE_CURVE('',#3181,#3181,#2655,.T.);
#3944=EDGE_CURVE('',#3181,#3182,#1839,.T.);
#3945=EDGE_CURVE('',#3182,#3182,#2656,.T.);
#3946=EDGE_CURVE('',#3183,#3183,#2657,.T.);
#3947=EDGE_CURVE('',#3183,#3184,#1840,.T.);
#3948=EDGE_CURVE('',#3184,#3184,#2658,.T.);
#3949=EDGE_CURVE('',#3185,#3185,#2659,.T.);
#3950=EDGE_CURVE('',#3185,#3186,#1841,.T.);
#3951=EDGE_CURVE('',#3186,#3186,#2660,.T.);
#3952=EDGE_CURVE('',#3187,#3187,#2661,.T.);
#3953=EDGE_CURVE('',#3187,#3188,#1842,.T.);
#3954=EDGE_CURVE('',#3188,#3188,#2662,.T.);
#3955=EDGE_CURVE('',#3189,#3189,#2663,.T.);
#3956=EDGE_CURVE('',#3189,#3190,#1843,.T.);
#3957=EDGE_CURVE('',#3190,#3190,#2664,.T.);
#3958=EDGE_CURVE('',#3191,#3191,#2665,.T.);
#3959=EDGE_CURVE('',#3191,#3192,#1844,.T.);
#3960=EDGE_CURVE('',#3192,#3192,#2666,.T.);
#3961=EDGE_CURVE('',#3193,#3193,#2667,.T.);
#3962=EDGE_CURVE('',#3193,#3194,#1845,.T.);
#3963=EDGE_CURVE('',#3194,#3194,#2668,.T.);
#3964=EDGE_CURVE('',#3195,#3195,#2669,.T.);
#3965=EDGE_CURVE('',#3195,#3196,#1846,.T.);
#3966=EDGE_CURVE('',#3196,#3196,#2670,.T.);
#3967=EDGE_CURVE('',#3197,#3197,#2671,.T.);
#3968=EDGE_CURVE('',#3197,#3198,#1847,.T.);
#3969=EDGE_CURVE('',#3198,#3198,#2672,.T.);
#3970=EDGE_CURVE('',#3199,#3199,#2673,.T.);
#3971=EDGE_CURVE('',#3199,#3200,#1848,.T.);
#3972=EDGE_CURVE('',#3200,#3200,#2674,.T.);
#3973=EDGE_CURVE('',#3201,#3201,#2675,.T.);
#3974=EDGE_CURVE('',#3201,#3202,#1849,.T.);
#3975=EDGE_CURVE('',#3202,#3202,#2676,.T.);
#3976=EDGE_CURVE('',#3203,#3203,#2677,.T.);
#3977=EDGE_CURVE('',#3203,#3204,#1850,.T.);
#3978=EDGE_CURVE('',#3204,#3204,#2678,.T.);
#3979=EDGE_CURVE('',#3205,#3205,#2679,.T.);
#3980=EDGE_CURVE('',#3205,#3206,#1851,.T.);
#3981=EDGE_CURVE('',#3206,#3206,#2680,.T.);
#3982=EDGE_CURVE('',#3207,#3207,#2681,.T.);
#3983=EDGE_CURVE('',#3207,#3208,#1852,.T.);
#3984=EDGE_CURVE('',#3208,#3208,#2682,.T.);
#3985=EDGE_CURVE('',#3209,#3209,#2683,.T.);
#3986=EDGE_CURVE('',#3209,#3210,#1853,.T.);
#3987=EDGE_CURVE('',#3210,#3210,#2684,.T.);
#3988=EDGE_CURVE('',#3211,#3211,#2685,.T.);
#3989=EDGE_CURVE('',#3211,#3212,#1854,.T.);
#3990=EDGE_CURVE('',#3212,#3212,#2686,.T.);
#3991=EDGE_CURVE('',#3213,#3213,#2687,.T.);
#3992=EDGE_CURVE('',#3213,#3214,#1855,.T.);
#3993=EDGE_CURVE('',#3214,#3214,#2688,.T.);
#3994=EDGE_CURVE('',#3215,#3215,#2689,.T.);
#3995=EDGE_CURVE('',#3215,#3216,#1856,.T.);
#3996=EDGE_CURVE('',#3216,#3216,#2690,.T.);
#3997=EDGE_CURVE('',#3217,#3217,#2691,.T.);
#3998=EDGE_CURVE('',#3217,#3218,#1857,.T.);
#3999=EDGE_CURVE('',#3218,#3218,#2692,.T.);
#4000=EDGE_CURVE('',#3219,#3219,#2693,.T.);
#4001=EDGE_CURVE('',#3219,#3220,#1858,.T.);
#4002=EDGE_CURVE('',#3220,#3220,#2694,.T.);
#4003=EDGE_CURVE('',#3221,#3221,#2695,.T.);
#4004=EDGE_CURVE('',#3221,#3222,#1859,.T.);
#4005=EDGE_CURVE('',#3222,#3222,#2696,.T.);
#4006=EDGE_CURVE('',#3223,#3223,#2697,.T.);
#4007=EDGE_CURVE('',#3223,#3224,#1860,.T.);
#4008=EDGE_CURVE('',#3224,#3224,#2698,.T.);
#4009=EDGE_CURVE('',#3225,#3225,#2699,.T.);
#4010=EDGE_CURVE('',#3225,#3226,#1861,.T.);
#4011=EDGE_CURVE('',#3226,#3226,#2700,.T.);
#4012=EDGE_CURVE('',#3227,#3227,#2701,.T.);
#4013=EDGE_CURVE('',#3227,#3228,#1862,.T.);
#4014=EDGE_CURVE('',#3228,#3228,#2702,.T.);
#4015=EDGE_CURVE('',#3229,#3229,#2703,.T.);
#4016=EDGE_CURVE('',#3229,#3230,#1863,.T.);
#4017=EDGE_CURVE('',#3230,#3230,#2704,.T.);
#4018=EDGE_CURVE('',#3231,#3231,#2705,.T.);
#4019=EDGE_CURVE('',#3231,#3232,#1864,.T.);
#4020=EDGE_CURVE('',#3232,#3232,#2706,.T.);
#4021=EDGE_CURVE('',#3233,#3233,#2707,.T.);
#4022=EDGE_CURVE('',#3233,#3234,#1865,.T.);
#4023=EDGE_CURVE('',#3234,#3234,#2708,.T.);
#4024=EDGE_CURVE('',#3235,#3235,#2709,.T.);
#4025=EDGE_CURVE('',#3235,#3236,#1866,.T.);
#4026=EDGE_CURVE('',#3236,#3236,#2710,.T.);
#4027=EDGE_CURVE('',#3237,#3237,#2711,.T.);
#4028=EDGE_CURVE('',#3237,#3238,#1867,.T.);
#4029=EDGE_CURVE('',#3238,#3238,#2712,.T.);
#4030=EDGE_CURVE('',#3239,#3239,#2713,.T.);
#4031=EDGE_CURVE('',#3239,#3240,#1868,.T.);
#4032=EDGE_CURVE('',#3240,#3240,#2714,.T.);
#4033=EDGE_CURVE('',#3241,#3241,#2715,.T.);
#4034=EDGE_CURVE('',#3241,#3242,#1869,.T.);
#4035=EDGE_CURVE('',#3242,#3242,#2716,.T.);
#4036=EDGE_CURVE('',#3243,#3243,#2717,.T.);
#4037=EDGE_CURVE('',#3243,#3244,#1870,.T.);
#4038=EDGE_CURVE('',#3244,#3244,#2718,.T.);
#4039=EDGE_CURVE('',#3245,#3245,#2719,.T.);
#4040=EDGE_CURVE('',#3245,#3246,#1871,.T.);
#4041=EDGE_CURVE('',#3246,#3246,#2720,.T.);
#4042=EDGE_CURVE('',#3247,#3247,#2721,.T.);
#4043=EDGE_CURVE('',#3247,#3248,#1872,.T.);
#4044=EDGE_CURVE('',#3248,#3248,#2722,.T.);
#4045=EDGE_CURVE('',#3249,#3249,#2723,.T.);
#4046=EDGE_CURVE('',#3249,#3250,#1873,.T.);
#4047=EDGE_CURVE('',#3250,#3250,#2724,.T.);
#4048=EDGE_CURVE('',#3251,#3251,#2725,.T.);
#4049=EDGE_CURVE('',#3251,#3252,#1874,.T.);
#4050=EDGE_CURVE('',#3252,#3252,#2726,.T.);
#4051=EDGE_CURVE('',#3253,#3253,#2727,.T.);
#4052=EDGE_CURVE('',#3253,#3254,#1875,.T.);
#4053=EDGE_CURVE('',#3254,#3254,#2728,.T.);
#4054=EDGE_CURVE('',#3255,#3255,#2729,.T.);
#4055=EDGE_CURVE('',#3255,#3256,#1876,.T.);
#4056=EDGE_CURVE('',#3256,#3256,#2730,.T.);
#4057=EDGE_CURVE('',#3257,#3257,#2731,.T.);
#4058=EDGE_CURVE('',#3257,#3258,#1877,.T.);
#4059=EDGE_CURVE('',#3258,#3258,#2732,.T.);
#4060=EDGE_CURVE('',#3259,#3259,#2733,.T.);
#4061=EDGE_CURVE('',#3259,#3260,#1878,.T.);
#4062=EDGE_CURVE('',#3260,#3260,#2734,.T.);
#4063=EDGE_CURVE('',#3261,#3261,#2735,.T.);
#4064=EDGE_CURVE('',#3261,#3262,#1879,.T.);
#4065=EDGE_CURVE('',#3262,#3262,#2736,.T.);
#4066=EDGE_CURVE('',#3263,#3263,#2737,.T.);
#4067=EDGE_CURVE('',#3263,#3264,#1880,.T.);
#4068=EDGE_CURVE('',#3264,#3264,#2738,.T.);
#4069=EDGE_CURVE('',#3265,#3265,#2739,.T.);
#4070=EDGE_CURVE('',#3265,#3266,#1881,.T.);
#4071=EDGE_CURVE('',#3266,#3266,#2740,.T.);
#4072=EDGE_CURVE('',#3267,#3268,#1882,.T.);
#4073=EDGE_CURVE('',#3268,#3269,#1883,.T.);
#4074=EDGE_CURVE('',#3269,#3270,#1884,.T.);
#4075=EDGE_CURVE('',#3267,#3270,#1885,.T.);
#4076=EDGE_CURVE('',#3271,#3269,#1886,.T.);
#4077=EDGE_CURVE('',#3272,#3271,#1887,.T.);
#4078=EDGE_CURVE('',#3270,#3272,#1888,.T.);
#4079=EDGE_CURVE('',#3273,#3268,#1889,.T.);
#4080=EDGE_CURVE('',#3268,#3274,#1890,.T.);
#4081=EDGE_CURVE('',#3274,#3275,#1891,.T.);
#4082=EDGE_CURVE('',#3273,#3275,#1892,.T.);
#4083=EDGE_CURVE('',#3267,#3276,#1893,.T.);
#4084=EDGE_CURVE('',#3277,#3276,#1894,.T.);
#4085=EDGE_CURVE('',#3278,#3277,#1895,.T.);
#4086=EDGE_CURVE('',#3278,#3267,#1896,.T.);
#4087=EDGE_CURVE('',#3279,#3272,#1897,.T.);
#4088=EDGE_CURVE('',#3271,#3280,#1898,.T.);
#4089=EDGE_CURVE('',#3281,#3280,#1899,.T.);
#4090=EDGE_CURVE('',#3282,#3281,#1900,.T.);
#4091=EDGE_CURVE('',#3282,#3283,#1901,.T.);
#4092=EDGE_CURVE('',#3284,#3283,#1902,.T.);
#4093=EDGE_CURVE('',#3279,#3284,#1903,.T.);
#4094=EDGE_CURVE('',#3281,#3285,#2741,.T.);
#4095=EDGE_CURVE('',#3285,#3286,#1904,.T.);
#4096=EDGE_CURVE('',#3286,#3282,#2742,.T.);
#4097=EDGE_CURVE('',#3280,#3273,#1905,.T.);
#4098=EDGE_CURVE('',#3275,#3287,#1906,.T.);
#4099=EDGE_CURVE('',#3287,#3288,#1907,.T.);
#4100=EDGE_CURVE('',#3288,#3277,#1908,.T.);
#4101=EDGE_CURVE('',#3276,#3279,#1909,.T.);
#4102=EDGE_CURVE('',#3289,#3284,#2743,.T.);
#4103=EDGE_CURVE('',#3289,#3290,#1910,.T.);
#4104=EDGE_CURVE('',#3291,#3290,#2744,.T.);
#4105=EDGE_CURVE('',#3291,#3292,#1911,.T.);
#4106=EDGE_CURVE('',#3293,#3292,#2745,.T.);
#4107=EDGE_CURVE('',#3293,#3285,#1912,.T.);
#4108=EDGE_CURVE('',#3294,#3294,#2746,.T.);
#4109=EDGE_CURVE('',#3295,#3295,#2747,.T.);
#4110=EDGE_CURVE('',#3296,#3296,#2748,.T.);
#4111=EDGE_CURVE('',#3297,#3297,#2749,.T.);
#4112=EDGE_CURVE('',#3283,#3298,#2750,.T.);
#4113=EDGE_CURVE('',#3298,#3289,#1913,.T.);
#4114=EDGE_CURVE('',#3290,#3299,#1914,.T.);
#4115=EDGE_CURVE('',#3299,#3300,#2751,.T.);
#4116=EDGE_CURVE('',#3300,#3291,#1915,.T.);
#4117=EDGE_CURVE('',#3300,#3301,#1916,.T.);
#4118=EDGE_CURVE('',#3292,#3301,#1917,.T.);
#4119=EDGE_CURVE('',#3301,#3302,#2752,.T.);
#4120=EDGE_CURVE('',#3302,#3293,#1918,.T.);
#4121=EDGE_CURVE('',#3303,#3278,#1919,.T.);
#4122=EDGE_CURVE('',#3304,#3303,#1920,.T.);
#4123=EDGE_CURVE('',#3274,#3304,#1921,.T.);
#4124=EDGE_CURVE('',#3304,#3287,#1922,.T.);
#4125=EDGE_CURVE('',#3303,#3288,#1923,.T.);
#4126=EDGE_CURVE('',#3305,#3305,#2753,.T.);
#4127=EDGE_CURVE('',#3305,#3306,#1924,.T.);
#4128=EDGE_CURVE('',#3306,#3306,#2754,.T.);
#4129=EDGE_CURVE('',#3307,#3307,#2755,.T.);
#4130=EDGE_CURVE('',#3307,#3308,#1925,.T.);
#4131=EDGE_CURVE('',#3308,#3308,#2756,.T.);
#4132=EDGE_CURVE('',#3302,#3286,#1926,.T.);
#4133=EDGE_CURVE('',#3298,#3299,#1927,.T.);
#4134=EDGE_CURVE('',#3296,#3309,#1928,.T.);
#4135=EDGE_CURVE('',#3309,#3309,#2757,.T.);
#4136=EDGE_CURVE('',#3295,#3310,#1929,.T.);
#4137=EDGE_CURVE('',#3310,#3310,#2758,.T.);
#4138=EDGE_CURVE('',#3297,#3311,#1930,.T.);
#4139=EDGE_CURVE('',#3311,#3311,#2759,.T.);
#4140=EDGE_CURVE('',#3294,#3312,#1931,.T.);
#4141=EDGE_CURVE('',#3312,#3312,#2760,.T.);
#4142=ORIENTED_EDGE('',*,*,#3313,.T.);
#4143=ORIENTED_EDGE('',*,*,#3314,.T.);
#4144=ORIENTED_EDGE('',*,*,#3315,.F.);
#4145=ORIENTED_EDGE('',*,*,#3314,.F.);
#4146=ORIENTED_EDGE('',*,*,#3316,.T.);
#4147=ORIENTED_EDGE('',*,*,#3317,.T.);
#4148=ORIENTED_EDGE('',*,*,#3318,.F.);
#4149=ORIENTED_EDGE('',*,*,#3317,.F.);
#4150=ORIENTED_EDGE('',*,*,#3319,.F.);
#4151=ORIENTED_EDGE('',*,*,#3320,.T.);
#4152=ORIENTED_EDGE('',*,*,#3321,.F.);
#4153=ORIENTED_EDGE('',*,*,#3320,.F.);
#4154=ORIENTED_EDGE('',*,*,#3322,.F.);
#4155=ORIENTED_EDGE('',*,*,#3323,.T.);
#4156=ORIENTED_EDGE('',*,*,#3324,.F.);
#4157=ORIENTED_EDGE('',*,*,#3323,.F.);
#4158=ORIENTED_EDGE('',*,*,#3325,.F.);
#4159=ORIENTED_EDGE('',*,*,#3326,.T.);
#4160=ORIENTED_EDGE('',*,*,#3327,.F.);
#4161=ORIENTED_EDGE('',*,*,#3326,.F.);
#4162=ORIENTED_EDGE('',*,*,#3328,.F.);
#4163=ORIENTED_EDGE('',*,*,#3329,.T.);
#4164=ORIENTED_EDGE('',*,*,#3330,.F.);
#4165=ORIENTED_EDGE('',*,*,#3329,.F.);
#4166=ORIENTED_EDGE('',*,*,#3331,.F.);
#4167=ORIENTED_EDGE('',*,*,#3332,.T.);
#4168=ORIENTED_EDGE('',*,*,#3333,.F.);
#4169=ORIENTED_EDGE('',*,*,#3332,.F.);
#4170=ORIENTED_EDGE('',*,*,#3334,.F.);
#4171=ORIENTED_EDGE('',*,*,#3335,.T.);
#4172=ORIENTED_EDGE('',*,*,#3336,.F.);
#4173=ORIENTED_EDGE('',*,*,#3335,.F.);
#4174=ORIENTED_EDGE('',*,*,#3337,.F.);
#4175=ORIENTED_EDGE('',*,*,#3338,.T.);
#4176=ORIENTED_EDGE('',*,*,#3339,.F.);
#4177=ORIENTED_EDGE('',*,*,#3338,.F.);
#4178=ORIENTED_EDGE('',*,*,#3340,.F.);
#4179=ORIENTED_EDGE('',*,*,#3341,.T.);
#4180=ORIENTED_EDGE('',*,*,#3342,.F.);
#4181=ORIENTED_EDGE('',*,*,#3341,.F.);
#4182=ORIENTED_EDGE('',*,*,#3343,.F.);
#4183=ORIENTED_EDGE('',*,*,#3344,.T.);
#4184=ORIENTED_EDGE('',*,*,#3345,.F.);
#4185=ORIENTED_EDGE('',*,*,#3344,.F.);
#4186=ORIENTED_EDGE('',*,*,#3346,.F.);
#4187=ORIENTED_EDGE('',*,*,#3347,.T.);
#4188=ORIENTED_EDGE('',*,*,#3348,.F.);
#4189=ORIENTED_EDGE('',*,*,#3347,.F.);
#4190=ORIENTED_EDGE('',*,*,#3349,.F.);
#4191=ORIENTED_EDGE('',*,*,#3350,.T.);
#4192=ORIENTED_EDGE('',*,*,#3351,.F.);
#4193=ORIENTED_EDGE('',*,*,#3350,.F.);
#4194=ORIENTED_EDGE('',*,*,#3352,.F.);
#4195=ORIENTED_EDGE('',*,*,#3353,.T.);
#4196=ORIENTED_EDGE('',*,*,#3354,.F.);
#4197=ORIENTED_EDGE('',*,*,#3353,.F.);
#4198=ORIENTED_EDGE('',*,*,#3355,.F.);
#4199=ORIENTED_EDGE('',*,*,#3356,.T.);
#4200=ORIENTED_EDGE('',*,*,#3357,.F.);
#4201=ORIENTED_EDGE('',*,*,#3356,.F.);
#4202=ORIENTED_EDGE('',*,*,#3358,.F.);
#4203=ORIENTED_EDGE('',*,*,#3359,.T.);
#4204=ORIENTED_EDGE('',*,*,#3360,.F.);
#4205=ORIENTED_EDGE('',*,*,#3359,.F.);
#4206=ORIENTED_EDGE('',*,*,#3361,.F.);
#4207=ORIENTED_EDGE('',*,*,#3362,.T.);
#4208=ORIENTED_EDGE('',*,*,#3363,.F.);
#4209=ORIENTED_EDGE('',*,*,#3362,.F.);
#4210=ORIENTED_EDGE('',*,*,#3364,.F.);
#4211=ORIENTED_EDGE('',*,*,#3365,.T.);
#4212=ORIENTED_EDGE('',*,*,#3366,.F.);
#4213=ORIENTED_EDGE('',*,*,#3365,.F.);
#4214=ORIENTED_EDGE('',*,*,#3367,.F.);
#4215=ORIENTED_EDGE('',*,*,#3368,.T.);
#4216=ORIENTED_EDGE('',*,*,#3369,.F.);
#4217=ORIENTED_EDGE('',*,*,#3368,.F.);
#4218=ORIENTED_EDGE('',*,*,#3370,.F.);
#4219=ORIENTED_EDGE('',*,*,#3371,.T.);
#4220=ORIENTED_EDGE('',*,*,#3372,.F.);
#4221=ORIENTED_EDGE('',*,*,#3371,.F.);
#4222=ORIENTED_EDGE('',*,*,#3373,.F.);
#4223=ORIENTED_EDGE('',*,*,#3374,.T.);
#4224=ORIENTED_EDGE('',*,*,#3375,.F.);
#4225=ORIENTED_EDGE('',*,*,#3374,.F.);
#4226=ORIENTED_EDGE('',*,*,#3376,.F.);
#4227=ORIENTED_EDGE('',*,*,#3377,.T.);
#4228=ORIENTED_EDGE('',*,*,#3378,.F.);
#4229=ORIENTED_EDGE('',*,*,#3377,.F.);
#4230=ORIENTED_EDGE('',*,*,#3379,.F.);
#4231=ORIENTED_EDGE('',*,*,#3380,.T.);
#4232=ORIENTED_EDGE('',*,*,#3381,.F.);
#4233=ORIENTED_EDGE('',*,*,#3380,.F.);
#4234=ORIENTED_EDGE('',*,*,#3382,.F.);
#4235=ORIENTED_EDGE('',*,*,#3383,.T.);
#4236=ORIENTED_EDGE('',*,*,#3384,.F.);
#4237=ORIENTED_EDGE('',*,*,#3383,.F.);
#4238=ORIENTED_EDGE('',*,*,#3385,.F.);
#4239=ORIENTED_EDGE('',*,*,#3386,.T.);
#4240=ORIENTED_EDGE('',*,*,#3387,.F.);
#4241=ORIENTED_EDGE('',*,*,#3386,.F.);
#4242=ORIENTED_EDGE('',*,*,#3388,.F.);
#4243=ORIENTED_EDGE('',*,*,#3389,.T.);
#4244=ORIENTED_EDGE('',*,*,#3390,.F.);
#4245=ORIENTED_EDGE('',*,*,#3389,.F.);
#4246=ORIENTED_EDGE('',*,*,#3391,.F.);
#4247=ORIENTED_EDGE('',*,*,#3392,.T.);
#4248=ORIENTED_EDGE('',*,*,#3393,.F.);
#4249=ORIENTED_EDGE('',*,*,#3392,.F.);
#4250=ORIENTED_EDGE('',*,*,#3394,.F.);
#4251=ORIENTED_EDGE('',*,*,#3395,.T.);
#4252=ORIENTED_EDGE('',*,*,#3396,.F.);
#4253=ORIENTED_EDGE('',*,*,#3395,.F.);
#4254=ORIENTED_EDGE('',*,*,#3397,.F.);
#4255=ORIENTED_EDGE('',*,*,#3398,.T.);
#4256=ORIENTED_EDGE('',*,*,#3399,.F.);
#4257=ORIENTED_EDGE('',*,*,#3398,.F.);
#4258=ORIENTED_EDGE('',*,*,#3400,.F.);
#4259=ORIENTED_EDGE('',*,*,#3401,.T.);
#4260=ORIENTED_EDGE('',*,*,#3402,.F.);
#4261=ORIENTED_EDGE('',*,*,#3401,.F.);
#4262=ORIENTED_EDGE('',*,*,#3403,.F.);
#4263=ORIENTED_EDGE('',*,*,#3404,.T.);
#4264=ORIENTED_EDGE('',*,*,#3405,.F.);
#4265=ORIENTED_EDGE('',*,*,#3404,.F.);
#4266=ORIENTED_EDGE('',*,*,#3406,.F.);
#4267=ORIENTED_EDGE('',*,*,#3407,.T.);
#4268=ORIENTED_EDGE('',*,*,#3408,.F.);
#4269=ORIENTED_EDGE('',*,*,#3407,.F.);
#4270=ORIENTED_EDGE('',*,*,#3409,.F.);
#4271=ORIENTED_EDGE('',*,*,#3410,.T.);
#4272=ORIENTED_EDGE('',*,*,#3411,.F.);
#4273=ORIENTED_EDGE('',*,*,#3410,.F.);
#4274=ORIENTED_EDGE('',*,*,#3412,.F.);
#4275=ORIENTED_EDGE('',*,*,#3413,.T.);
#4276=ORIENTED_EDGE('',*,*,#3414,.F.);
#4277=ORIENTED_EDGE('',*,*,#3413,.F.);
#4278=ORIENTED_EDGE('',*,*,#3415,.F.);
#4279=ORIENTED_EDGE('',*,*,#3416,.T.);
#4280=ORIENTED_EDGE('',*,*,#3417,.F.);
#4281=ORIENTED_EDGE('',*,*,#3416,.F.);
#4282=ORIENTED_EDGE('',*,*,#3418,.F.);
#4283=ORIENTED_EDGE('',*,*,#3419,.T.);
#4284=ORIENTED_EDGE('',*,*,#3420,.F.);
#4285=ORIENTED_EDGE('',*,*,#3419,.F.);
#4286=ORIENTED_EDGE('',*,*,#3421,.F.);
#4287=ORIENTED_EDGE('',*,*,#3422,.T.);
#4288=ORIENTED_EDGE('',*,*,#3423,.F.);
#4289=ORIENTED_EDGE('',*,*,#3422,.F.);
#4290=ORIENTED_EDGE('',*,*,#3424,.F.);
#4291=ORIENTED_EDGE('',*,*,#3425,.T.);
#4292=ORIENTED_EDGE('',*,*,#3426,.F.);
#4293=ORIENTED_EDGE('',*,*,#3425,.F.);
#4294=ORIENTED_EDGE('',*,*,#3427,.F.);
#4295=ORIENTED_EDGE('',*,*,#3428,.T.);
#4296=ORIENTED_EDGE('',*,*,#3429,.F.);
#4297=ORIENTED_EDGE('',*,*,#3428,.F.);
#4298=ORIENTED_EDGE('',*,*,#3430,.F.);
#4299=ORIENTED_EDGE('',*,*,#3431,.T.);
#4300=ORIENTED_EDGE('',*,*,#3432,.F.);
#4301=ORIENTED_EDGE('',*,*,#3431,.F.);
#4302=ORIENTED_EDGE('',*,*,#3433,.F.);
#4303=ORIENTED_EDGE('',*,*,#3434,.T.);
#4304=ORIENTED_EDGE('',*,*,#3435,.F.);
#4305=ORIENTED_EDGE('',*,*,#3434,.F.);
#4306=ORIENTED_EDGE('',*,*,#3436,.F.);
#4307=ORIENTED_EDGE('',*,*,#3437,.T.);
#4308=ORIENTED_EDGE('',*,*,#3438,.F.);
#4309=ORIENTED_EDGE('',*,*,#3437,.F.);
#4310=ORIENTED_EDGE('',*,*,#3439,.F.);
#4311=ORIENTED_EDGE('',*,*,#3440,.T.);
#4312=ORIENTED_EDGE('',*,*,#3441,.F.);
#4313=ORIENTED_EDGE('',*,*,#3440,.F.);
#4314=ORIENTED_EDGE('',*,*,#3442,.F.);
#4315=ORIENTED_EDGE('',*,*,#3443,.T.);
#4316=ORIENTED_EDGE('',*,*,#3444,.F.);
#4317=ORIENTED_EDGE('',*,*,#3443,.F.);
#4318=ORIENTED_EDGE('',*,*,#3445,.F.);
#4319=ORIENTED_EDGE('',*,*,#3446,.T.);
#4320=ORIENTED_EDGE('',*,*,#3447,.F.);
#4321=ORIENTED_EDGE('',*,*,#3446,.F.);
#4322=ORIENTED_EDGE('',*,*,#3448,.F.);
#4323=ORIENTED_EDGE('',*,*,#3449,.T.);
#4324=ORIENTED_EDGE('',*,*,#3450,.F.);
#4325=ORIENTED_EDGE('',*,*,#3449,.F.);
#4326=ORIENTED_EDGE('',*,*,#3451,.F.);
#4327=ORIENTED_EDGE('',*,*,#3452,.T.);
#4328=ORIENTED_EDGE('',*,*,#3453,.F.);
#4329=ORIENTED_EDGE('',*,*,#3452,.F.);
#4330=ORIENTED_EDGE('',*,*,#3454,.F.);
#4331=ORIENTED_EDGE('',*,*,#3455,.T.);
#4332=ORIENTED_EDGE('',*,*,#3456,.F.);
#4333=ORIENTED_EDGE('',*,*,#3455,.F.);
#4334=ORIENTED_EDGE('',*,*,#3457,.F.);
#4335=ORIENTED_EDGE('',*,*,#3458,.T.);
#4336=ORIENTED_EDGE('',*,*,#3459,.F.);
#4337=ORIENTED_EDGE('',*,*,#3458,.F.);
#4338=ORIENTED_EDGE('',*,*,#3460,.F.);
#4339=ORIENTED_EDGE('',*,*,#3461,.T.);
#4340=ORIENTED_EDGE('',*,*,#3462,.F.);
#4341=ORIENTED_EDGE('',*,*,#3461,.F.);
#4342=ORIENTED_EDGE('',*,*,#3463,.F.);
#4343=ORIENTED_EDGE('',*,*,#3464,.T.);
#4344=ORIENTED_EDGE('',*,*,#3465,.F.);
#4345=ORIENTED_EDGE('',*,*,#3464,.F.);
#4346=ORIENTED_EDGE('',*,*,#3466,.F.);
#4347=ORIENTED_EDGE('',*,*,#3467,.T.);
#4348=ORIENTED_EDGE('',*,*,#3468,.F.);
#4349=ORIENTED_EDGE('',*,*,#3467,.F.);
#4350=ORIENTED_EDGE('',*,*,#3469,.F.);
#4351=ORIENTED_EDGE('',*,*,#3470,.T.);
#4352=ORIENTED_EDGE('',*,*,#3471,.F.);
#4353=ORIENTED_EDGE('',*,*,#3470,.F.);
#4354=ORIENTED_EDGE('',*,*,#3472,.F.);
#4355=ORIENTED_EDGE('',*,*,#3473,.T.);
#4356=ORIENTED_EDGE('',*,*,#3474,.F.);
#4357=ORIENTED_EDGE('',*,*,#3473,.F.);
#4358=ORIENTED_EDGE('',*,*,#3475,.F.);
#4359=ORIENTED_EDGE('',*,*,#3476,.T.);
#4360=ORIENTED_EDGE('',*,*,#3477,.F.);
#4361=ORIENTED_EDGE('',*,*,#3476,.F.);
#4362=ORIENTED_EDGE('',*,*,#3478,.F.);
#4363=ORIENTED_EDGE('',*,*,#3479,.T.);
#4364=ORIENTED_EDGE('',*,*,#3480,.F.);
#4365=ORIENTED_EDGE('',*,*,#3479,.F.);
#4366=ORIENTED_EDGE('',*,*,#3481,.F.);
#4367=ORIENTED_EDGE('',*,*,#3482,.T.);
#4368=ORIENTED_EDGE('',*,*,#3483,.F.);
#4369=ORIENTED_EDGE('',*,*,#3482,.F.);
#4370=ORIENTED_EDGE('',*,*,#3484,.F.);
#4371=ORIENTED_EDGE('',*,*,#3485,.T.);
#4372=ORIENTED_EDGE('',*,*,#3486,.F.);
#4373=ORIENTED_EDGE('',*,*,#3485,.F.);
#4374=ORIENTED_EDGE('',*,*,#3487,.F.);
#4375=ORIENTED_EDGE('',*,*,#3488,.T.);
#4376=ORIENTED_EDGE('',*,*,#3489,.F.);
#4377=ORIENTED_EDGE('',*,*,#3488,.F.);
#4378=ORIENTED_EDGE('',*,*,#3490,.F.);
#4379=ORIENTED_EDGE('',*,*,#3491,.T.);
#4380=ORIENTED_EDGE('',*,*,#3492,.F.);
#4381=ORIENTED_EDGE('',*,*,#3491,.F.);
#4382=ORIENTED_EDGE('',*,*,#3493,.F.);
#4383=ORIENTED_EDGE('',*,*,#3494,.T.);
#4384=ORIENTED_EDGE('',*,*,#3495,.F.);
#4385=ORIENTED_EDGE('',*,*,#3494,.F.);
#4386=ORIENTED_EDGE('',*,*,#3496,.F.);
#4387=ORIENTED_EDGE('',*,*,#3497,.T.);
#4388=ORIENTED_EDGE('',*,*,#3498,.F.);
#4389=ORIENTED_EDGE('',*,*,#3497,.F.);
#4390=ORIENTED_EDGE('',*,*,#3499,.F.);
#4391=ORIENTED_EDGE('',*,*,#3500,.T.);
#4392=ORIENTED_EDGE('',*,*,#3501,.F.);
#4393=ORIENTED_EDGE('',*,*,#3500,.F.);
#4394=ORIENTED_EDGE('',*,*,#3502,.F.);
#4395=ORIENTED_EDGE('',*,*,#3503,.T.);
#4396=ORIENTED_EDGE('',*,*,#3504,.F.);
#4397=ORIENTED_EDGE('',*,*,#3503,.F.);
#4398=ORIENTED_EDGE('',*,*,#3505,.F.);
#4399=ORIENTED_EDGE('',*,*,#3506,.T.);
#4400=ORIENTED_EDGE('',*,*,#3507,.F.);
#4401=ORIENTED_EDGE('',*,*,#3506,.F.);
#4402=ORIENTED_EDGE('',*,*,#3508,.F.);
#4403=ORIENTED_EDGE('',*,*,#3509,.T.);
#4404=ORIENTED_EDGE('',*,*,#3510,.F.);
#4405=ORIENTED_EDGE('',*,*,#3509,.F.);
#4406=ORIENTED_EDGE('',*,*,#3511,.F.);
#4407=ORIENTED_EDGE('',*,*,#3512,.T.);
#4408=ORIENTED_EDGE('',*,*,#3513,.F.);
#4409=ORIENTED_EDGE('',*,*,#3512,.F.);
#4410=ORIENTED_EDGE('',*,*,#3514,.F.);
#4411=ORIENTED_EDGE('',*,*,#3515,.T.);
#4412=ORIENTED_EDGE('',*,*,#3516,.F.);
#4413=ORIENTED_EDGE('',*,*,#3515,.F.);
#4414=ORIENTED_EDGE('',*,*,#3517,.F.);
#4415=ORIENTED_EDGE('',*,*,#3518,.T.);
#4416=ORIENTED_EDGE('',*,*,#3519,.F.);
#4417=ORIENTED_EDGE('',*,*,#3518,.F.);
#4418=ORIENTED_EDGE('',*,*,#3520,.F.);
#4419=ORIENTED_EDGE('',*,*,#3521,.T.);
#4420=ORIENTED_EDGE('',*,*,#3522,.F.);
#4421=ORIENTED_EDGE('',*,*,#3521,.F.);
#4422=ORIENTED_EDGE('',*,*,#3523,.F.);
#4423=ORIENTED_EDGE('',*,*,#3524,.T.);
#4424=ORIENTED_EDGE('',*,*,#3525,.F.);
#4425=ORIENTED_EDGE('',*,*,#3524,.F.);
#4426=ORIENTED_EDGE('',*,*,#3526,.F.);
#4427=ORIENTED_EDGE('',*,*,#3527,.T.);
#4428=ORIENTED_EDGE('',*,*,#3528,.F.);
#4429=ORIENTED_EDGE('',*,*,#3527,.F.);
#4430=ORIENTED_EDGE('',*,*,#3529,.F.);
#4431=ORIENTED_EDGE('',*,*,#3530,.T.);
#4432=ORIENTED_EDGE('',*,*,#3531,.F.);
#4433=ORIENTED_EDGE('',*,*,#3530,.F.);
#4434=ORIENTED_EDGE('',*,*,#3532,.F.);
#4435=ORIENTED_EDGE('',*,*,#3533,.T.);
#4436=ORIENTED_EDGE('',*,*,#3534,.F.);
#4437=ORIENTED_EDGE('',*,*,#3533,.F.);
#4438=ORIENTED_EDGE('',*,*,#3535,.F.);
#4439=ORIENTED_EDGE('',*,*,#3536,.T.);
#4440=ORIENTED_EDGE('',*,*,#3537,.F.);
#4441=ORIENTED_EDGE('',*,*,#3536,.F.);
#4442=ORIENTED_EDGE('',*,*,#3538,.F.);
#4443=ORIENTED_EDGE('',*,*,#3539,.T.);
#4444=ORIENTED_EDGE('',*,*,#3540,.F.);
#4445=ORIENTED_EDGE('',*,*,#3539,.F.);
#4446=ORIENTED_EDGE('',*,*,#3541,.F.);
#4447=ORIENTED_EDGE('',*,*,#3542,.T.);
#4448=ORIENTED_EDGE('',*,*,#3543,.F.);
#4449=ORIENTED_EDGE('',*,*,#3542,.F.);
#4450=ORIENTED_EDGE('',*,*,#3544,.F.);
#4451=ORIENTED_EDGE('',*,*,#3545,.T.);
#4452=ORIENTED_EDGE('',*,*,#3546,.F.);
#4453=ORIENTED_EDGE('',*,*,#3545,.F.);
#4454=ORIENTED_EDGE('',*,*,#3547,.F.);
#4455=ORIENTED_EDGE('',*,*,#3548,.T.);
#4456=ORIENTED_EDGE('',*,*,#3549,.F.);
#4457=ORIENTED_EDGE('',*,*,#3548,.F.);
#4458=ORIENTED_EDGE('',*,*,#3550,.F.);
#4459=ORIENTED_EDGE('',*,*,#3551,.T.);
#4460=ORIENTED_EDGE('',*,*,#3552,.F.);
#4461=ORIENTED_EDGE('',*,*,#3551,.F.);
#4462=ORIENTED_EDGE('',*,*,#3553,.F.);
#4463=ORIENTED_EDGE('',*,*,#3554,.T.);
#4464=ORIENTED_EDGE('',*,*,#3555,.F.);
#4465=ORIENTED_EDGE('',*,*,#3554,.F.);
#4466=ORIENTED_EDGE('',*,*,#3556,.F.);
#4467=ORIENTED_EDGE('',*,*,#3557,.T.);
#4468=ORIENTED_EDGE('',*,*,#3558,.F.);
#4469=ORIENTED_EDGE('',*,*,#3557,.F.);
#4470=ORIENTED_EDGE('',*,*,#3559,.F.);
#4471=ORIENTED_EDGE('',*,*,#3560,.T.);
#4472=ORIENTED_EDGE('',*,*,#3561,.F.);
#4473=ORIENTED_EDGE('',*,*,#3560,.F.);
#4474=ORIENTED_EDGE('',*,*,#3562,.F.);
#4475=ORIENTED_EDGE('',*,*,#3563,.T.);
#4476=ORIENTED_EDGE('',*,*,#3564,.F.);
#4477=ORIENTED_EDGE('',*,*,#3563,.F.);
#4478=ORIENTED_EDGE('',*,*,#3565,.F.);
#4479=ORIENTED_EDGE('',*,*,#3566,.T.);
#4480=ORIENTED_EDGE('',*,*,#3567,.F.);
#4481=ORIENTED_EDGE('',*,*,#3566,.F.);
#4482=ORIENTED_EDGE('',*,*,#3568,.F.);
#4483=ORIENTED_EDGE('',*,*,#3569,.T.);
#4484=ORIENTED_EDGE('',*,*,#3570,.F.);
#4485=ORIENTED_EDGE('',*,*,#3569,.F.);
#4486=ORIENTED_EDGE('',*,*,#3571,.F.);
#4487=ORIENTED_EDGE('',*,*,#3572,.T.);
#4488=ORIENTED_EDGE('',*,*,#3573,.F.);
#4489=ORIENTED_EDGE('',*,*,#3572,.F.);
#4490=ORIENTED_EDGE('',*,*,#3574,.F.);
#4491=ORIENTED_EDGE('',*,*,#3575,.T.);
#4492=ORIENTED_EDGE('',*,*,#3576,.F.);
#4493=ORIENTED_EDGE('',*,*,#3575,.F.);
#4494=ORIENTED_EDGE('',*,*,#3577,.F.);
#4495=ORIENTED_EDGE('',*,*,#3578,.T.);
#4496=ORIENTED_EDGE('',*,*,#3579,.F.);
#4497=ORIENTED_EDGE('',*,*,#3578,.F.);
#4498=ORIENTED_EDGE('',*,*,#3580,.F.);
#4499=ORIENTED_EDGE('',*,*,#3581,.T.);
#4500=ORIENTED_EDGE('',*,*,#3582,.F.);
#4501=ORIENTED_EDGE('',*,*,#3581,.F.);
#4502=ORIENTED_EDGE('',*,*,#3583,.F.);
#4503=ORIENTED_EDGE('',*,*,#3584,.T.);
#4504=ORIENTED_EDGE('',*,*,#3585,.F.);
#4505=ORIENTED_EDGE('',*,*,#3584,.F.);
#4506=ORIENTED_EDGE('',*,*,#3586,.F.);
#4507=ORIENTED_EDGE('',*,*,#3587,.T.);
#4508=ORIENTED_EDGE('',*,*,#3588,.F.);
#4509=ORIENTED_EDGE('',*,*,#3587,.F.);
#4510=ORIENTED_EDGE('',*,*,#3589,.F.);
#4511=ORIENTED_EDGE('',*,*,#3590,.T.);
#4512=ORIENTED_EDGE('',*,*,#3591,.F.);
#4513=ORIENTED_EDGE('',*,*,#3590,.F.);
#4514=ORIENTED_EDGE('',*,*,#3592,.F.);
#4515=ORIENTED_EDGE('',*,*,#3593,.T.);
#4516=ORIENTED_EDGE('',*,*,#3594,.F.);
#4517=ORIENTED_EDGE('',*,*,#3593,.F.);
#4518=ORIENTED_EDGE('',*,*,#3595,.F.);
#4519=ORIENTED_EDGE('',*,*,#3596,.T.);
#4520=ORIENTED_EDGE('',*,*,#3597,.F.);
#4521=ORIENTED_EDGE('',*,*,#3596,.F.);
#4522=ORIENTED_EDGE('',*,*,#3598,.F.);
#4523=ORIENTED_EDGE('',*,*,#3599,.T.);
#4524=ORIENTED_EDGE('',*,*,#3600,.F.);
#4525=ORIENTED_EDGE('',*,*,#3599,.F.);
#4526=ORIENTED_EDGE('',*,*,#3601,.F.);
#4527=ORIENTED_EDGE('',*,*,#3602,.T.);
#4528=ORIENTED_EDGE('',*,*,#3603,.F.);
#4529=ORIENTED_EDGE('',*,*,#3602,.F.);
#4530=ORIENTED_EDGE('',*,*,#3604,.F.);
#4531=ORIENTED_EDGE('',*,*,#3605,.T.);
#4532=ORIENTED_EDGE('',*,*,#3606,.F.);
#4533=ORIENTED_EDGE('',*,*,#3605,.F.);
#4534=ORIENTED_EDGE('',*,*,#3607,.F.);
#4535=ORIENTED_EDGE('',*,*,#3608,.T.);
#4536=ORIENTED_EDGE('',*,*,#3609,.F.);
#4537=ORIENTED_EDGE('',*,*,#3608,.F.);
#4538=ORIENTED_EDGE('',*,*,#3610,.F.);
#4539=ORIENTED_EDGE('',*,*,#3611,.T.);
#4540=ORIENTED_EDGE('',*,*,#3612,.F.);
#4541=ORIENTED_EDGE('',*,*,#3611,.F.);
#4542=ORIENTED_EDGE('',*,*,#3613,.F.);
#4543=ORIENTED_EDGE('',*,*,#3614,.T.);
#4544=ORIENTED_EDGE('',*,*,#3615,.F.);
#4545=ORIENTED_EDGE('',*,*,#3614,.F.);
#4546=ORIENTED_EDGE('',*,*,#3616,.F.);
#4547=ORIENTED_EDGE('',*,*,#3617,.T.);
#4548=ORIENTED_EDGE('',*,*,#3618,.F.);
#4549=ORIENTED_EDGE('',*,*,#3617,.F.);
#4550=ORIENTED_EDGE('',*,*,#3619,.F.);
#4551=ORIENTED_EDGE('',*,*,#3620,.T.);
#4552=ORIENTED_EDGE('',*,*,#3621,.F.);
#4553=ORIENTED_EDGE('',*,*,#3620,.F.);
#4554=ORIENTED_EDGE('',*,*,#3622,.F.);
#4555=ORIENTED_EDGE('',*,*,#3623,.T.);
#4556=ORIENTED_EDGE('',*,*,#3624,.F.);
#4557=ORIENTED_EDGE('',*,*,#3623,.F.);
#4558=ORIENTED_EDGE('',*,*,#3625,.F.);
#4559=ORIENTED_EDGE('',*,*,#3626,.T.);
#4560=ORIENTED_EDGE('',*,*,#3627,.F.);
#4561=ORIENTED_EDGE('',*,*,#3626,.F.);
#4562=ORIENTED_EDGE('',*,*,#3628,.F.);
#4563=ORIENTED_EDGE('',*,*,#3629,.T.);
#4564=ORIENTED_EDGE('',*,*,#3630,.F.);
#4565=ORIENTED_EDGE('',*,*,#3629,.F.);
#4566=ORIENTED_EDGE('',*,*,#3631,.F.);
#4567=ORIENTED_EDGE('',*,*,#3632,.T.);
#4568=ORIENTED_EDGE('',*,*,#3633,.F.);
#4569=ORIENTED_EDGE('',*,*,#3632,.F.);
#4570=ORIENTED_EDGE('',*,*,#3634,.F.);
#4571=ORIENTED_EDGE('',*,*,#3635,.T.);
#4572=ORIENTED_EDGE('',*,*,#3636,.F.);
#4573=ORIENTED_EDGE('',*,*,#3635,.F.);
#4574=ORIENTED_EDGE('',*,*,#3637,.F.);
#4575=ORIENTED_EDGE('',*,*,#3638,.T.);
#4576=ORIENTED_EDGE('',*,*,#3639,.F.);
#4577=ORIENTED_EDGE('',*,*,#3638,.F.);
#4578=ORIENTED_EDGE('',*,*,#3640,.F.);
#4579=ORIENTED_EDGE('',*,*,#3641,.T.);
#4580=ORIENTED_EDGE('',*,*,#3642,.F.);
#4581=ORIENTED_EDGE('',*,*,#3641,.F.);
#4582=ORIENTED_EDGE('',*,*,#3643,.F.);
#4583=ORIENTED_EDGE('',*,*,#3644,.T.);
#4584=ORIENTED_EDGE('',*,*,#3645,.F.);
#4585=ORIENTED_EDGE('',*,*,#3644,.F.);
#4586=ORIENTED_EDGE('',*,*,#3646,.F.);
#4587=ORIENTED_EDGE('',*,*,#3647,.T.);
#4588=ORIENTED_EDGE('',*,*,#3648,.F.);
#4589=ORIENTED_EDGE('',*,*,#3647,.F.);
#4590=ORIENTED_EDGE('',*,*,#3649,.F.);
#4591=ORIENTED_EDGE('',*,*,#3650,.T.);
#4592=ORIENTED_EDGE('',*,*,#3651,.F.);
#4593=ORIENTED_EDGE('',*,*,#3650,.F.);
#4594=ORIENTED_EDGE('',*,*,#3652,.F.);
#4595=ORIENTED_EDGE('',*,*,#3653,.T.);
#4596=ORIENTED_EDGE('',*,*,#3654,.F.);
#4597=ORIENTED_EDGE('',*,*,#3653,.F.);
#4598=ORIENTED_EDGE('',*,*,#3655,.F.);
#4599=ORIENTED_EDGE('',*,*,#3656,.T.);
#4600=ORIENTED_EDGE('',*,*,#3657,.F.);
#4601=ORIENTED_EDGE('',*,*,#3656,.F.);
#4602=ORIENTED_EDGE('',*,*,#3658,.F.);
#4603=ORIENTED_EDGE('',*,*,#3659,.T.);
#4604=ORIENTED_EDGE('',*,*,#3660,.F.);
#4605=ORIENTED_EDGE('',*,*,#3659,.F.);
#4606=ORIENTED_EDGE('',*,*,#3661,.F.);
#4607=ORIENTED_EDGE('',*,*,#3662,.T.);
#4608=ORIENTED_EDGE('',*,*,#3663,.F.);
#4609=ORIENTED_EDGE('',*,*,#3662,.F.);
#4610=ORIENTED_EDGE('',*,*,#3664,.F.);
#4611=ORIENTED_EDGE('',*,*,#3665,.T.);
#4612=ORIENTED_EDGE('',*,*,#3666,.F.);
#4613=ORIENTED_EDGE('',*,*,#3665,.F.);
#4614=ORIENTED_EDGE('',*,*,#3667,.F.);
#4615=ORIENTED_EDGE('',*,*,#3668,.T.);
#4616=ORIENTED_EDGE('',*,*,#3669,.F.);
#4617=ORIENTED_EDGE('',*,*,#3668,.F.);
#4618=ORIENTED_EDGE('',*,*,#3670,.F.);
#4619=ORIENTED_EDGE('',*,*,#3671,.T.);
#4620=ORIENTED_EDGE('',*,*,#3672,.F.);
#4621=ORIENTED_EDGE('',*,*,#3671,.F.);
#4622=ORIENTED_EDGE('',*,*,#3673,.F.);
#4623=ORIENTED_EDGE('',*,*,#3674,.T.);
#4624=ORIENTED_EDGE('',*,*,#3675,.F.);
#4625=ORIENTED_EDGE('',*,*,#3674,.F.);
#4626=ORIENTED_EDGE('',*,*,#3676,.F.);
#4627=ORIENTED_EDGE('',*,*,#3677,.T.);
#4628=ORIENTED_EDGE('',*,*,#3678,.F.);
#4629=ORIENTED_EDGE('',*,*,#3677,.F.);
#4630=ORIENTED_EDGE('',*,*,#3679,.F.);
#4631=ORIENTED_EDGE('',*,*,#3680,.T.);
#4632=ORIENTED_EDGE('',*,*,#3681,.F.);
#4633=ORIENTED_EDGE('',*,*,#3680,.F.);
#4634=ORIENTED_EDGE('',*,*,#3682,.F.);
#4635=ORIENTED_EDGE('',*,*,#3683,.T.);
#4636=ORIENTED_EDGE('',*,*,#3684,.F.);
#4637=ORIENTED_EDGE('',*,*,#3683,.F.);
#4638=ORIENTED_EDGE('',*,*,#3685,.F.);
#4639=ORIENTED_EDGE('',*,*,#3686,.T.);
#4640=ORIENTED_EDGE('',*,*,#3687,.F.);
#4641=ORIENTED_EDGE('',*,*,#3686,.F.);
#4642=ORIENTED_EDGE('',*,*,#3688,.F.);
#4643=ORIENTED_EDGE('',*,*,#3689,.T.);
#4644=ORIENTED_EDGE('',*,*,#3690,.F.);
#4645=ORIENTED_EDGE('',*,*,#3689,.F.);
#4646=ORIENTED_EDGE('',*,*,#3691,.F.);
#4647=ORIENTED_EDGE('',*,*,#3692,.T.);
#4648=ORIENTED_EDGE('',*,*,#3693,.F.);
#4649=ORIENTED_EDGE('',*,*,#3692,.F.);
#4650=ORIENTED_EDGE('',*,*,#3694,.F.);
#4651=ORIENTED_EDGE('',*,*,#3695,.T.);
#4652=ORIENTED_EDGE('',*,*,#3696,.F.);
#4653=ORIENTED_EDGE('',*,*,#3695,.F.);
#4654=ORIENTED_EDGE('',*,*,#3697,.F.);
#4655=ORIENTED_EDGE('',*,*,#3698,.T.);
#4656=ORIENTED_EDGE('',*,*,#3699,.F.);
#4657=ORIENTED_EDGE('',*,*,#3698,.F.);
#4658=ORIENTED_EDGE('',*,*,#3700,.F.);
#4659=ORIENTED_EDGE('',*,*,#3701,.T.);
#4660=ORIENTED_EDGE('',*,*,#3702,.F.);
#4661=ORIENTED_EDGE('',*,*,#3701,.F.);
#4662=ORIENTED_EDGE('',*,*,#3703,.F.);
#4663=ORIENTED_EDGE('',*,*,#3704,.T.);
#4664=ORIENTED_EDGE('',*,*,#3705,.F.);
#4665=ORIENTED_EDGE('',*,*,#3704,.F.);
#4666=ORIENTED_EDGE('',*,*,#3706,.F.);
#4667=ORIENTED_EDGE('',*,*,#3707,.T.);
#4668=ORIENTED_EDGE('',*,*,#3708,.F.);
#4669=ORIENTED_EDGE('',*,*,#3707,.F.);
#4670=ORIENTED_EDGE('',*,*,#3709,.F.);
#4671=ORIENTED_EDGE('',*,*,#3710,.T.);
#4672=ORIENTED_EDGE('',*,*,#3711,.F.);
#4673=ORIENTED_EDGE('',*,*,#3710,.F.);
#4674=ORIENTED_EDGE('',*,*,#3712,.F.);
#4675=ORIENTED_EDGE('',*,*,#3713,.T.);
#4676=ORIENTED_EDGE('',*,*,#3714,.F.);
#4677=ORIENTED_EDGE('',*,*,#3713,.F.);
#4678=ORIENTED_EDGE('',*,*,#3715,.F.);
#4679=ORIENTED_EDGE('',*,*,#3716,.T.);
#4680=ORIENTED_EDGE('',*,*,#3717,.F.);
#4681=ORIENTED_EDGE('',*,*,#3716,.F.);
#4682=ORIENTED_EDGE('',*,*,#3718,.F.);
#4683=ORIENTED_EDGE('',*,*,#3719,.T.);
#4684=ORIENTED_EDGE('',*,*,#3720,.F.);
#4685=ORIENTED_EDGE('',*,*,#3719,.F.);
#4686=ORIENTED_EDGE('',*,*,#3721,.F.);
#4687=ORIENTED_EDGE('',*,*,#3722,.T.);
#4688=ORIENTED_EDGE('',*,*,#3723,.F.);
#4689=ORIENTED_EDGE('',*,*,#3722,.F.);
#4690=ORIENTED_EDGE('',*,*,#3724,.F.);
#4691=ORIENTED_EDGE('',*,*,#3725,.T.);
#4692=ORIENTED_EDGE('',*,*,#3726,.F.);
#4693=ORIENTED_EDGE('',*,*,#3725,.F.);
#4694=ORIENTED_EDGE('',*,*,#3727,.F.);
#4695=ORIENTED_EDGE('',*,*,#3728,.T.);
#4696=ORIENTED_EDGE('',*,*,#3729,.F.);
#4697=ORIENTED_EDGE('',*,*,#3728,.F.);
#4698=ORIENTED_EDGE('',*,*,#3730,.F.);
#4699=ORIENTED_EDGE('',*,*,#3731,.T.);
#4700=ORIENTED_EDGE('',*,*,#3732,.F.);
#4701=ORIENTED_EDGE('',*,*,#3731,.F.);
#4702=ORIENTED_EDGE('',*,*,#3733,.F.);
#4703=ORIENTED_EDGE('',*,*,#3734,.T.);
#4704=ORIENTED_EDGE('',*,*,#3735,.F.);
#4705=ORIENTED_EDGE('',*,*,#3734,.F.);
#4706=ORIENTED_EDGE('',*,*,#3736,.F.);
#4707=ORIENTED_EDGE('',*,*,#3737,.T.);
#4708=ORIENTED_EDGE('',*,*,#3738,.F.);
#4709=ORIENTED_EDGE('',*,*,#3737,.F.);
#4710=ORIENTED_EDGE('',*,*,#3739,.F.);
#4711=ORIENTED_EDGE('',*,*,#3740,.T.);
#4712=ORIENTED_EDGE('',*,*,#3741,.F.);
#4713=ORIENTED_EDGE('',*,*,#3740,.F.);
#4714=ORIENTED_EDGE('',*,*,#3742,.F.);
#4715=ORIENTED_EDGE('',*,*,#3743,.T.);
#4716=ORIENTED_EDGE('',*,*,#3744,.F.);
#4717=ORIENTED_EDGE('',*,*,#3743,.F.);
#4718=ORIENTED_EDGE('',*,*,#3745,.F.);
#4719=ORIENTED_EDGE('',*,*,#3746,.T.);
#4720=ORIENTED_EDGE('',*,*,#3747,.F.);
#4721=ORIENTED_EDGE('',*,*,#3746,.F.);
#4722=ORIENTED_EDGE('',*,*,#3748,.F.);
#4723=ORIENTED_EDGE('',*,*,#3749,.T.);
#4724=ORIENTED_EDGE('',*,*,#3750,.F.);
#4725=ORIENTED_EDGE('',*,*,#3749,.F.);
#4726=ORIENTED_EDGE('',*,*,#3751,.F.);
#4727=ORIENTED_EDGE('',*,*,#3752,.T.);
#4728=ORIENTED_EDGE('',*,*,#3753,.F.);
#4729=ORIENTED_EDGE('',*,*,#3752,.F.);
#4730=ORIENTED_EDGE('',*,*,#3754,.F.);
#4731=ORIENTED_EDGE('',*,*,#3755,.T.);
#4732=ORIENTED_EDGE('',*,*,#3756,.F.);
#4733=ORIENTED_EDGE('',*,*,#3755,.F.);
#4734=ORIENTED_EDGE('',*,*,#3757,.F.);
#4735=ORIENTED_EDGE('',*,*,#3758,.T.);
#4736=ORIENTED_EDGE('',*,*,#3759,.F.);
#4737=ORIENTED_EDGE('',*,*,#3758,.F.);
#4738=ORIENTED_EDGE('',*,*,#3760,.F.);
#4739=ORIENTED_EDGE('',*,*,#3761,.T.);
#4740=ORIENTED_EDGE('',*,*,#3762,.F.);
#4741=ORIENTED_EDGE('',*,*,#3761,.F.);
#4742=ORIENTED_EDGE('',*,*,#3763,.F.);
#4743=ORIENTED_EDGE('',*,*,#3764,.T.);
#4744=ORIENTED_EDGE('',*,*,#3765,.F.);
#4745=ORIENTED_EDGE('',*,*,#3764,.F.);
#4746=ORIENTED_EDGE('',*,*,#3766,.F.);
#4747=ORIENTED_EDGE('',*,*,#3767,.T.);
#4748=ORIENTED_EDGE('',*,*,#3768,.F.);
#4749=ORIENTED_EDGE('',*,*,#3767,.F.);
#4750=ORIENTED_EDGE('',*,*,#3769,.F.);
#4751=ORIENTED_EDGE('',*,*,#3770,.T.);
#4752=ORIENTED_EDGE('',*,*,#3771,.F.);
#4753=ORIENTED_EDGE('',*,*,#3770,.F.);
#4754=ORIENTED_EDGE('',*,*,#3772,.F.);
#4755=ORIENTED_EDGE('',*,*,#3773,.T.);
#4756=ORIENTED_EDGE('',*,*,#3774,.F.);
#4757=ORIENTED_EDGE('',*,*,#3773,.F.);
#4758=ORIENTED_EDGE('',*,*,#3775,.F.);
#4759=ORIENTED_EDGE('',*,*,#3776,.T.);
#4760=ORIENTED_EDGE('',*,*,#3777,.F.);
#4761=ORIENTED_EDGE('',*,*,#3776,.F.);
#4762=ORIENTED_EDGE('',*,*,#3778,.F.);
#4763=ORIENTED_EDGE('',*,*,#3779,.T.);
#4764=ORIENTED_EDGE('',*,*,#3780,.F.);
#4765=ORIENTED_EDGE('',*,*,#3779,.F.);
#4766=ORIENTED_EDGE('',*,*,#3781,.F.);
#4767=ORIENTED_EDGE('',*,*,#3782,.T.);
#4768=ORIENTED_EDGE('',*,*,#3783,.F.);
#4769=ORIENTED_EDGE('',*,*,#3782,.F.);
#4770=ORIENTED_EDGE('',*,*,#3784,.F.);
#4771=ORIENTED_EDGE('',*,*,#3785,.T.);
#4772=ORIENTED_EDGE('',*,*,#3786,.F.);
#4773=ORIENTED_EDGE('',*,*,#3785,.F.);
#4774=ORIENTED_EDGE('',*,*,#3787,.F.);
#4775=ORIENTED_EDGE('',*,*,#3788,.T.);
#4776=ORIENTED_EDGE('',*,*,#3789,.F.);
#4777=ORIENTED_EDGE('',*,*,#3788,.F.);
#4778=ORIENTED_EDGE('',*,*,#3790,.F.);
#4779=ORIENTED_EDGE('',*,*,#3791,.T.);
#4780=ORIENTED_EDGE('',*,*,#3792,.F.);
#4781=ORIENTED_EDGE('',*,*,#3791,.F.);
#4782=ORIENTED_EDGE('',*,*,#3793,.F.);
#4783=ORIENTED_EDGE('',*,*,#3794,.T.);
#4784=ORIENTED_EDGE('',*,*,#3795,.F.);
#4785=ORIENTED_EDGE('',*,*,#3794,.F.);
#4786=ORIENTED_EDGE('',*,*,#3796,.F.);
#4787=ORIENTED_EDGE('',*,*,#3797,.T.);
#4788=ORIENTED_EDGE('',*,*,#3798,.F.);
#4789=ORIENTED_EDGE('',*,*,#3797,.F.);
#4790=ORIENTED_EDGE('',*,*,#3799,.F.);
#4791=ORIENTED_EDGE('',*,*,#3800,.T.);
#4792=ORIENTED_EDGE('',*,*,#3801,.F.);
#4793=ORIENTED_EDGE('',*,*,#3800,.F.);
#4794=ORIENTED_EDGE('',*,*,#3802,.F.);
#4795=ORIENTED_EDGE('',*,*,#3803,.T.);
#4796=ORIENTED_EDGE('',*,*,#3804,.F.);
#4797=ORIENTED_EDGE('',*,*,#3803,.F.);
#4798=ORIENTED_EDGE('',*,*,#3805,.F.);
#4799=ORIENTED_EDGE('',*,*,#3806,.T.);
#4800=ORIENTED_EDGE('',*,*,#3807,.F.);
#4801=ORIENTED_EDGE('',*,*,#3806,.F.);
#4802=ORIENTED_EDGE('',*,*,#3808,.F.);
#4803=ORIENTED_EDGE('',*,*,#3809,.T.);
#4804=ORIENTED_EDGE('',*,*,#3810,.F.);
#4805=ORIENTED_EDGE('',*,*,#3809,.F.);
#4806=ORIENTED_EDGE('',*,*,#3811,.F.);
#4807=ORIENTED_EDGE('',*,*,#3812,.T.);
#4808=ORIENTED_EDGE('',*,*,#3813,.F.);
#4809=ORIENTED_EDGE('',*,*,#3812,.F.);
#4810=ORIENTED_EDGE('',*,*,#3814,.F.);
#4811=ORIENTED_EDGE('',*,*,#3815,.T.);
#4812=ORIENTED_EDGE('',*,*,#3816,.F.);
#4813=ORIENTED_EDGE('',*,*,#3815,.F.);
#4814=ORIENTED_EDGE('',*,*,#3817,.F.);
#4815=ORIENTED_EDGE('',*,*,#3818,.T.);
#4816=ORIENTED_EDGE('',*,*,#3819,.F.);
#4817=ORIENTED_EDGE('',*,*,#3818,.F.);
#4818=ORIENTED_EDGE('',*,*,#3820,.F.);
#4819=ORIENTED_EDGE('',*,*,#3821,.T.);
#4820=ORIENTED_EDGE('',*,*,#3822,.F.);
#4821=ORIENTED_EDGE('',*,*,#3821,.F.);
#4822=ORIENTED_EDGE('',*,*,#3823,.F.);
#4823=ORIENTED_EDGE('',*,*,#3824,.T.);
#4824=ORIENTED_EDGE('',*,*,#3825,.F.);
#4825=ORIENTED_EDGE('',*,*,#3824,.F.);
#4826=ORIENTED_EDGE('',*,*,#3826,.F.);
#4827=ORIENTED_EDGE('',*,*,#3827,.T.);
#4828=ORIENTED_EDGE('',*,*,#3828,.F.);
#4829=ORIENTED_EDGE('',*,*,#3827,.F.);
#4830=ORIENTED_EDGE('',*,*,#3829,.F.);
#4831=ORIENTED_EDGE('',*,*,#3830,.T.);
#4832=ORIENTED_EDGE('',*,*,#3831,.F.);
#4833=ORIENTED_EDGE('',*,*,#3830,.F.);
#4834=ORIENTED_EDGE('',*,*,#3832,.F.);
#4835=ORIENTED_EDGE('',*,*,#3833,.T.);
#4836=ORIENTED_EDGE('',*,*,#3834,.F.);
#4837=ORIENTED_EDGE('',*,*,#3833,.F.);
#4838=ORIENTED_EDGE('',*,*,#3835,.F.);
#4839=ORIENTED_EDGE('',*,*,#3836,.T.);
#4840=ORIENTED_EDGE('',*,*,#3837,.F.);
#4841=ORIENTED_EDGE('',*,*,#3836,.F.);
#4842=ORIENTED_EDGE('',*,*,#3838,.F.);
#4843=ORIENTED_EDGE('',*,*,#3839,.T.);
#4844=ORIENTED_EDGE('',*,*,#3840,.F.);
#4845=ORIENTED_EDGE('',*,*,#3839,.F.);
#4846=ORIENTED_EDGE('',*,*,#3841,.F.);
#4847=ORIENTED_EDGE('',*,*,#3842,.T.);
#4848=ORIENTED_EDGE('',*,*,#3843,.F.);
#4849=ORIENTED_EDGE('',*,*,#3842,.F.);
#4850=ORIENTED_EDGE('',*,*,#3844,.F.);
#4851=ORIENTED_EDGE('',*,*,#3845,.T.);
#4852=ORIENTED_EDGE('',*,*,#3846,.F.);
#4853=ORIENTED_EDGE('',*,*,#3845,.F.);
#4854=ORIENTED_EDGE('',*,*,#3847,.F.);
#4855=ORIENTED_EDGE('',*,*,#3848,.T.);
#4856=ORIENTED_EDGE('',*,*,#3849,.F.);
#4857=ORIENTED_EDGE('',*,*,#3848,.F.);
#4858=ORIENTED_EDGE('',*,*,#3850,.F.);
#4859=ORIENTED_EDGE('',*,*,#3851,.T.);
#4860=ORIENTED_EDGE('',*,*,#3852,.F.);
#4861=ORIENTED_EDGE('',*,*,#3851,.F.);
#4862=ORIENTED_EDGE('',*,*,#3853,.F.);
#4863=ORIENTED_EDGE('',*,*,#3854,.T.);
#4864=ORIENTED_EDGE('',*,*,#3855,.F.);
#4865=ORIENTED_EDGE('',*,*,#3854,.F.);
#4866=ORIENTED_EDGE('',*,*,#3856,.F.);
#4867=ORIENTED_EDGE('',*,*,#3857,.T.);
#4868=ORIENTED_EDGE('',*,*,#3858,.F.);
#4869=ORIENTED_EDGE('',*,*,#3857,.F.);
#4870=ORIENTED_EDGE('',*,*,#3859,.F.);
#4871=ORIENTED_EDGE('',*,*,#3860,.T.);
#4872=ORIENTED_EDGE('',*,*,#3861,.F.);
#4873=ORIENTED_EDGE('',*,*,#3860,.F.);
#4874=ORIENTED_EDGE('',*,*,#3862,.F.);
#4875=ORIENTED_EDGE('',*,*,#3863,.T.);
#4876=ORIENTED_EDGE('',*,*,#3864,.F.);
#4877=ORIENTED_EDGE('',*,*,#3863,.F.);
#4878=ORIENTED_EDGE('',*,*,#3865,.F.);
#4879=ORIENTED_EDGE('',*,*,#3866,.T.);
#4880=ORIENTED_EDGE('',*,*,#3867,.F.);
#4881=ORIENTED_EDGE('',*,*,#3866,.F.);
#4882=ORIENTED_EDGE('',*,*,#3868,.F.);
#4883=ORIENTED_EDGE('',*,*,#3869,.T.);
#4884=ORIENTED_EDGE('',*,*,#3870,.F.);
#4885=ORIENTED_EDGE('',*,*,#3869,.F.);
#4886=ORIENTED_EDGE('',*,*,#3871,.F.);
#4887=ORIENTED_EDGE('',*,*,#3872,.T.);
#4888=ORIENTED_EDGE('',*,*,#3873,.F.);
#4889=ORIENTED_EDGE('',*,*,#3872,.F.);
#4890=ORIENTED_EDGE('',*,*,#3874,.F.);
#4891=ORIENTED_EDGE('',*,*,#3875,.T.);
#4892=ORIENTED_EDGE('',*,*,#3876,.F.);
#4893=ORIENTED_EDGE('',*,*,#3875,.F.);
#4894=ORIENTED_EDGE('',*,*,#3877,.F.);
#4895=ORIENTED_EDGE('',*,*,#3878,.T.);
#4896=ORIENTED_EDGE('',*,*,#3879,.F.);
#4897=ORIENTED_EDGE('',*,*,#3878,.F.);
#4898=ORIENTED_EDGE('',*,*,#3880,.F.);
#4899=ORIENTED_EDGE('',*,*,#3881,.T.);
#4900=ORIENTED_EDGE('',*,*,#3882,.F.);
#4901=ORIENTED_EDGE('',*,*,#3881,.F.);
#4902=ORIENTED_EDGE('',*,*,#3883,.F.);
#4903=ORIENTED_EDGE('',*,*,#3884,.T.);
#4904=ORIENTED_EDGE('',*,*,#3885,.F.);
#4905=ORIENTED_EDGE('',*,*,#3884,.F.);
#4906=ORIENTED_EDGE('',*,*,#3886,.F.);
#4907=ORIENTED_EDGE('',*,*,#3887,.T.);
#4908=ORIENTED_EDGE('',*,*,#3888,.F.);
#4909=ORIENTED_EDGE('',*,*,#3887,.F.);
#4910=ORIENTED_EDGE('',*,*,#3889,.F.);
#4911=ORIENTED_EDGE('',*,*,#3890,.T.);
#4912=ORIENTED_EDGE('',*,*,#3891,.F.);
#4913=ORIENTED_EDGE('',*,*,#3890,.F.);
#4914=ORIENTED_EDGE('',*,*,#3892,.F.);
#4915=ORIENTED_EDGE('',*,*,#3893,.T.);
#4916=ORIENTED_EDGE('',*,*,#3894,.F.);
#4917=ORIENTED_EDGE('',*,*,#3893,.F.);
#4918=ORIENTED_EDGE('',*,*,#3895,.F.);
#4919=ORIENTED_EDGE('',*,*,#3896,.T.);
#4920=ORIENTED_EDGE('',*,*,#3897,.F.);
#4921=ORIENTED_EDGE('',*,*,#3896,.F.);
#4922=ORIENTED_EDGE('',*,*,#3898,.F.);
#4923=ORIENTED_EDGE('',*,*,#3899,.T.);
#4924=ORIENTED_EDGE('',*,*,#3900,.F.);
#4925=ORIENTED_EDGE('',*,*,#3899,.F.);
#4926=ORIENTED_EDGE('',*,*,#3901,.F.);
#4927=ORIENTED_EDGE('',*,*,#3902,.T.);
#4928=ORIENTED_EDGE('',*,*,#3903,.F.);
#4929=ORIENTED_EDGE('',*,*,#3902,.F.);
#4930=ORIENTED_EDGE('',*,*,#3904,.F.);
#4931=ORIENTED_EDGE('',*,*,#3905,.T.);
#4932=ORIENTED_EDGE('',*,*,#3906,.F.);
#4933=ORIENTED_EDGE('',*,*,#3905,.F.);
#4934=ORIENTED_EDGE('',*,*,#3907,.F.);
#4935=ORIENTED_EDGE('',*,*,#3908,.T.);
#4936=ORIENTED_EDGE('',*,*,#3909,.F.);
#4937=ORIENTED_EDGE('',*,*,#3908,.F.);
#4938=ORIENTED_EDGE('',*,*,#3910,.F.);
#4939=ORIENTED_EDGE('',*,*,#3911,.T.);
#4940=ORIENTED_EDGE('',*,*,#3912,.F.);
#4941=ORIENTED_EDGE('',*,*,#3911,.F.);
#4942=ORIENTED_EDGE('',*,*,#3913,.F.);
#4943=ORIENTED_EDGE('',*,*,#3914,.T.);
#4944=ORIENTED_EDGE('',*,*,#3915,.F.);
#4945=ORIENTED_EDGE('',*,*,#3914,.F.);
#4946=ORIENTED_EDGE('',*,*,#3916,.F.);
#4947=ORIENTED_EDGE('',*,*,#3917,.T.);
#4948=ORIENTED_EDGE('',*,*,#3918,.F.);
#4949=ORIENTED_EDGE('',*,*,#3917,.F.);
#4950=ORIENTED_EDGE('',*,*,#3919,.F.);
#4951=ORIENTED_EDGE('',*,*,#3920,.T.);
#4952=ORIENTED_EDGE('',*,*,#3921,.F.);
#4953=ORIENTED_EDGE('',*,*,#3920,.F.);
#4954=ORIENTED_EDGE('',*,*,#3922,.F.);
#4955=ORIENTED_EDGE('',*,*,#3923,.T.);
#4956=ORIENTED_EDGE('',*,*,#3924,.F.);
#4957=ORIENTED_EDGE('',*,*,#3923,.F.);
#4958=ORIENTED_EDGE('',*,*,#3925,.F.);
#4959=ORIENTED_EDGE('',*,*,#3926,.T.);
#4960=ORIENTED_EDGE('',*,*,#3927,.F.);
#4961=ORIENTED_EDGE('',*,*,#3926,.F.);
#4962=ORIENTED_EDGE('',*,*,#3928,.F.);
#4963=ORIENTED_EDGE('',*,*,#3929,.T.);
#4964=ORIENTED_EDGE('',*,*,#3930,.F.);
#4965=ORIENTED_EDGE('',*,*,#3929,.F.);
#4966=ORIENTED_EDGE('',*,*,#3931,.F.);
#4967=ORIENTED_EDGE('',*,*,#3932,.T.);
#4968=ORIENTED_EDGE('',*,*,#3933,.F.);
#4969=ORIENTED_EDGE('',*,*,#3932,.F.);
#4970=ORIENTED_EDGE('',*,*,#3934,.F.);
#4971=ORIENTED_EDGE('',*,*,#3935,.T.);
#4972=ORIENTED_EDGE('',*,*,#3936,.F.);
#4973=ORIENTED_EDGE('',*,*,#3935,.F.);
#4974=ORIENTED_EDGE('',*,*,#3937,.F.);
#4975=ORIENTED_EDGE('',*,*,#3938,.T.);
#4976=ORIENTED_EDGE('',*,*,#3939,.F.);
#4977=ORIENTED_EDGE('',*,*,#3938,.F.);
#4978=ORIENTED_EDGE('',*,*,#3940,.F.);
#4979=ORIENTED_EDGE('',*,*,#3941,.T.);
#4980=ORIENTED_EDGE('',*,*,#3942,.F.);
#4981=ORIENTED_EDGE('',*,*,#3941,.F.);
#4982=ORIENTED_EDGE('',*,*,#3943,.F.);
#4983=ORIENTED_EDGE('',*,*,#3944,.T.);
#4984=ORIENTED_EDGE('',*,*,#3945,.F.);
#4985=ORIENTED_EDGE('',*,*,#3944,.F.);
#4986=ORIENTED_EDGE('',*,*,#3946,.F.);
#4987=ORIENTED_EDGE('',*,*,#3947,.T.);
#4988=ORIENTED_EDGE('',*,*,#3948,.F.);
#4989=ORIENTED_EDGE('',*,*,#3947,.F.);
#4990=ORIENTED_EDGE('',*,*,#3949,.F.);
#4991=ORIENTED_EDGE('',*,*,#3950,.T.);
#4992=ORIENTED_EDGE('',*,*,#3951,.F.);
#4993=ORIENTED_EDGE('',*,*,#3950,.F.);
#4994=ORIENTED_EDGE('',*,*,#3952,.F.);
#4995=ORIENTED_EDGE('',*,*,#3953,.T.);
#4996=ORIENTED_EDGE('',*,*,#3954,.F.);
#4997=ORIENTED_EDGE('',*,*,#3953,.F.);
#4998=ORIENTED_EDGE('',*,*,#3955,.F.);
#4999=ORIENTED_EDGE('',*,*,#3956,.T.);
#5000=ORIENTED_EDGE('',*,*,#3957,.F.);
#5001=ORIENTED_EDGE('',*,*,#3956,.F.);
#5002=ORIENTED_EDGE('',*,*,#3958,.F.);
#5003=ORIENTED_EDGE('',*,*,#3959,.T.);
#5004=ORIENTED_EDGE('',*,*,#3960,.F.);
#5005=ORIENTED_EDGE('',*,*,#3959,.F.);
#5006=ORIENTED_EDGE('',*,*,#3961,.F.);
#5007=ORIENTED_EDGE('',*,*,#3962,.T.);
#5008=ORIENTED_EDGE('',*,*,#3963,.F.);
#5009=ORIENTED_EDGE('',*,*,#3962,.F.);
#5010=ORIENTED_EDGE('',*,*,#3964,.F.);
#5011=ORIENTED_EDGE('',*,*,#3965,.T.);
#5012=ORIENTED_EDGE('',*,*,#3966,.F.);
#5013=ORIENTED_EDGE('',*,*,#3965,.F.);
#5014=ORIENTED_EDGE('',*,*,#3967,.F.);
#5015=ORIENTED_EDGE('',*,*,#3968,.T.);
#5016=ORIENTED_EDGE('',*,*,#3969,.F.);
#5017=ORIENTED_EDGE('',*,*,#3968,.F.);
#5018=ORIENTED_EDGE('',*,*,#3970,.F.);
#5019=ORIENTED_EDGE('',*,*,#3971,.T.);
#5020=ORIENTED_EDGE('',*,*,#3972,.F.);
#5021=ORIENTED_EDGE('',*,*,#3971,.F.);
#5022=ORIENTED_EDGE('',*,*,#3973,.F.);
#5023=ORIENTED_EDGE('',*,*,#3974,.T.);
#5024=ORIENTED_EDGE('',*,*,#3975,.F.);
#5025=ORIENTED_EDGE('',*,*,#3974,.F.);
#5026=ORIENTED_EDGE('',*,*,#3976,.F.);
#5027=ORIENTED_EDGE('',*,*,#3977,.T.);
#5028=ORIENTED_EDGE('',*,*,#3978,.F.);
#5029=ORIENTED_EDGE('',*,*,#3977,.F.);
#5030=ORIENTED_EDGE('',*,*,#3979,.F.);
#5031=ORIENTED_EDGE('',*,*,#3980,.T.);
#5032=ORIENTED_EDGE('',*,*,#3981,.F.);
#5033=ORIENTED_EDGE('',*,*,#3980,.F.);
#5034=ORIENTED_EDGE('',*,*,#3982,.F.);
#5035=ORIENTED_EDGE('',*,*,#3983,.T.);
#5036=ORIENTED_EDGE('',*,*,#3984,.F.);
#5037=ORIENTED_EDGE('',*,*,#3983,.F.);
#5038=ORIENTED_EDGE('',*,*,#3985,.F.);
#5039=ORIENTED_EDGE('',*,*,#3986,.T.);
#5040=ORIENTED_EDGE('',*,*,#3987,.F.);
#5041=ORIENTED_EDGE('',*,*,#3986,.F.);
#5042=ORIENTED_EDGE('',*,*,#3988,.F.);
#5043=ORIENTED_EDGE('',*,*,#3989,.T.);
#5044=ORIENTED_EDGE('',*,*,#3990,.F.);
#5045=ORIENTED_EDGE('',*,*,#3989,.F.);
#5046=ORIENTED_EDGE('',*,*,#3991,.F.);
#5047=ORIENTED_EDGE('',*,*,#3992,.T.);
#5048=ORIENTED_EDGE('',*,*,#3993,.F.);
#5049=ORIENTED_EDGE('',*,*,#3992,.F.);
#5050=ORIENTED_EDGE('',*,*,#3994,.F.);
#5051=ORIENTED_EDGE('',*,*,#3995,.T.);
#5052=ORIENTED_EDGE('',*,*,#3996,.F.);
#5053=ORIENTED_EDGE('',*,*,#3995,.F.);
#5054=ORIENTED_EDGE('',*,*,#3997,.F.);
#5055=ORIENTED_EDGE('',*,*,#3998,.T.);
#5056=ORIENTED_EDGE('',*,*,#3999,.F.);
#5057=ORIENTED_EDGE('',*,*,#3998,.F.);
#5058=ORIENTED_EDGE('',*,*,#4000,.F.);
#5059=ORIENTED_EDGE('',*,*,#4001,.T.);
#5060=ORIENTED_EDGE('',*,*,#4002,.F.);
#5061=ORIENTED_EDGE('',*,*,#4001,.F.);
#5062=ORIENTED_EDGE('',*,*,#4003,.F.);
#5063=ORIENTED_EDGE('',*,*,#4004,.T.);
#5064=ORIENTED_EDGE('',*,*,#4005,.F.);
#5065=ORIENTED_EDGE('',*,*,#4004,.F.);
#5066=ORIENTED_EDGE('',*,*,#4006,.F.);
#5067=ORIENTED_EDGE('',*,*,#4007,.T.);
#5068=ORIENTED_EDGE('',*,*,#4008,.F.);
#5069=ORIENTED_EDGE('',*,*,#4007,.F.);
#5070=ORIENTED_EDGE('',*,*,#4009,.F.);
#5071=ORIENTED_EDGE('',*,*,#4010,.T.);
#5072=ORIENTED_EDGE('',*,*,#4011,.F.);
#5073=ORIENTED_EDGE('',*,*,#4010,.F.);
#5074=ORIENTED_EDGE('',*,*,#4012,.F.);
#5075=ORIENTED_EDGE('',*,*,#4013,.T.);
#5076=ORIENTED_EDGE('',*,*,#4014,.F.);
#5077=ORIENTED_EDGE('',*,*,#4013,.F.);
#5078=ORIENTED_EDGE('',*,*,#4015,.F.);
#5079=ORIENTED_EDGE('',*,*,#4016,.T.);
#5080=ORIENTED_EDGE('',*,*,#4017,.F.);
#5081=ORIENTED_EDGE('',*,*,#4016,.F.);
#5082=ORIENTED_EDGE('',*,*,#4018,.F.);
#5083=ORIENTED_EDGE('',*,*,#4019,.T.);
#5084=ORIENTED_EDGE('',*,*,#4020,.F.);
#5085=ORIENTED_EDGE('',*,*,#4019,.F.);
#5086=ORIENTED_EDGE('',*,*,#4021,.F.);
#5087=ORIENTED_EDGE('',*,*,#4022,.T.);
#5088=ORIENTED_EDGE('',*,*,#4023,.F.);
#5089=ORIENTED_EDGE('',*,*,#4022,.F.);
#5090=ORIENTED_EDGE('',*,*,#4024,.F.);
#5091=ORIENTED_EDGE('',*,*,#4025,.T.);
#5092=ORIENTED_EDGE('',*,*,#4026,.F.);
#5093=ORIENTED_EDGE('',*,*,#4025,.F.);
#5094=ORIENTED_EDGE('',*,*,#4027,.F.);
#5095=ORIENTED_EDGE('',*,*,#4028,.T.);
#5096=ORIENTED_EDGE('',*,*,#4029,.F.);
#5097=ORIENTED_EDGE('',*,*,#4028,.F.);
#5098=ORIENTED_EDGE('',*,*,#4030,.F.);
#5099=ORIENTED_EDGE('',*,*,#4031,.T.);
#5100=ORIENTED_EDGE('',*,*,#4032,.F.);
#5101=ORIENTED_EDGE('',*,*,#4031,.F.);
#5102=ORIENTED_EDGE('',*,*,#4033,.F.);
#5103=ORIENTED_EDGE('',*,*,#4034,.T.);
#5104=ORIENTED_EDGE('',*,*,#4035,.F.);
#5105=ORIENTED_EDGE('',*,*,#4034,.F.);
#5106=ORIENTED_EDGE('',*,*,#4036,.F.);
#5107=ORIENTED_EDGE('',*,*,#4037,.T.);
#5108=ORIENTED_EDGE('',*,*,#4038,.F.);
#5109=ORIENTED_EDGE('',*,*,#4037,.F.);
#5110=ORIENTED_EDGE('',*,*,#4039,.F.);
#5111=ORIENTED_EDGE('',*,*,#4040,.T.);
#5112=ORIENTED_EDGE('',*,*,#4041,.F.);
#5113=ORIENTED_EDGE('',*,*,#4040,.F.);
#5114=ORIENTED_EDGE('',*,*,#4042,.F.);
#5115=ORIENTED_EDGE('',*,*,#4043,.T.);
#5116=ORIENTED_EDGE('',*,*,#4044,.F.);
#5117=ORIENTED_EDGE('',*,*,#4043,.F.);
#5118=ORIENTED_EDGE('',*,*,#4045,.F.);
#5119=ORIENTED_EDGE('',*,*,#4046,.T.);
#5120=ORIENTED_EDGE('',*,*,#4047,.F.);
#5121=ORIENTED_EDGE('',*,*,#4046,.F.);
#5122=ORIENTED_EDGE('',*,*,#4048,.F.);
#5123=ORIENTED_EDGE('',*,*,#4049,.T.);
#5124=ORIENTED_EDGE('',*,*,#4050,.F.);
#5125=ORIENTED_EDGE('',*,*,#4049,.F.);
#5126=ORIENTED_EDGE('',*,*,#4051,.F.);
#5127=ORIENTED_EDGE('',*,*,#4052,.T.);
#5128=ORIENTED_EDGE('',*,*,#4053,.F.);
#5129=ORIENTED_EDGE('',*,*,#4052,.F.);
#5130=ORIENTED_EDGE('',*,*,#4054,.F.);
#5131=ORIENTED_EDGE('',*,*,#4055,.T.);
#5132=ORIENTED_EDGE('',*,*,#4056,.F.);
#5133=ORIENTED_EDGE('',*,*,#4055,.F.);
#5134=ORIENTED_EDGE('',*,*,#4057,.F.);
#5135=ORIENTED_EDGE('',*,*,#4058,.T.);
#5136=ORIENTED_EDGE('',*,*,#4059,.F.);
#5137=ORIENTED_EDGE('',*,*,#4058,.F.);
#5138=ORIENTED_EDGE('',*,*,#4060,.F.);
#5139=ORIENTED_EDGE('',*,*,#4061,.T.);
#5140=ORIENTED_EDGE('',*,*,#4062,.F.);
#5141=ORIENTED_EDGE('',*,*,#4061,.F.);
#5142=ORIENTED_EDGE('',*,*,#4063,.F.);
#5143=ORIENTED_EDGE('',*,*,#4064,.T.);
#5144=ORIENTED_EDGE('',*,*,#4065,.F.);
#5145=ORIENTED_EDGE('',*,*,#4064,.F.);
#5146=ORIENTED_EDGE('',*,*,#4066,.F.);
#5147=ORIENTED_EDGE('',*,*,#4067,.T.);
#5148=ORIENTED_EDGE('',*,*,#4068,.F.);
#5149=ORIENTED_EDGE('',*,*,#4067,.F.);
#5150=ORIENTED_EDGE('',*,*,#4069,.F.);
#5151=ORIENTED_EDGE('',*,*,#4070,.T.);
#5152=ORIENTED_EDGE('',*,*,#4071,.F.);
#5153=ORIENTED_EDGE('',*,*,#4070,.F.);
#5154=ORIENTED_EDGE('',*,*,#4072,.T.);
#5155=ORIENTED_EDGE('',*,*,#4073,.T.);
#5156=ORIENTED_EDGE('',*,*,#4074,.T.);
#5157=ORIENTED_EDGE('',*,*,#4075,.F.);
#5158=ORIENTED_EDGE('',*,*,#4074,.F.);
#5159=ORIENTED_EDGE('',*,*,#4076,.F.);
#5160=ORIENTED_EDGE('',*,*,#4077,.F.);
#5161=ORIENTED_EDGE('',*,*,#4078,.F.);
#5162=ORIENTED_EDGE('',*,*,#4079,.T.);
#5163=ORIENTED_EDGE('',*,*,#4080,.T.);
#5164=ORIENTED_EDGE('',*,*,#4081,.T.);
#5165=ORIENTED_EDGE('',*,*,#4082,.F.);
#5166=ORIENTED_EDGE('',*,*,#4083,.T.);
#5167=ORIENTED_EDGE('',*,*,#4084,.F.);
#5168=ORIENTED_EDGE('',*,*,#4085,.F.);
#5169=ORIENTED_EDGE('',*,*,#4086,.T.);
#5170=ORIENTED_EDGE('',*,*,#4087,.T.);
#5171=ORIENTED_EDGE('',*,*,#4077,.T.);
#5172=ORIENTED_EDGE('',*,*,#4088,.T.);
#5173=ORIENTED_EDGE('',*,*,#4089,.F.);
#5174=ORIENTED_EDGE('',*,*,#4090,.F.);
#5175=ORIENTED_EDGE('',*,*,#4091,.T.);
#5176=ORIENTED_EDGE('',*,*,#4092,.F.);
#5177=ORIENTED_EDGE('',*,*,#4093,.F.);
#5178=ORIENTED_EDGE('',*,*,#4094,.T.);
#5179=ORIENTED_EDGE('',*,*,#4095,.T.);
#5180=ORIENTED_EDGE('',*,*,#4096,.T.);
#5181=ORIENTED_EDGE('',*,*,#4090,.T.);
#5182=ORIENTED_EDGE('',*,*,#4094,.F.);
#5183=ORIENTED_EDGE('',*,*,#4089,.T.);
#5184=ORIENTED_EDGE('',*,*,#4097,.T.);
#5185=ORIENTED_EDGE('',*,*,#4082,.T.);
#5186=ORIENTED_EDGE('',*,*,#4098,.T.);
#5187=ORIENTED_EDGE('',*,*,#4099,.T.);
#5188=ORIENTED_EDGE('',*,*,#4100,.T.);
#5189=ORIENTED_EDGE('',*,*,#4084,.T.);
#5190=ORIENTED_EDGE('',*,*,#4101,.T.);
#5191=ORIENTED_EDGE('',*,*,#4093,.T.);
#5192=ORIENTED_EDGE('',*,*,#4102,.F.);
#5193=ORIENTED_EDGE('',*,*,#4103,.T.);
#5194=ORIENTED_EDGE('',*,*,#4104,.F.);
#5195=ORIENTED_EDGE('',*,*,#4105,.T.);
#5196=ORIENTED_EDGE('',*,*,#4106,.F.);
#5197=ORIENTED_EDGE('',*,*,#4107,.T.);
#5198=ORIENTED_EDGE('',*,*,#4108,.T.);
#5199=ORIENTED_EDGE('',*,*,#4109,.T.);
#5200=ORIENTED_EDGE('',*,*,#4110,.T.);
#5201=ORIENTED_EDGE('',*,*,#4111,.T.);
#5202=ORIENTED_EDGE('',*,*,#4102,.T.);
#5203=ORIENTED_EDGE('',*,*,#4092,.T.);
#5204=ORIENTED_EDGE('',*,*,#4112,.T.);
#5205=ORIENTED_EDGE('',*,*,#4113,.T.);
#5206=ORIENTED_EDGE('',*,*,#4104,.T.);
#5207=ORIENTED_EDGE('',*,*,#4114,.T.);
#5208=ORIENTED_EDGE('',*,*,#4115,.T.);
#5209=ORIENTED_EDGE('',*,*,#4116,.T.);
#5210=ORIENTED_EDGE('',*,*,#4116,.F.);
#5211=ORIENTED_EDGE('',*,*,#4117,.T.);
#5212=ORIENTED_EDGE('',*,*,#4118,.F.);
#5213=ORIENTED_EDGE('',*,*,#4105,.F.);
#5214=ORIENTED_EDGE('',*,*,#4106,.T.);
#5215=ORIENTED_EDGE('',*,*,#4118,.T.);
#5216=ORIENTED_EDGE('',*,*,#4119,.T.);
#5217=ORIENTED_EDGE('',*,*,#4120,.T.);
#5218=ORIENTED_EDGE('',*,*,#4097,.F.);
#5219=ORIENTED_EDGE('',*,*,#4088,.F.);
#5220=ORIENTED_EDGE('',*,*,#4076,.T.);
#5221=ORIENTED_EDGE('',*,*,#4073,.F.);
#5222=ORIENTED_EDGE('',*,*,#4079,.F.);
#5223=ORIENTED_EDGE('',*,*,#4101,.F.);
#5224=ORIENTED_EDGE('',*,*,#4083,.F.);
#5225=ORIENTED_EDGE('',*,*,#4075,.T.);
#5226=ORIENTED_EDGE('',*,*,#4078,.T.);
#5227=ORIENTED_EDGE('',*,*,#4087,.F.);
#5228=ORIENTED_EDGE('',*,*,#4121,.F.);
#5229=ORIENTED_EDGE('',*,*,#4122,.F.);
#5230=ORIENTED_EDGE('',*,*,#4123,.F.);
#5231=ORIENTED_EDGE('',*,*,#4080,.F.);
#5232=ORIENTED_EDGE('',*,*,#4072,.F.);
#5233=ORIENTED_EDGE('',*,*,#4086,.F.);
#5234=ORIENTED_EDGE('',*,*,#3321,.T.);
#5235=ORIENTED_EDGE('',*,*,#3324,.T.);
#5236=ORIENTED_EDGE('',*,*,#3327,.T.);
#5237=ORIENTED_EDGE('',*,*,#3330,.T.);
#5238=ORIENTED_EDGE('',*,*,#3333,.T.);
#5239=ORIENTED_EDGE('',*,*,#3336,.T.);
#5240=ORIENTED_EDGE('',*,*,#3339,.T.);
#5241=ORIENTED_EDGE('',*,*,#3342,.T.);
#5242=ORIENTED_EDGE('',*,*,#3345,.T.);
#5243=ORIENTED_EDGE('',*,*,#3348,.T.);
#5244=ORIENTED_EDGE('',*,*,#3351,.T.);
#5245=ORIENTED_EDGE('',*,*,#3354,.T.);
#5246=ORIENTED_EDGE('',*,*,#3357,.T.);
#5247=ORIENTED_EDGE('',*,*,#3360,.T.);
#5248=ORIENTED_EDGE('',*,*,#3363,.T.);
#5249=ORIENTED_EDGE('',*,*,#3366,.T.);
#5250=ORIENTED_EDGE('',*,*,#3369,.T.);
#5251=ORIENTED_EDGE('',*,*,#3372,.T.);
#5252=ORIENTED_EDGE('',*,*,#3375,.T.);
#5253=ORIENTED_EDGE('',*,*,#3378,.T.);
#5254=ORIENTED_EDGE('',*,*,#3381,.T.);
#5255=ORIENTED_EDGE('',*,*,#3384,.T.);
#5256=ORIENTED_EDGE('',*,*,#3387,.T.);
#5257=ORIENTED_EDGE('',*,*,#3390,.T.);
#5258=ORIENTED_EDGE('',*,*,#3393,.T.);
#5259=ORIENTED_EDGE('',*,*,#3396,.T.);
#5260=ORIENTED_EDGE('',*,*,#3399,.T.);
#5261=ORIENTED_EDGE('',*,*,#3402,.T.);
#5262=ORIENTED_EDGE('',*,*,#3405,.T.);
#5263=ORIENTED_EDGE('',*,*,#3408,.T.);
#5264=ORIENTED_EDGE('',*,*,#3411,.T.);
#5265=ORIENTED_EDGE('',*,*,#3414,.T.);
#5266=ORIENTED_EDGE('',*,*,#3417,.T.);
#5267=ORIENTED_EDGE('',*,*,#3420,.T.);
#5268=ORIENTED_EDGE('',*,*,#3423,.T.);
#5269=ORIENTED_EDGE('',*,*,#3426,.T.);
#5270=ORIENTED_EDGE('',*,*,#3429,.T.);
#5271=ORIENTED_EDGE('',*,*,#3432,.T.);
#5272=ORIENTED_EDGE('',*,*,#3435,.T.);
#5273=ORIENTED_EDGE('',*,*,#3438,.T.);
#5274=ORIENTED_EDGE('',*,*,#3441,.T.);
#5275=ORIENTED_EDGE('',*,*,#3444,.T.);
#5276=ORIENTED_EDGE('',*,*,#3447,.T.);
#5277=ORIENTED_EDGE('',*,*,#3450,.T.);
#5278=ORIENTED_EDGE('',*,*,#3453,.T.);
#5279=ORIENTED_EDGE('',*,*,#3456,.T.);
#5280=ORIENTED_EDGE('',*,*,#3459,.T.);
#5281=ORIENTED_EDGE('',*,*,#3462,.T.);
#5282=ORIENTED_EDGE('',*,*,#3465,.T.);
#5283=ORIENTED_EDGE('',*,*,#3468,.T.);
#5284=ORIENTED_EDGE('',*,*,#3471,.T.);
#5285=ORIENTED_EDGE('',*,*,#3474,.T.);
#5286=ORIENTED_EDGE('',*,*,#3477,.T.);
#5287=ORIENTED_EDGE('',*,*,#3480,.T.);
#5288=ORIENTED_EDGE('',*,*,#3483,.T.);
#5289=ORIENTED_EDGE('',*,*,#3486,.T.);
#5290=ORIENTED_EDGE('',*,*,#3489,.T.);
#5291=ORIENTED_EDGE('',*,*,#3492,.T.);
#5292=ORIENTED_EDGE('',*,*,#3495,.T.);
#5293=ORIENTED_EDGE('',*,*,#3498,.T.);
#5294=ORIENTED_EDGE('',*,*,#3501,.T.);
#5295=ORIENTED_EDGE('',*,*,#3504,.T.);
#5296=ORIENTED_EDGE('',*,*,#3507,.T.);
#5297=ORIENTED_EDGE('',*,*,#3510,.T.);
#5298=ORIENTED_EDGE('',*,*,#3513,.T.);
#5299=ORIENTED_EDGE('',*,*,#3516,.T.);
#5300=ORIENTED_EDGE('',*,*,#3519,.T.);
#5301=ORIENTED_EDGE('',*,*,#3522,.T.);
#5302=ORIENTED_EDGE('',*,*,#3525,.T.);
#5303=ORIENTED_EDGE('',*,*,#3528,.T.);
#5304=ORIENTED_EDGE('',*,*,#3531,.T.);
#5305=ORIENTED_EDGE('',*,*,#3534,.T.);
#5306=ORIENTED_EDGE('',*,*,#3537,.T.);
#5307=ORIENTED_EDGE('',*,*,#3540,.T.);
#5308=ORIENTED_EDGE('',*,*,#3543,.T.);
#5309=ORIENTED_EDGE('',*,*,#3546,.T.);
#5310=ORIENTED_EDGE('',*,*,#3549,.T.);
#5311=ORIENTED_EDGE('',*,*,#3552,.T.);
#5312=ORIENTED_EDGE('',*,*,#3555,.T.);
#5313=ORIENTED_EDGE('',*,*,#3558,.T.);
#5314=ORIENTED_EDGE('',*,*,#3561,.T.);
#5315=ORIENTED_EDGE('',*,*,#3564,.T.);
#5316=ORIENTED_EDGE('',*,*,#3567,.T.);
#5317=ORIENTED_EDGE('',*,*,#3570,.T.);
#5318=ORIENTED_EDGE('',*,*,#3573,.T.);
#5319=ORIENTED_EDGE('',*,*,#3576,.T.);
#5320=ORIENTED_EDGE('',*,*,#3579,.T.);
#5321=ORIENTED_EDGE('',*,*,#3582,.T.);
#5322=ORIENTED_EDGE('',*,*,#3585,.T.);
#5323=ORIENTED_EDGE('',*,*,#3588,.T.);
#5324=ORIENTED_EDGE('',*,*,#3591,.T.);
#5325=ORIENTED_EDGE('',*,*,#3594,.T.);
#5326=ORIENTED_EDGE('',*,*,#3597,.T.);
#5327=ORIENTED_EDGE('',*,*,#3600,.T.);
#5328=ORIENTED_EDGE('',*,*,#3603,.T.);
#5329=ORIENTED_EDGE('',*,*,#3606,.T.);
#5330=ORIENTED_EDGE('',*,*,#3609,.T.);
#5331=ORIENTED_EDGE('',*,*,#3612,.T.);
#5332=ORIENTED_EDGE('',*,*,#3615,.T.);
#5333=ORIENTED_EDGE('',*,*,#3618,.T.);
#5334=ORIENTED_EDGE('',*,*,#3621,.T.);
#5335=ORIENTED_EDGE('',*,*,#3624,.T.);
#5336=ORIENTED_EDGE('',*,*,#3627,.T.);
#5337=ORIENTED_EDGE('',*,*,#3630,.T.);
#5338=ORIENTED_EDGE('',*,*,#3633,.T.);
#5339=ORIENTED_EDGE('',*,*,#3636,.T.);
#5340=ORIENTED_EDGE('',*,*,#3639,.T.);
#5341=ORIENTED_EDGE('',*,*,#3642,.T.);
#5342=ORIENTED_EDGE('',*,*,#3645,.T.);
#5343=ORIENTED_EDGE('',*,*,#3648,.T.);
#5344=ORIENTED_EDGE('',*,*,#3651,.T.);
#5345=ORIENTED_EDGE('',*,*,#3654,.T.);
#5346=ORIENTED_EDGE('',*,*,#3657,.T.);
#5347=ORIENTED_EDGE('',*,*,#3660,.T.);
#5348=ORIENTED_EDGE('',*,*,#3663,.T.);
#5349=ORIENTED_EDGE('',*,*,#3666,.T.);
#5350=ORIENTED_EDGE('',*,*,#3669,.T.);
#5351=ORIENTED_EDGE('',*,*,#3672,.T.);
#5352=ORIENTED_EDGE('',*,*,#3675,.T.);
#5353=ORIENTED_EDGE('',*,*,#3678,.T.);
#5354=ORIENTED_EDGE('',*,*,#3681,.T.);
#5355=ORIENTED_EDGE('',*,*,#3684,.T.);
#5356=ORIENTED_EDGE('',*,*,#3687,.T.);
#5357=ORIENTED_EDGE('',*,*,#3690,.T.);
#5358=ORIENTED_EDGE('',*,*,#3693,.T.);
#5359=ORIENTED_EDGE('',*,*,#3696,.T.);
#5360=ORIENTED_EDGE('',*,*,#3699,.T.);
#5361=ORIENTED_EDGE('',*,*,#3702,.T.);
#5362=ORIENTED_EDGE('',*,*,#3705,.T.);
#5363=ORIENTED_EDGE('',*,*,#3708,.T.);
#5364=ORIENTED_EDGE('',*,*,#3711,.T.);
#5365=ORIENTED_EDGE('',*,*,#3714,.T.);
#5366=ORIENTED_EDGE('',*,*,#3717,.T.);
#5367=ORIENTED_EDGE('',*,*,#3720,.T.);
#5368=ORIENTED_EDGE('',*,*,#3723,.T.);
#5369=ORIENTED_EDGE('',*,*,#3726,.T.);
#5370=ORIENTED_EDGE('',*,*,#3729,.T.);
#5371=ORIENTED_EDGE('',*,*,#3732,.T.);
#5372=ORIENTED_EDGE('',*,*,#3735,.T.);
#5373=ORIENTED_EDGE('',*,*,#3738,.T.);
#5374=ORIENTED_EDGE('',*,*,#3741,.T.);
#5375=ORIENTED_EDGE('',*,*,#3744,.T.);
#5376=ORIENTED_EDGE('',*,*,#3747,.T.);
#5377=ORIENTED_EDGE('',*,*,#3750,.T.);
#5378=ORIENTED_EDGE('',*,*,#3753,.T.);
#5379=ORIENTED_EDGE('',*,*,#3756,.T.);
#5380=ORIENTED_EDGE('',*,*,#3759,.T.);
#5381=ORIENTED_EDGE('',*,*,#3762,.T.);
#5382=ORIENTED_EDGE('',*,*,#3765,.T.);
#5383=ORIENTED_EDGE('',*,*,#3768,.T.);
#5384=ORIENTED_EDGE('',*,*,#3771,.T.);
#5385=ORIENTED_EDGE('',*,*,#3774,.T.);
#5386=ORIENTED_EDGE('',*,*,#3777,.T.);
#5387=ORIENTED_EDGE('',*,*,#3780,.T.);
#5388=ORIENTED_EDGE('',*,*,#3783,.T.);
#5389=ORIENTED_EDGE('',*,*,#3786,.T.);
#5390=ORIENTED_EDGE('',*,*,#3789,.T.);
#5391=ORIENTED_EDGE('',*,*,#3792,.T.);
#5392=ORIENTED_EDGE('',*,*,#3795,.T.);
#5393=ORIENTED_EDGE('',*,*,#3798,.T.);
#5394=ORIENTED_EDGE('',*,*,#3801,.T.);
#5395=ORIENTED_EDGE('',*,*,#3804,.T.);
#5396=ORIENTED_EDGE('',*,*,#3807,.T.);
#5397=ORIENTED_EDGE('',*,*,#3810,.T.);
#5398=ORIENTED_EDGE('',*,*,#3813,.T.);
#5399=ORIENTED_EDGE('',*,*,#3816,.T.);
#5400=ORIENTED_EDGE('',*,*,#3819,.T.);
#5401=ORIENTED_EDGE('',*,*,#3822,.T.);
#5402=ORIENTED_EDGE('',*,*,#3825,.T.);
#5403=ORIENTED_EDGE('',*,*,#3828,.T.);
#5404=ORIENTED_EDGE('',*,*,#3831,.T.);
#5405=ORIENTED_EDGE('',*,*,#3834,.T.);
#5406=ORIENTED_EDGE('',*,*,#3837,.T.);
#5407=ORIENTED_EDGE('',*,*,#3840,.T.);
#5408=ORIENTED_EDGE('',*,*,#3843,.T.);
#5409=ORIENTED_EDGE('',*,*,#3846,.T.);
#5410=ORIENTED_EDGE('',*,*,#3849,.T.);
#5411=ORIENTED_EDGE('',*,*,#3852,.T.);
#5412=ORIENTED_EDGE('',*,*,#3855,.T.);
#5413=ORIENTED_EDGE('',*,*,#3858,.T.);
#5414=ORIENTED_EDGE('',*,*,#3861,.T.);
#5415=ORIENTED_EDGE('',*,*,#3864,.T.);
#5416=ORIENTED_EDGE('',*,*,#3867,.T.);
#5417=ORIENTED_EDGE('',*,*,#3870,.T.);
#5418=ORIENTED_EDGE('',*,*,#3873,.T.);
#5419=ORIENTED_EDGE('',*,*,#3876,.T.);
#5420=ORIENTED_EDGE('',*,*,#3879,.T.);
#5421=ORIENTED_EDGE('',*,*,#3882,.T.);
#5422=ORIENTED_EDGE('',*,*,#3885,.T.);
#5423=ORIENTED_EDGE('',*,*,#3888,.T.);
#5424=ORIENTED_EDGE('',*,*,#3891,.T.);
#5425=ORIENTED_EDGE('',*,*,#3894,.T.);
#5426=ORIENTED_EDGE('',*,*,#3897,.T.);
#5427=ORIENTED_EDGE('',*,*,#3900,.T.);
#5428=ORIENTED_EDGE('',*,*,#3903,.T.);
#5429=ORIENTED_EDGE('',*,*,#3906,.T.);
#5430=ORIENTED_EDGE('',*,*,#3909,.T.);
#5431=ORIENTED_EDGE('',*,*,#3912,.T.);
#5432=ORIENTED_EDGE('',*,*,#3915,.T.);
#5433=ORIENTED_EDGE('',*,*,#3918,.T.);
#5434=ORIENTED_EDGE('',*,*,#3921,.T.);
#5435=ORIENTED_EDGE('',*,*,#3924,.T.);
#5436=ORIENTED_EDGE('',*,*,#3927,.T.);
#5437=ORIENTED_EDGE('',*,*,#3930,.T.);
#5438=ORIENTED_EDGE('',*,*,#3933,.T.);
#5439=ORIENTED_EDGE('',*,*,#3936,.T.);
#5440=ORIENTED_EDGE('',*,*,#3939,.T.);
#5441=ORIENTED_EDGE('',*,*,#3942,.T.);
#5442=ORIENTED_EDGE('',*,*,#3945,.T.);
#5443=ORIENTED_EDGE('',*,*,#3948,.T.);
#5444=ORIENTED_EDGE('',*,*,#3951,.T.);
#5445=ORIENTED_EDGE('',*,*,#3954,.T.);
#5446=ORIENTED_EDGE('',*,*,#3957,.T.);
#5447=ORIENTED_EDGE('',*,*,#3960,.T.);
#5448=ORIENTED_EDGE('',*,*,#3963,.T.);
#5449=ORIENTED_EDGE('',*,*,#3966,.T.);
#5450=ORIENTED_EDGE('',*,*,#3969,.T.);
#5451=ORIENTED_EDGE('',*,*,#3972,.T.);
#5452=ORIENTED_EDGE('',*,*,#3975,.T.);
#5453=ORIENTED_EDGE('',*,*,#3978,.T.);
#5454=ORIENTED_EDGE('',*,*,#3981,.T.);
#5455=ORIENTED_EDGE('',*,*,#3984,.T.);
#5456=ORIENTED_EDGE('',*,*,#3987,.T.);
#5457=ORIENTED_EDGE('',*,*,#3990,.T.);
#5458=ORIENTED_EDGE('',*,*,#3993,.T.);
#5459=ORIENTED_EDGE('',*,*,#3996,.T.);
#5460=ORIENTED_EDGE('',*,*,#3999,.T.);
#5461=ORIENTED_EDGE('',*,*,#4002,.T.);
#5462=ORIENTED_EDGE('',*,*,#4005,.T.);
#5463=ORIENTED_EDGE('',*,*,#4008,.T.);
#5464=ORIENTED_EDGE('',*,*,#4011,.T.);
#5465=ORIENTED_EDGE('',*,*,#4014,.T.);
#5466=ORIENTED_EDGE('',*,*,#4017,.T.);
#5467=ORIENTED_EDGE('',*,*,#4020,.T.);
#5468=ORIENTED_EDGE('',*,*,#4023,.T.);
#5469=ORIENTED_EDGE('',*,*,#4026,.T.);
#5470=ORIENTED_EDGE('',*,*,#4029,.T.);
#5471=ORIENTED_EDGE('',*,*,#4032,.T.);
#5472=ORIENTED_EDGE('',*,*,#4035,.T.);
#5473=ORIENTED_EDGE('',*,*,#4038,.T.);
#5474=ORIENTED_EDGE('',*,*,#4041,.T.);
#5475=ORIENTED_EDGE('',*,*,#4044,.T.);
#5476=ORIENTED_EDGE('',*,*,#4047,.T.);
#5477=ORIENTED_EDGE('',*,*,#4050,.T.);
#5478=ORIENTED_EDGE('',*,*,#4053,.T.);
#5479=ORIENTED_EDGE('',*,*,#4056,.T.);
#5480=ORIENTED_EDGE('',*,*,#4059,.T.);
#5481=ORIENTED_EDGE('',*,*,#4062,.T.);
#5482=ORIENTED_EDGE('',*,*,#4065,.T.);
#5483=ORIENTED_EDGE('',*,*,#4068,.T.);
#5484=ORIENTED_EDGE('',*,*,#4071,.T.);
#5485=ORIENTED_EDGE('',*,*,#4123,.T.);
#5486=ORIENTED_EDGE('',*,*,#4124,.T.);
#5487=ORIENTED_EDGE('',*,*,#4098,.F.);
#5488=ORIENTED_EDGE('',*,*,#4081,.F.);
#5489=ORIENTED_EDGE('',*,*,#4122,.T.);
#5490=ORIENTED_EDGE('',*,*,#4125,.T.);
#5491=ORIENTED_EDGE('',*,*,#4099,.F.);
#5492=ORIENTED_EDGE('',*,*,#4124,.F.);
#5493=ORIENTED_EDGE('',*,*,#4126,.T.);
#5494=ORIENTED_EDGE('',*,*,#4127,.T.);
#5495=ORIENTED_EDGE('',*,*,#4128,.T.);
#5496=ORIENTED_EDGE('',*,*,#4127,.F.);
#5497=ORIENTED_EDGE('',*,*,#4129,.T.);
#5498=ORIENTED_EDGE('',*,*,#4130,.T.);
#5499=ORIENTED_EDGE('',*,*,#4131,.T.);
#5500=ORIENTED_EDGE('',*,*,#4130,.F.);
#5501=ORIENTED_EDGE('',*,*,#4121,.T.);
#5502=ORIENTED_EDGE('',*,*,#4085,.T.);
#5503=ORIENTED_EDGE('',*,*,#4100,.F.);
#5504=ORIENTED_EDGE('',*,*,#4125,.F.);
#5505=ORIENTED_EDGE('',*,*,#4095,.F.);
#5506=ORIENTED_EDGE('',*,*,#4107,.F.);
#5507=ORIENTED_EDGE('',*,*,#4120,.F.);
#5508=ORIENTED_EDGE('',*,*,#4132,.T.);
#5509=ORIENTED_EDGE('',*,*,#4113,.F.);
#5510=ORIENTED_EDGE('',*,*,#4133,.T.);
#5511=ORIENTED_EDGE('',*,*,#4114,.F.);
#5512=ORIENTED_EDGE('',*,*,#4103,.F.);
#5513=ORIENTED_EDGE('',*,*,#4133,.F.);
#5514=ORIENTED_EDGE('',*,*,#4112,.F.);
#5515=ORIENTED_EDGE('',*,*,#4091,.F.);
#5516=ORIENTED_EDGE('',*,*,#4096,.F.);
#5517=ORIENTED_EDGE('',*,*,#4132,.F.);
#5518=ORIENTED_EDGE('',*,*,#4119,.F.);
#5519=ORIENTED_EDGE('',*,*,#4117,.F.);
#5520=ORIENTED_EDGE('',*,*,#4115,.F.);
#5521=ORIENTED_EDGE('',*,*,#3315,.T.);
#5522=ORIENTED_EDGE('',*,*,#4027,.T.);
#5523=ORIENTED_EDGE('',*,*,#3925,.T.);
#5524=ORIENTED_EDGE('',*,*,#3472,.T.);
#5525=ORIENTED_EDGE('',*,*,#3490,.T.);
#5526=ORIENTED_EDGE('',*,*,#3862,.T.);
#5527=ORIENTED_EDGE('',*,*,#3880,.T.);
#5528=ORIENTED_EDGE('',*,*,#3505,.T.);
#5529=ORIENTED_EDGE('',*,*,#3484,.T.);
#5530=ORIENTED_EDGE('',*,*,#3532,.T.);
#5531=ORIENTED_EDGE('',*,*,#3538,.T.);
#5532=ORIENTED_EDGE('',*,*,#3868,.T.);
#5533=ORIENTED_EDGE('',*,*,#3913,.T.);
#5534=ORIENTED_EDGE('',*,*,#3856,.T.);
#5535=ORIENTED_EDGE('',*,*,#3583,.T.);
#5536=ORIENTED_EDGE('',*,*,#3595,.T.);
#5537=ORIENTED_EDGE('',*,*,#3973,.T.);
#5538=ORIENTED_EDGE('',*,*,#3394,.T.);
#5539=ORIENTED_EDGE('',*,*,#3598,.T.);
#5540=ORIENTED_EDGE('',*,*,#3769,.T.);
#5541=ORIENTED_EDGE('',*,*,#3967,.T.);
#5542=ORIENTED_EDGE('',*,*,#3796,.T.);
#5543=ORIENTED_EDGE('',*,*,#3985,.T.);
#5544=ORIENTED_EDGE('',*,*,#3547,.T.);
#5545=ORIENTED_EDGE('',*,*,#3781,.T.);
#5546=ORIENTED_EDGE('',*,*,#4018,.T.);
#5547=ORIENTED_EDGE('',*,*,#3451,.T.);
#5548=ORIENTED_EDGE('',*,*,#3835,.T.);
#5549=ORIENTED_EDGE('',*,*,#3832,.T.);
#5550=ORIENTED_EDGE('',*,*,#3838,.T.);
#5551=ORIENTED_EDGE('',*,*,#3355,.T.);
#5552=ORIENTED_EDGE('',*,*,#3721,.T.);
#5553=ORIENTED_EDGE('',*,*,#3922,.T.);
#5554=ORIENTED_EDGE('',*,*,#3844,.T.);
#5555=ORIENTED_EDGE('',*,*,#3343,.T.);
#5556=ORIENTED_EDGE('',*,*,#3454,.T.);
#5557=ORIENTED_EDGE('',*,*,#3469,.T.);
#5558=ORIENTED_EDGE('',*,*,#3988,.T.);
#5559=ORIENTED_EDGE('',*,*,#3982,.T.);
#5560=ORIENTED_EDGE('',*,*,#3991,.T.);
#5561=ORIENTED_EDGE('',*,*,#3601,.T.);
#5562=ORIENTED_EDGE('',*,*,#3757,.T.);
#5563=ORIENTED_EDGE('',*,*,#3742,.T.);
#5564=ORIENTED_EDGE('',*,*,#4003,.T.);
#5565=ORIENTED_EDGE('',*,*,#3748,.T.);
#5566=ORIENTED_EDGE('',*,*,#3430,.T.);
#5567=ORIENTED_EDGE('',*,*,#4069,.T.);
#5568=ORIENTED_EDGE('',*,*,#3703,.T.);
#5569=ORIENTED_EDGE('',*,*,#3442,.T.);
#5570=ORIENTED_EDGE('',*,*,#3586,.T.);
#5571=ORIENTED_EDGE('',*,*,#3439,.T.);
#5572=ORIENTED_EDGE('',*,*,#3958,.T.);
#5573=ORIENTED_EDGE('',*,*,#3817,.T.);
#5574=ORIENTED_EDGE('',*,*,#3568,.T.);
#5575=ORIENTED_EDGE('',*,*,#3562,.T.);
#5576=ORIENTED_EDGE('',*,*,#3577,.T.);
#5577=ORIENTED_EDGE('',*,*,#3730,.T.);
#5578=ORIENTED_EDGE('',*,*,#3712,.T.);
#5579=ORIENTED_EDGE('',*,*,#4015,.T.);
#5580=ORIENTED_EDGE('',*,*,#3318,.T.);
#5581=ORIENTED_EDGE('',*,*,#3322,.T.);
#5582=ORIENTED_EDGE('',*,*,#3325,.T.);
#5583=ORIENTED_EDGE('',*,*,#3328,.T.);
#5584=ORIENTED_EDGE('',*,*,#3331,.T.);
#5585=ORIENTED_EDGE('',*,*,#3334,.T.);
#5586=ORIENTED_EDGE('',*,*,#3340,.T.);
#5587=ORIENTED_EDGE('',*,*,#3346,.T.);
#5588=ORIENTED_EDGE('',*,*,#3349,.T.);
#5589=ORIENTED_EDGE('',*,*,#3364,.T.);
#5590=ORIENTED_EDGE('',*,*,#3367,.T.);
#5591=ORIENTED_EDGE('',*,*,#3370,.T.);
#5592=ORIENTED_EDGE('',*,*,#3376,.T.);
#5593=ORIENTED_EDGE('',*,*,#3379,.T.);
#5594=ORIENTED_EDGE('',*,*,#3382,.T.);
#5595=ORIENTED_EDGE('',*,*,#3385,.T.);
#5596=ORIENTED_EDGE('',*,*,#3388,.T.);
#5597=ORIENTED_EDGE('',*,*,#3391,.T.);
#5598=ORIENTED_EDGE('',*,*,#3397,.T.);
#5599=ORIENTED_EDGE('',*,*,#3400,.T.);
#5600=ORIENTED_EDGE('',*,*,#3403,.T.);
#5601=ORIENTED_EDGE('',*,*,#3409,.T.);
#5602=ORIENTED_EDGE('',*,*,#3415,.T.);
#5603=ORIENTED_EDGE('',*,*,#3421,.T.);
#5604=ORIENTED_EDGE('',*,*,#3424,.T.);
#5605=ORIENTED_EDGE('',*,*,#3436,.T.);
#5606=ORIENTED_EDGE('',*,*,#3448,.T.);
#5607=ORIENTED_EDGE('',*,*,#3457,.T.);
#5608=ORIENTED_EDGE('',*,*,#3475,.T.);
#5609=ORIENTED_EDGE('',*,*,#3487,.T.);
#5610=ORIENTED_EDGE('',*,*,#3493,.T.);
#5611=ORIENTED_EDGE('',*,*,#3496,.T.);
#5612=ORIENTED_EDGE('',*,*,#3499,.T.);
#5613=ORIENTED_EDGE('',*,*,#3502,.T.);
#5614=ORIENTED_EDGE('',*,*,#3508,.T.);
#5615=ORIENTED_EDGE('',*,*,#3511,.T.);
#5616=ORIENTED_EDGE('',*,*,#3514,.T.);
#5617=ORIENTED_EDGE('',*,*,#3517,.T.);
#5618=ORIENTED_EDGE('',*,*,#3520,.T.);
#5619=ORIENTED_EDGE('',*,*,#3523,.T.);
#5620=ORIENTED_EDGE('',*,*,#3526,.T.);
#5621=ORIENTED_EDGE('',*,*,#3535,.T.);
#5622=ORIENTED_EDGE('',*,*,#3541,.T.);
#5623=ORIENTED_EDGE('',*,*,#3550,.T.);
#5624=ORIENTED_EDGE('',*,*,#3553,.T.);
#5625=ORIENTED_EDGE('',*,*,#3556,.T.);
#5626=ORIENTED_EDGE('',*,*,#3565,.T.);
#5627=ORIENTED_EDGE('',*,*,#3574,.T.);
#5628=ORIENTED_EDGE('',*,*,#3580,.T.);
#5629=ORIENTED_EDGE('',*,*,#3607,.T.);
#5630=ORIENTED_EDGE('',*,*,#3610,.T.);
#5631=ORIENTED_EDGE('',*,*,#3613,.T.);
#5632=ORIENTED_EDGE('',*,*,#3616,.T.);
#5633=ORIENTED_EDGE('',*,*,#3622,.T.);
#5634=ORIENTED_EDGE('',*,*,#3625,.T.);
#5635=ORIENTED_EDGE('',*,*,#3628,.T.);
#5636=ORIENTED_EDGE('',*,*,#3631,.T.);
#5637=ORIENTED_EDGE('',*,*,#3634,.T.);
#5638=ORIENTED_EDGE('',*,*,#3637,.T.);
#5639=ORIENTED_EDGE('',*,*,#3640,.T.);
#5640=ORIENTED_EDGE('',*,*,#3643,.T.);
#5641=ORIENTED_EDGE('',*,*,#3652,.T.);
#5642=ORIENTED_EDGE('',*,*,#3655,.T.);
#5643=ORIENTED_EDGE('',*,*,#3658,.T.);
#5644=ORIENTED_EDGE('',*,*,#3664,.T.);
#5645=ORIENTED_EDGE('',*,*,#3670,.T.);
#5646=ORIENTED_EDGE('',*,*,#3673,.T.);
#5647=ORIENTED_EDGE('',*,*,#3676,.T.);
#5648=ORIENTED_EDGE('',*,*,#3679,.T.);
#5649=ORIENTED_EDGE('',*,*,#3682,.T.);
#5650=ORIENTED_EDGE('',*,*,#3688,.T.);
#5651=ORIENTED_EDGE('',*,*,#3691,.T.);
#5652=ORIENTED_EDGE('',*,*,#3694,.T.);
#5653=ORIENTED_EDGE('',*,*,#3697,.T.);
#5654=ORIENTED_EDGE('',*,*,#3700,.T.);
#5655=ORIENTED_EDGE('',*,*,#3706,.T.);
#5656=ORIENTED_EDGE('',*,*,#3724,.T.);
#5657=ORIENTED_EDGE('',*,*,#3727,.T.);
#5658=ORIENTED_EDGE('',*,*,#3733,.T.);
#5659=ORIENTED_EDGE('',*,*,#3739,.T.);
#5660=ORIENTED_EDGE('',*,*,#3751,.T.);
#5661=ORIENTED_EDGE('',*,*,#3754,.T.);
#5662=ORIENTED_EDGE('',*,*,#3760,.T.);
#5663=ORIENTED_EDGE('',*,*,#3763,.T.);
#5664=ORIENTED_EDGE('',*,*,#3766,.T.);
#5665=ORIENTED_EDGE('',*,*,#3772,.T.);
#5666=ORIENTED_EDGE('',*,*,#3775,.T.);
#5667=ORIENTED_EDGE('',*,*,#3778,.T.);
#5668=ORIENTED_EDGE('',*,*,#3787,.T.);
#5669=ORIENTED_EDGE('',*,*,#3790,.T.);
#5670=ORIENTED_EDGE('',*,*,#3805,.T.);
#5671=ORIENTED_EDGE('',*,*,#3814,.T.);
#5672=ORIENTED_EDGE('',*,*,#3820,.T.);
#5673=ORIENTED_EDGE('',*,*,#3841,.T.);
#5674=ORIENTED_EDGE('',*,*,#3853,.T.);
#5675=ORIENTED_EDGE('',*,*,#3859,.T.);
#5676=ORIENTED_EDGE('',*,*,#3865,.T.);
#5677=ORIENTED_EDGE('',*,*,#3871,.T.);
#5678=ORIENTED_EDGE('',*,*,#3874,.T.);
#5679=ORIENTED_EDGE('',*,*,#3877,.T.);
#5680=ORIENTED_EDGE('',*,*,#3883,.T.);
#5681=ORIENTED_EDGE('',*,*,#3889,.T.);
#5682=ORIENTED_EDGE('',*,*,#3892,.T.);
#5683=ORIENTED_EDGE('',*,*,#3895,.T.);
#5684=ORIENTED_EDGE('',*,*,#3919,.T.);
#5685=ORIENTED_EDGE('',*,*,#3934,.T.);
#5686=ORIENTED_EDGE('',*,*,#3940,.T.);
#5687=ORIENTED_EDGE('',*,*,#3943,.T.);
#5688=ORIENTED_EDGE('',*,*,#3946,.T.);
#5689=ORIENTED_EDGE('',*,*,#3949,.T.);
#5690=ORIENTED_EDGE('',*,*,#3952,.T.);
#5691=ORIENTED_EDGE('',*,*,#3955,.T.);
#5692=ORIENTED_EDGE('',*,*,#3961,.T.);
#5693=ORIENTED_EDGE('',*,*,#3964,.T.);
#5694=ORIENTED_EDGE('',*,*,#3970,.T.);
#5695=ORIENTED_EDGE('',*,*,#3997,.T.);
#5696=ORIENTED_EDGE('',*,*,#4000,.T.);
#5697=ORIENTED_EDGE('',*,*,#4006,.T.);
#5698=ORIENTED_EDGE('',*,*,#4009,.T.);
#5699=ORIENTED_EDGE('',*,*,#4012,.T.);
#5700=ORIENTED_EDGE('',*,*,#4021,.T.);
#5701=ORIENTED_EDGE('',*,*,#4024,.T.);
#5702=ORIENTED_EDGE('',*,*,#4033,.T.);
#5703=ORIENTED_EDGE('',*,*,#4036,.T.);
#5704=ORIENTED_EDGE('',*,*,#4039,.T.);
#5705=ORIENTED_EDGE('',*,*,#4045,.T.);
#5706=ORIENTED_EDGE('',*,*,#4051,.T.);
#5707=ORIENTED_EDGE('',*,*,#4054,.T.);
#5708=ORIENTED_EDGE('',*,*,#4057,.T.);
#5709=ORIENTED_EDGE('',*,*,#4060,.T.);
#5710=ORIENTED_EDGE('',*,*,#4063,.T.);
#5711=ORIENTED_EDGE('',*,*,#4066,.T.);
#5712=ORIENTED_EDGE('',*,*,#4131,.F.);
#5713=ORIENTED_EDGE('',*,*,#4030,.T.);
#5714=ORIENTED_EDGE('',*,*,#3319,.T.);
#5715=ORIENTED_EDGE('',*,*,#3337,.T.);
#5716=ORIENTED_EDGE('',*,*,#3358,.T.);
#5717=ORIENTED_EDGE('',*,*,#3361,.T.);
#5718=ORIENTED_EDGE('',*,*,#3373,.T.);
#5719=ORIENTED_EDGE('',*,*,#3406,.T.);
#5720=ORIENTED_EDGE('',*,*,#3412,.T.);
#5721=ORIENTED_EDGE('',*,*,#3433,.T.);
#5722=ORIENTED_EDGE('',*,*,#3445,.T.);
#5723=ORIENTED_EDGE('',*,*,#3544,.T.);
#5724=ORIENTED_EDGE('',*,*,#3571,.T.);
#5725=ORIENTED_EDGE('',*,*,#3604,.T.);
#5726=ORIENTED_EDGE('',*,*,#3649,.T.);
#5727=ORIENTED_EDGE('',*,*,#3685,.T.);
#5728=ORIENTED_EDGE('',*,*,#3709,.T.);
#5729=ORIENTED_EDGE('',*,*,#3715,.T.);
#5730=ORIENTED_EDGE('',*,*,#3718,.T.);
#5731=ORIENTED_EDGE('',*,*,#3745,.T.);
#5732=ORIENTED_EDGE('',*,*,#3784,.T.);
#5733=ORIENTED_EDGE('',*,*,#3808,.T.);
#5734=ORIENTED_EDGE('',*,*,#3811,.T.);
#5735=ORIENTED_EDGE('',*,*,#3823,.T.);
#5736=ORIENTED_EDGE('',*,*,#3826,.T.);
#5737=ORIENTED_EDGE('',*,*,#3829,.T.);
#5738=ORIENTED_EDGE('',*,*,#3916,.T.);
#5739=ORIENTED_EDGE('',*,*,#3931,.T.);
#5740=ORIENTED_EDGE('',*,*,#3937,.T.);
#5741=ORIENTED_EDGE('',*,*,#3994,.T.);
#5742=ORIENTED_EDGE('',*,*,#4042,.T.);
#5743=ORIENTED_EDGE('',*,*,#4048,.T.);
#5744=ORIENTED_EDGE('',*,*,#4128,.F.);
#5745=ORIENTED_EDGE('',*,*,#3661,.T.);
#5746=ORIENTED_EDGE('',*,*,#3352,.T.);
#5747=ORIENTED_EDGE('',*,*,#3418,.T.);
#5748=ORIENTED_EDGE('',*,*,#3427,.T.);
#5749=ORIENTED_EDGE('',*,*,#3460,.T.);
#5750=ORIENTED_EDGE('',*,*,#3463,.T.);
#5751=ORIENTED_EDGE('',*,*,#3466,.T.);
#5752=ORIENTED_EDGE('',*,*,#3478,.T.);
#5753=ORIENTED_EDGE('',*,*,#3481,.T.);
#5754=ORIENTED_EDGE('',*,*,#3529,.T.);
#5755=ORIENTED_EDGE('',*,*,#3559,.T.);
#5756=ORIENTED_EDGE('',*,*,#3589,.T.);
#5757=ORIENTED_EDGE('',*,*,#3592,.T.);
#5758=ORIENTED_EDGE('',*,*,#3619,.T.);
#5759=ORIENTED_EDGE('',*,*,#3646,.T.);
#5760=ORIENTED_EDGE('',*,*,#3667,.T.);
#5761=ORIENTED_EDGE('',*,*,#3736,.T.);
#5762=ORIENTED_EDGE('',*,*,#3793,.T.);
#5763=ORIENTED_EDGE('',*,*,#3799,.T.);
#5764=ORIENTED_EDGE('',*,*,#3802,.T.);
#5765=ORIENTED_EDGE('',*,*,#3847,.T.);
#5766=ORIENTED_EDGE('',*,*,#3850,.T.);
#5767=ORIENTED_EDGE('',*,*,#3886,.T.);
#5768=ORIENTED_EDGE('',*,*,#3898,.T.);
#5769=ORIENTED_EDGE('',*,*,#3901,.T.);
#5770=ORIENTED_EDGE('',*,*,#3904,.T.);
#5771=ORIENTED_EDGE('',*,*,#3907,.T.);
#5772=ORIENTED_EDGE('',*,*,#3910,.T.);
#5773=ORIENTED_EDGE('',*,*,#3928,.T.);
#5774=ORIENTED_EDGE('',*,*,#3976,.T.);
#5775=ORIENTED_EDGE('',*,*,#3979,.T.);
#5776=ORIENTED_EDGE('',*,*,#4110,.F.);
#5777=ORIENTED_EDGE('',*,*,#4134,.T.);
#5778=ORIENTED_EDGE('',*,*,#4135,.T.);
#5779=ORIENTED_EDGE('',*,*,#4134,.F.);
#5780=ORIENTED_EDGE('',*,*,#3313,.F.);
#5781=ORIENTED_EDGE('',*,*,#4135,.F.);
#5782=ORIENTED_EDGE('',*,*,#4109,.F.);
#5783=ORIENTED_EDGE('',*,*,#4136,.T.);
#5784=ORIENTED_EDGE('',*,*,#4137,.T.);
#5785=ORIENTED_EDGE('',*,*,#4136,.F.);
#5786=ORIENTED_EDGE('',*,*,#3316,.F.);
#5787=ORIENTED_EDGE('',*,*,#4137,.F.);
#5788=ORIENTED_EDGE('',*,*,#4111,.F.);
#5789=ORIENTED_EDGE('',*,*,#4138,.T.);
#5790=ORIENTED_EDGE('',*,*,#4139,.T.);
#5791=ORIENTED_EDGE('',*,*,#4138,.F.);
#5792=ORIENTED_EDGE('',*,*,#4129,.F.);
#5793=ORIENTED_EDGE('',*,*,#4139,.F.);
#5794=ORIENTED_EDGE('',*,*,#4108,.F.);
#5795=ORIENTED_EDGE('',*,*,#4140,.T.);
#5796=ORIENTED_EDGE('',*,*,#4141,.T.);
#5797=ORIENTED_EDGE('',*,*,#4140,.F.);
#5798=ORIENTED_EDGE('',*,*,#4126,.F.);
#5799=ORIENTED_EDGE('',*,*,#4141,.F.);
#5800=CYLINDRICAL_SURFACE('',#6360,3.);
#5801=CYLINDRICAL_SURFACE('',#6363,2.99999999999999);
#5802=CYLINDRICAL_SURFACE('',#6366,0.750000000000006);
#5803=CYLINDRICAL_SURFACE('',#6369,0.750000000000004);
#5804=CYLINDRICAL_SURFACE('',#6372,0.749999999999997);
#5805=CYLINDRICAL_SURFACE('',#6375,0.750000000000001);
#5806=CYLINDRICAL_SURFACE('',#6378,0.749999999999993);
#5807=CYLINDRICAL_SURFACE('',#6381,0.749999999999996);
#5808=CYLINDRICAL_SURFACE('',#6384,0.749999999999993);
#5809=CYLINDRICAL_SURFACE('',#6387,0.749999999999993);
#5810=CYLINDRICAL_SURFACE('',#6390,0.749999999999993);
#5811=CYLINDRICAL_SURFACE('',#6393,0.749999999999993);
#5812=CYLINDRICAL_SURFACE('',#6396,0.749999999999993);
#5813=CYLINDRICAL_SURFACE('',#6399,0.750000000000002);
#5814=CYLINDRICAL_SURFACE('',#6402,0.749999999999993);
#5815=CYLINDRICAL_SURFACE('',#6405,0.750000000000002);
#5816=CYLINDRICAL_SURFACE('',#6408,0.749999999999993);
#5817=CYLINDRICAL_SURFACE('',#6411,0.749999999999993);
#5818=CYLINDRICAL_SURFACE('',#6414,0.749999999999993);
#5819=CYLINDRICAL_SURFACE('',#6417,0.749999999999993);
#5820=CYLINDRICAL_SURFACE('',#6420,0.750000000000002);
#5821=CYLINDRICAL_SURFACE('',#6423,0.749999999999993);
#5822=CYLINDRICAL_SURFACE('',#6426,0.750000000000011);
#5823=CYLINDRICAL_SURFACE('',#6429,0.749999999999993);
#5824=CYLINDRICAL_SURFACE('',#6432,0.749999999999993);
#5825=CYLINDRICAL_SURFACE('',#6435,0.749999999999993);
#5826=CYLINDRICAL_SURFACE('',#6438,0.749999999999993);
#5827=CYLINDRICAL_SURFACE('',#6441,0.750000000000002);
#5828=CYLINDRICAL_SURFACE('',#6444,0.750000000000002);
#5829=CYLINDRICAL_SURFACE('',#6447,0.749999999999993);
#5830=CYLINDRICAL_SURFACE('',#6450,0.749999999999993);
#5831=CYLINDRICAL_SURFACE('',#6453,0.750000000000002);
#5832=CYLINDRICAL_SURFACE('',#6456,0.749999999999993);
#5833=CYLINDRICAL_SURFACE('',#6459,0.750000000000002);
#5834=CYLINDRICAL_SURFACE('',#6462,0.749999999999993);
#5835=CYLINDRICAL_SURFACE('',#6465,0.750000000000002);
#5836=CYLINDRICAL_SURFACE('',#6468,0.750000000000002);
#5837=CYLINDRICAL_SURFACE('',#6471,0.750000000000002);
#5838=CYLINDRICAL_SURFACE('',#6474,0.750000000000002);
#5839=CYLINDRICAL_SURFACE('',#6477,0.749999999999997);
#5840=CYLINDRICAL_SURFACE('',#6480,0.750000000000004);
#5841=CYLINDRICAL_SURFACE('',#6483,0.749999999999997);
#5842=CYLINDRICAL_SURFACE('',#6486,0.750000000000005);
#5843=CYLINDRICAL_SURFACE('',#6489,0.750000000000006);
#5844=CYLINDRICAL_SURFACE('',#6492,0.749999999999997);
#5845=CYLINDRICAL_SURFACE('',#6495,0.750000000000002);
#5846=CYLINDRICAL_SURFACE('',#6498,0.749999999999993);
#5847=CYLINDRICAL_SURFACE('',#6501,0.750000000000002);
#5848=CYLINDRICAL_SURFACE('',#6504,0.750000000000002);
#5849=CYLINDRICAL_SURFACE('',#6507,0.749999999999993);
#5850=CYLINDRICAL_SURFACE('',#6510,0.749999999999993);
#5851=CYLINDRICAL_SURFACE('',#6513,0.749999999999993);
#5852=CYLINDRICAL_SURFACE('',#6516,0.749999999999993);
#5853=CYLINDRICAL_SURFACE('',#6519,0.749999999999994);
#5854=CYLINDRICAL_SURFACE('',#6522,0.750000000000005);
#5855=CYLINDRICAL_SURFACE('',#6525,0.750000000000002);
#5856=CYLINDRICAL_SURFACE('',#6528,0.749999999999997);
#5857=CYLINDRICAL_SURFACE('',#6531,0.750000000000001);
#5858=CYLINDRICAL_SURFACE('',#6534,0.749999999999997);
#5859=CYLINDRICAL_SURFACE('',#6537,0.750000000000005);
#5860=CYLINDRICAL_SURFACE('',#6540,0.75);
#5861=CYLINDRICAL_SURFACE('',#6543,0.749999999999992);
#5862=CYLINDRICAL_SURFACE('',#6546,0.750000000000002);
#5863=CYLINDRICAL_SURFACE('',#6549,0.750000000000005);
#5864=CYLINDRICAL_SURFACE('',#6552,0.749999999999995);
#5865=CYLINDRICAL_SURFACE('',#6555,0.749999999999995);
#5866=CYLINDRICAL_SURFACE('',#6558,0.749999999999993);
#5867=CYLINDRICAL_SURFACE('',#6561,0.75);
#5868=CYLINDRICAL_SURFACE('',#6564,0.750000000000001);
#5869=CYLINDRICAL_SURFACE('',#6567,0.750000000000002);
#5870=CYLINDRICAL_SURFACE('',#6570,0.749999999999993);
#5871=CYLINDRICAL_SURFACE('',#6573,0.749999999999993);
#5872=CYLINDRICAL_SURFACE('',#6576,0.749999999999997);
#5873=CYLINDRICAL_SURFACE('',#6579,0.749999999999997);
#5874=CYLINDRICAL_SURFACE('',#6582,0.75);
#5875=CYLINDRICAL_SURFACE('',#6585,0.749999999999995);
#5876=CYLINDRICAL_SURFACE('',#6588,0.749999999999993);
#5877=CYLINDRICAL_SURFACE('',#6591,0.749999999999993);
#5878=CYLINDRICAL_SURFACE('',#6594,0.749999999999993);
#5879=CYLINDRICAL_SURFACE('',#6597,0.749999999999993);
#5880=CYLINDRICAL_SURFACE('',#6600,0.749999999999993);
#5881=CYLINDRICAL_SURFACE('',#6603,0.750000000000002);
#5882=CYLINDRICAL_SURFACE('',#6606,0.750000000000011);
#5883=CYLINDRICAL_SURFACE('',#6609,0.749999999999997);
#5884=CYLINDRICAL_SURFACE('',#6612,0.750000000000002);
#5885=CYLINDRICAL_SURFACE('',#6615,0.749999999999995);
#5886=CYLINDRICAL_SURFACE('',#6618,0.750000000000005);
#5887=CYLINDRICAL_SURFACE('',#6621,0.75);
#5888=CYLINDRICAL_SURFACE('',#6624,0.749999999999995);
#5889=CYLINDRICAL_SURFACE('',#6627,0.750000000000001);
#5890=CYLINDRICAL_SURFACE('',#6630,0.749999999999997);
#5891=CYLINDRICAL_SURFACE('',#6633,0.749999999999997);
#5892=CYLINDRICAL_SURFACE('',#6636,0.749999999999993);
#5893=CYLINDRICAL_SURFACE('',#6639,0.749999999999993);
#5894=CYLINDRICAL_SURFACE('',#6642,0.749999999999993);
#5895=CYLINDRICAL_SURFACE('',#6645,0.750000000000002);
#5896=CYLINDRICAL_SURFACE('',#6648,0.750000000000002);
#5897=CYLINDRICAL_SURFACE('',#6651,0.749999999999993);
#5898=CYLINDRICAL_SURFACE('',#6654,0.749999999999993);
#5899=CYLINDRICAL_SURFACE('',#6657,0.749999999999993);
#5900=CYLINDRICAL_SURFACE('',#6660,0.749999999999993);
#5901=CYLINDRICAL_SURFACE('',#6663,0.749999999999993);
#5902=CYLINDRICAL_SURFACE('',#6666,0.749999999999993);
#5903=CYLINDRICAL_SURFACE('',#6669,0.749999999999993);
#5904=CYLINDRICAL_SURFACE('',#6672,0.749999999999993);
#5905=CYLINDRICAL_SURFACE('',#6675,0.749999999999993);
#5906=CYLINDRICAL_SURFACE('',#6678,0.750000000000011);
#5907=CYLINDRICAL_SURFACE('',#6681,0.749999999999993);
#5908=CYLINDRICAL_SURFACE('',#6684,0.749999999999993);
#5909=CYLINDRICAL_SURFACE('',#6687,0.750000000000002);
#5910=CYLINDRICAL_SURFACE('',#6690,0.749999999999993);
#5911=CYLINDRICAL_SURFACE('',#6693,0.749999999999993);
#5912=CYLINDRICAL_SURFACE('',#6696,0.749999999999993);
#5913=CYLINDRICAL_SURFACE('',#6699,0.750000000000002);
#5914=CYLINDRICAL_SURFACE('',#6702,0.749999999999993);
#5915=CYLINDRICAL_SURFACE('',#6705,0.749999999999993);
#5916=CYLINDRICAL_SURFACE('',#6708,0.749999999999993);
#5917=CYLINDRICAL_SURFACE('',#6711,0.749999999999993);
#5918=CYLINDRICAL_SURFACE('',#6714,0.749999999999993);
#5919=CYLINDRICAL_SURFACE('',#6717,0.749999999999993);
#5920=CYLINDRICAL_SURFACE('',#6720,0.749999999999993);
#5921=CYLINDRICAL_SURFACE('',#6723,0.749999999999992);
#5922=CYLINDRICAL_SURFACE('',#6726,0.749999999999994);
#5923=CYLINDRICAL_SURFACE('',#6729,0.750000000000005);
#5924=CYLINDRICAL_SURFACE('',#6732,0.749999999999996);
#5925=CYLINDRICAL_SURFACE('',#6735,0.749999999999997);
#5926=CYLINDRICAL_SURFACE('',#6738,0.749999999999995);
#5927=CYLINDRICAL_SURFACE('',#6741,0.749999999999997);
#5928=CYLINDRICAL_SURFACE('',#6744,0.749999999999996);
#5929=CYLINDRICAL_SURFACE('',#6747,0.750000000000005);
#5930=CYLINDRICAL_SURFACE('',#6750,0.750000000000004);
#5931=CYLINDRICAL_SURFACE('',#6753,0.750000000000002);
#5932=CYLINDRICAL_SURFACE('',#6756,0.749999999999997);
#5933=CYLINDRICAL_SURFACE('',#6759,0.749999999999993);
#5934=CYLINDRICAL_SURFACE('',#6762,0.750000000000011);
#5935=CYLINDRICAL_SURFACE('',#6765,0.749999999999993);
#5936=CYLINDRICAL_SURFACE('',#6768,0.749999999999993);
#5937=CYLINDRICAL_SURFACE('',#6771,0.749999999999993);
#5938=CYLINDRICAL_SURFACE('',#6774,0.749999999999993);
#5939=CYLINDRICAL_SURFACE('',#6777,0.749999999999993);
#5940=CYLINDRICAL_SURFACE('',#6780,0.750000000000011);
#5941=CYLINDRICAL_SURFACE('',#6783,0.749999999999993);
#5942=CYLINDRICAL_SURFACE('',#6786,0.749999999999993);
#5943=CYLINDRICAL_SURFACE('',#6789,0.750000000000002);
#5944=CYLINDRICAL_SURFACE('',#6792,0.750000000000011);
#5945=CYLINDRICAL_SURFACE('',#6795,0.749999999999997);
#5946=CYLINDRICAL_SURFACE('',#6798,0.749999999999993);
#5947=CYLINDRICAL_SURFACE('',#6801,0.749999999999993);
#5948=CYLINDRICAL_SURFACE('',#6804,0.750000000000002);
#5949=CYLINDRICAL_SURFACE('',#6807,0.749999999999993);
#5950=CYLINDRICAL_SURFACE('',#6810,0.749999999999993);
#5951=CYLINDRICAL_SURFACE('',#6813,0.750000000000011);
#5952=CYLINDRICAL_SURFACE('',#6816,0.750000000000002);
#5953=CYLINDRICAL_SURFACE('',#6819,0.749999999999993);
#5954=CYLINDRICAL_SURFACE('',#6822,0.749999999999993);
#5955=CYLINDRICAL_SURFACE('',#6825,0.749999999999993);
#5956=CYLINDRICAL_SURFACE('',#6828,0.749999999999993);
#5957=CYLINDRICAL_SURFACE('',#6831,0.749999999999993);
#5958=CYLINDRICAL_SURFACE('',#6834,0.750000000000011);
#5959=CYLINDRICAL_SURFACE('',#6837,0.750000000000002);
#5960=CYLINDRICAL_SURFACE('',#6840,0.749999999999993);
#5961=CYLINDRICAL_SURFACE('',#6843,0.749999999999993);
#5962=CYLINDRICAL_SURFACE('',#6846,0.750000000000002);
#5963=CYLINDRICAL_SURFACE('',#6849,0.749999999999993);
#5964=CYLINDRICAL_SURFACE('',#6852,0.749999999999993);
#5965=CYLINDRICAL_SURFACE('',#6855,0.749999999999994);
#5966=CYLINDRICAL_SURFACE('',#6858,0.749999999999993);
#5967=CYLINDRICAL_SURFACE('',#6861,0.749999999999996);
#5968=CYLINDRICAL_SURFACE('',#6864,0.749999999999992);
#5969=CYLINDRICAL_SURFACE('',#6867,0.749999999999993);
#5970=CYLINDRICAL_SURFACE('',#6870,0.749999999999996);
#5971=CYLINDRICAL_SURFACE('',#6873,0.75);
#5972=CYLINDRICAL_SURFACE('',#6876,0.750000000000002);
#5973=CYLINDRICAL_SURFACE('',#6879,0.749999999999993);
#5974=CYLINDRICAL_SURFACE('',#6882,0.749999999999993);
#5975=CYLINDRICAL_SURFACE('',#6885,0.749999999999993);
#5976=CYLINDRICAL_SURFACE('',#6888,0.749999999999993);
#5977=CYLINDRICAL_SURFACE('',#6891,0.750000000000011);
#5978=CYLINDRICAL_SURFACE('',#6894,0.750000000000002);
#5979=CYLINDRICAL_SURFACE('',#6897,0.749999999999995);
#5980=CYLINDRICAL_SURFACE('',#6900,0.749999999999996);
#5981=CYLINDRICAL_SURFACE('',#6903,0.750000000000006);
#5982=CYLINDRICAL_SURFACE('',#6906,0.750000000000004);
#5983=CYLINDRICAL_SURFACE('',#6909,0.749999999999996);
#5984=CYLINDRICAL_SURFACE('',#6912,0.750000000000001);
#5985=CYLINDRICAL_SURFACE('',#6915,0.750000000000006);
#5986=CYLINDRICAL_SURFACE('',#6918,0.749999999999997);
#5987=CYLINDRICAL_SURFACE('',#6921,0.749999999999995);
#5988=CYLINDRICAL_SURFACE('',#6924,0.749999999999993);
#5989=CYLINDRICAL_SURFACE('',#6927,0.750000000000002);
#5990=CYLINDRICAL_SURFACE('',#6930,0.750000000000002);
#5991=CYLINDRICAL_SURFACE('',#6933,0.750000000000005);
#5992=CYLINDRICAL_SURFACE('',#6936,0.749999999999997);
#5993=CYLINDRICAL_SURFACE('',#6939,0.749999999999997);
#5994=CYLINDRICAL_SURFACE('',#6942,0.749999999999996);
#5995=CYLINDRICAL_SURFACE('',#6945,0.749999999999995);
#5996=CYLINDRICAL_SURFACE('',#6948,0.749999999999995);
#5997=CYLINDRICAL_SURFACE('',#6951,0.749999999999997);
#5998=CYLINDRICAL_SURFACE('',#6954,0.749999999999996);
#5999=CYLINDRICAL_SURFACE('',#6957,0.75);
#6000=CYLINDRICAL_SURFACE('',#6960,0.749999999999997);
#6001=CYLINDRICAL_SURFACE('',#6963,0.749999999999993);
#6002=CYLINDRICAL_SURFACE('',#6966,0.749999999999993);
#6003=CYLINDRICAL_SURFACE('',#6969,0.750000000000011);
#6004=CYLINDRICAL_SURFACE('',#6972,0.749999999999993);
#6005=CYLINDRICAL_SURFACE('',#6975,0.749999999999993);
#6006=CYLINDRICAL_SURFACE('',#6978,0.750000000000002);
#6007=CYLINDRICAL_SURFACE('',#6981,0.750000000000011);
#6008=CYLINDRICAL_SURFACE('',#6984,0.749999999999993);
#6009=CYLINDRICAL_SURFACE('',#6987,0.750000000000005);
#6010=CYLINDRICAL_SURFACE('',#6990,0.749999999999996);
#6011=CYLINDRICAL_SURFACE('',#6993,0.750000000000001);
#6012=CYLINDRICAL_SURFACE('',#6996,0.749999999999993);
#6013=CYLINDRICAL_SURFACE('',#6999,0.749999999999995);
#6014=CYLINDRICAL_SURFACE('',#7002,0.75);
#6015=CYLINDRICAL_SURFACE('',#7005,0.749999999999995);
#6016=CYLINDRICAL_SURFACE('',#7008,0.750000000000002);
#6017=CYLINDRICAL_SURFACE('',#7011,0.749999999999993);
#6018=CYLINDRICAL_SURFACE('',#7014,0.749999999999993);
#6019=CYLINDRICAL_SURFACE('',#7017,0.749999999999993);
#6020=CYLINDRICAL_SURFACE('',#7020,0.750000000000002);
#6021=CYLINDRICAL_SURFACE('',#7023,0.749999999999993);
#6022=CYLINDRICAL_SURFACE('',#7026,0.749999999999993);
#6023=CYLINDRICAL_SURFACE('',#7029,0.749999999999993);
#6024=CYLINDRICAL_SURFACE('',#7032,0.750000000000002);
#6025=CYLINDRICAL_SURFACE('',#7035,0.749999999999993);
#6026=CYLINDRICAL_SURFACE('',#7038,0.750000000000002);
#6027=CYLINDRICAL_SURFACE('',#7041,0.749999999999993);
#6028=CYLINDRICAL_SURFACE('',#7044,0.749999999999993);
#6029=CYLINDRICAL_SURFACE('',#7047,0.749999999999993);
#6030=CYLINDRICAL_SURFACE('',#7050,0.749999999999993);
#6031=CYLINDRICAL_SURFACE('',#7053,0.749999999999993);
#6032=CYLINDRICAL_SURFACE('',#7056,0.749999999999993);
#6033=CYLINDRICAL_SURFACE('',#7059,0.750000000000011);
#6034=CYLINDRICAL_SURFACE('',#7062,0.749999999999993);
#6035=CYLINDRICAL_SURFACE('',#7065,0.749999999999993);
#6036=CYLINDRICAL_SURFACE('',#7068,0.749999999999993);
#6037=CYLINDRICAL_SURFACE('',#7071,0.750000000000011);
#6038=CYLINDRICAL_SURFACE('',#7074,0.750000000000011);
#6039=CYLINDRICAL_SURFACE('',#7077,0.750000000000011);
#6040=CYLINDRICAL_SURFACE('',#7080,0.749999999999993);
#6041=CYLINDRICAL_SURFACE('',#7083,0.749999999999993);
#6042=CYLINDRICAL_SURFACE('',#7086,0.749999999999993);
#6043=CYLINDRICAL_SURFACE('',#7089,0.749999999999993);
#6044=CYLINDRICAL_SURFACE('',#7092,0.749999999999993);
#6045=CYLINDRICAL_SURFACE('',#7095,0.749999999999993);
#6046=CYLINDRICAL_SURFACE('',#7098,0.749999999999995);
#6047=CYLINDRICAL_SURFACE('',#7101,0.749999999999997);
#6048=CYLINDRICAL_SURFACE('',#7104,0.749999999999995);
#6049=CYLINDRICAL_SURFACE('',#7107,0.749999999999993);
#6050=CYLINDRICAL_SURFACE('',#7110,0.749999999999996);
#6051=CYLINDRICAL_SURFACE('',#7113,0.749999999999996);
#6052=CYLINDRICAL_SURFACE('',#7116,0.749999999999997);
#6053=CYLINDRICAL_SURFACE('',#7124,5.);
#6054=CYLINDRICAL_SURFACE('',#7135,5.);
#6055=CYLINDRICAL_SURFACE('',#7137,5.);
#6056=CYLINDRICAL_SURFACE('',#7140,5.);
#6057=CYLINDRICAL_SURFACE('',#7147,3.00000000000001);
#6058=CYLINDRICAL_SURFACE('',#7150,2.99999999999999);
#6059=CYLINDRICAL_SURFACE('',#7157,1.7);
#6060=CYLINDRICAL_SURFACE('',#7160,1.7);
#6061=CYLINDRICAL_SURFACE('',#7163,1.7);
#6062=CYLINDRICAL_SURFACE('',#7166,1.7);
#6063=ADVANCED_FACE('',(#549),#5800,.F.);
#6064=ADVANCED_FACE('',(#550),#5801,.F.);
#6065=ADVANCED_FACE('',(#551),#5802,.F.);
#6066=ADVANCED_FACE('',(#552),#5803,.F.);
#6067=ADVANCED_FACE('',(#553),#5804,.F.);
#6068=ADVANCED_FACE('',(#554),#5805,.F.);
#6069=ADVANCED_FACE('',(#555),#5806,.F.);
#6070=ADVANCED_FACE('',(#556),#5807,.F.);
#6071=ADVANCED_FACE('',(#557),#5808,.F.);
#6072=ADVANCED_FACE('',(#558),#5809,.F.);
#6073=ADVANCED_FACE('',(#559),#5810,.F.);
#6074=ADVANCED_FACE('',(#560),#5811,.F.);
#6075=ADVANCED_FACE('',(#561),#5812,.F.);
#6076=ADVANCED_FACE('',(#562),#5813,.F.);
#6077=ADVANCED_FACE('',(#563),#5814,.F.);
#6078=ADVANCED_FACE('',(#564),#5815,.F.);
#6079=ADVANCED_FACE('',(#565),#5816,.F.);
#6080=ADVANCED_FACE('',(#566),#5817,.F.);
#6081=ADVANCED_FACE('',(#567),#5818,.F.);
#6082=ADVANCED_FACE('',(#568),#5819,.F.);
#6083=ADVANCED_FACE('',(#569),#5820,.F.);
#6084=ADVANCED_FACE('',(#570),#5821,.F.);
#6085=ADVANCED_FACE('',(#571),#5822,.F.);
#6086=ADVANCED_FACE('',(#572),#5823,.F.);
#6087=ADVANCED_FACE('',(#573),#5824,.F.);
#6088=ADVANCED_FACE('',(#574),#5825,.F.);
#6089=ADVANCED_FACE('',(#575),#5826,.F.);
#6090=ADVANCED_FACE('',(#576),#5827,.F.);
#6091=ADVANCED_FACE('',(#577),#5828,.F.);
#6092=ADVANCED_FACE('',(#578),#5829,.F.);
#6093=ADVANCED_FACE('',(#579),#5830,.F.);
#6094=ADVANCED_FACE('',(#580),#5831,.F.);
#6095=ADVANCED_FACE('',(#581),#5832,.F.);
#6096=ADVANCED_FACE('',(#582),#5833,.F.);
#6097=ADVANCED_FACE('',(#583),#5834,.F.);
#6098=ADVANCED_FACE('',(#584),#5835,.F.);
#6099=ADVANCED_FACE('',(#585),#5836,.F.);
#6100=ADVANCED_FACE('',(#586),#5837,.F.);
#6101=ADVANCED_FACE('',(#587),#5838,.F.);
#6102=ADVANCED_FACE('',(#588),#5839,.F.);
#6103=ADVANCED_FACE('',(#589),#5840,.F.);
#6104=ADVANCED_FACE('',(#590),#5841,.F.);
#6105=ADVANCED_FACE('',(#591),#5842,.F.);
#6106=ADVANCED_FACE('',(#592),#5843,.F.);
#6107=ADVANCED_FACE('',(#593),#5844,.F.);
#6108=ADVANCED_FACE('',(#594),#5845,.F.);
#6109=ADVANCED_FACE('',(#595),#5846,.F.);
#6110=ADVANCED_FACE('',(#596),#5847,.F.);
#6111=ADVANCED_FACE('',(#597),#5848,.F.);
#6112=ADVANCED_FACE('',(#598),#5849,.F.);
#6113=ADVANCED_FACE('',(#599),#5850,.F.);
#6114=ADVANCED_FACE('',(#600),#5851,.F.);
#6115=ADVANCED_FACE('',(#601),#5852,.F.);
#6116=ADVANCED_FACE('',(#602),#5853,.F.);
#6117=ADVANCED_FACE('',(#603),#5854,.F.);
#6118=ADVANCED_FACE('',(#604),#5855,.F.);
#6119=ADVANCED_FACE('',(#605),#5856,.F.);
#6120=ADVANCED_FACE('',(#606),#5857,.F.);
#6121=ADVANCED_FACE('',(#607),#5858,.F.);
#6122=ADVANCED_FACE('',(#608),#5859,.F.);
#6123=ADVANCED_FACE('',(#609),#5860,.F.);
#6124=ADVANCED_FACE('',(#610),#5861,.F.);
#6125=ADVANCED_FACE('',(#611),#5862,.F.);
#6126=ADVANCED_FACE('',(#612),#5863,.F.);
#6127=ADVANCED_FACE('',(#613),#5864,.F.);
#6128=ADVANCED_FACE('',(#614),#5865,.F.);
#6129=ADVANCED_FACE('',(#615),#5866,.F.);
#6130=ADVANCED_FACE('',(#616),#5867,.F.);
#6131=ADVANCED_FACE('',(#617),#5868,.F.);
#6132=ADVANCED_FACE('',(#618),#5869,.F.);
#6133=ADVANCED_FACE('',(#619),#5870,.F.);
#6134=ADVANCED_FACE('',(#620),#5871,.F.);
#6135=ADVANCED_FACE('',(#621),#5872,.F.);
#6136=ADVANCED_FACE('',(#622),#5873,.F.);
#6137=ADVANCED_FACE('',(#623),#5874,.F.);
#6138=ADVANCED_FACE('',(#624),#5875,.F.);
#6139=ADVANCED_FACE('',(#625),#5876,.F.);
#6140=ADVANCED_FACE('',(#626),#5877,.F.);
#6141=ADVANCED_FACE('',(#627),#5878,.F.);
#6142=ADVANCED_FACE('',(#628),#5879,.F.);
#6143=ADVANCED_FACE('',(#629),#5880,.F.);
#6144=ADVANCED_FACE('',(#630),#5881,.F.);
#6145=ADVANCED_FACE('',(#631),#5882,.F.);
#6146=ADVANCED_FACE('',(#632),#5883,.F.);
#6147=ADVANCED_FACE('',(#633),#5884,.F.);
#6148=ADVANCED_FACE('',(#634),#5885,.F.);
#6149=ADVANCED_FACE('',(#635),#5886,.F.);
#6150=ADVANCED_FACE('',(#636),#5887,.F.);
#6151=ADVANCED_FACE('',(#637),#5888,.F.);
#6152=ADVANCED_FACE('',(#638),#5889,.F.);
#6153=ADVANCED_FACE('',(#639),#5890,.F.);
#6154=ADVANCED_FACE('',(#640),#5891,.F.);
#6155=ADVANCED_FACE('',(#641),#5892,.F.);
#6156=ADVANCED_FACE('',(#642),#5893,.F.);
#6157=ADVANCED_FACE('',(#643),#5894,.F.);
#6158=ADVANCED_FACE('',(#644),#5895,.F.);
#6159=ADVANCED_FACE('',(#645),#5896,.F.);
#6160=ADVANCED_FACE('',(#646),#5897,.F.);
#6161=ADVANCED_FACE('',(#647),#5898,.F.);
#6162=ADVANCED_FACE('',(#648),#5899,.F.);
#6163=ADVANCED_FACE('',(#649),#5900,.F.);
#6164=ADVANCED_FACE('',(#650),#5901,.F.);
#6165=ADVANCED_FACE('',(#651),#5902,.F.);
#6166=ADVANCED_FACE('',(#652),#5903,.F.);
#6167=ADVANCED_FACE('',(#653),#5904,.F.);
#6168=ADVANCED_FACE('',(#654),#5905,.F.);
#6169=ADVANCED_FACE('',(#655),#5906,.F.);
#6170=ADVANCED_FACE('',(#656),#5907,.F.);
#6171=ADVANCED_FACE('',(#657),#5908,.F.);
#6172=ADVANCED_FACE('',(#658),#5909,.F.);
#6173=ADVANCED_FACE('',(#659),#5910,.F.);
#6174=ADVANCED_FACE('',(#660),#5911,.F.);
#6175=ADVANCED_FACE('',(#661),#5912,.F.);
#6176=ADVANCED_FACE('',(#662),#5913,.F.);
#6177=ADVANCED_FACE('',(#663),#5914,.F.);
#6178=ADVANCED_FACE('',(#664),#5915,.F.);
#6179=ADVANCED_FACE('',(#665),#5916,.F.);
#6180=ADVANCED_FACE('',(#666),#5917,.F.);
#6181=ADVANCED_FACE('',(#667),#5918,.F.);
#6182=ADVANCED_FACE('',(#668),#5919,.F.);
#6183=ADVANCED_FACE('',(#669),#5920,.F.);
#6184=ADVANCED_FACE('',(#670),#5921,.F.);
#6185=ADVANCED_FACE('',(#671),#5922,.F.);
#6186=ADVANCED_FACE('',(#672),#5923,.F.);
#6187=ADVANCED_FACE('',(#673),#5924,.F.);
#6188=ADVANCED_FACE('',(#674),#5925,.F.);
#6189=ADVANCED_FACE('',(#675),#5926,.F.);
#6190=ADVANCED_FACE('',(#676),#5927,.F.);
#6191=ADVANCED_FACE('',(#677),#5928,.F.);
#6192=ADVANCED_FACE('',(#678),#5929,.F.);
#6193=ADVANCED_FACE('',(#679),#5930,.F.);
#6194=ADVANCED_FACE('',(#680),#5931,.F.);
#6195=ADVANCED_FACE('',(#681),#5932,.F.);
#6196=ADVANCED_FACE('',(#682),#5933,.F.);
#6197=ADVANCED_FACE('',(#683),#5934,.F.);
#6198=ADVANCED_FACE('',(#684),#5935,.F.);
#6199=ADVANCED_FACE('',(#685),#5936,.F.);
#6200=ADVANCED_FACE('',(#686),#5937,.F.);
#6201=ADVANCED_FACE('',(#687),#5938,.F.);
#6202=ADVANCED_FACE('',(#688),#5939,.F.);
#6203=ADVANCED_FACE('',(#689),#5940,.F.);
#6204=ADVANCED_FACE('',(#690),#5941,.F.);
#6205=ADVANCED_FACE('',(#691),#5942,.F.);
#6206=ADVANCED_FACE('',(#692),#5943,.F.);
#6207=ADVANCED_FACE('',(#693),#5944,.F.);
#6208=ADVANCED_FACE('',(#694),#5945,.F.);
#6209=ADVANCED_FACE('',(#695),#5946,.F.);
#6210=ADVANCED_FACE('',(#696),#5947,.F.);
#6211=ADVANCED_FACE('',(#697),#5948,.F.);
#6212=ADVANCED_FACE('',(#698),#5949,.F.);
#6213=ADVANCED_FACE('',(#699),#5950,.F.);
#6214=ADVANCED_FACE('',(#700),#5951,.F.);
#6215=ADVANCED_FACE('',(#701),#5952,.F.);
#6216=ADVANCED_FACE('',(#702),#5953,.F.);
#6217=ADVANCED_FACE('',(#703),#5954,.F.);
#6218=ADVANCED_FACE('',(#704),#5955,.F.);
#6219=ADVANCED_FACE('',(#705),#5956,.F.);
#6220=ADVANCED_FACE('',(#706),#5957,.F.);
#6221=ADVANCED_FACE('',(#707),#5958,.F.);
#6222=ADVANCED_FACE('',(#708),#5959,.F.);
#6223=ADVANCED_FACE('',(#709),#5960,.F.);
#6224=ADVANCED_FACE('',(#710),#5961,.F.);
#6225=ADVANCED_FACE('',(#711),#5962,.F.);
#6226=ADVANCED_FACE('',(#712),#5963,.F.);
#6227=ADVANCED_FACE('',(#713),#5964,.F.);
#6228=ADVANCED_FACE('',(#714),#5965,.F.);
#6229=ADVANCED_FACE('',(#715),#5966,.F.);
#6230=ADVANCED_FACE('',(#716),#5967,.F.);
#6231=ADVANCED_FACE('',(#717),#5968,.F.);
#6232=ADVANCED_FACE('',(#718),#5969,.F.);
#6233=ADVANCED_FACE('',(#719),#5970,.F.);
#6234=ADVANCED_FACE('',(#720),#5971,.F.);
#6235=ADVANCED_FACE('',(#721),#5972,.F.);
#6236=ADVANCED_FACE('',(#722),#5973,.F.);
#6237=ADVANCED_FACE('',(#723),#5974,.F.);
#6238=ADVANCED_FACE('',(#724),#5975,.F.);
#6239=ADVANCED_FACE('',(#725),#5976,.F.);
#6240=ADVANCED_FACE('',(#726),#5977,.F.);
#6241=ADVANCED_FACE('',(#727),#5978,.F.);
#6242=ADVANCED_FACE('',(#728),#5979,.F.);
#6243=ADVANCED_FACE('',(#729),#5980,.F.);
#6244=ADVANCED_FACE('',(#730),#5981,.F.);
#6245=ADVANCED_FACE('',(#731),#5982,.F.);
#6246=ADVANCED_FACE('',(#732),#5983,.F.);
#6247=ADVANCED_FACE('',(#733),#5984,.F.);
#6248=ADVANCED_FACE('',(#734),#5985,.F.);
#6249=ADVANCED_FACE('',(#735),#5986,.F.);
#6250=ADVANCED_FACE('',(#736),#5987,.F.);
#6251=ADVANCED_FACE('',(#737),#5988,.F.);
#6252=ADVANCED_FACE('',(#738),#5989,.F.);
#6253=ADVANCED_FACE('',(#739),#5990,.F.);
#6254=ADVANCED_FACE('',(#740),#5991,.F.);
#6255=ADVANCED_FACE('',(#741),#5992,.F.);
#6256=ADVANCED_FACE('',(#742),#5993,.F.);
#6257=ADVANCED_FACE('',(#743),#5994,.F.);
#6258=ADVANCED_FACE('',(#744),#5995,.F.);
#6259=ADVANCED_FACE('',(#745),#5996,.F.);
#6260=ADVANCED_FACE('',(#746),#5997,.F.);
#6261=ADVANCED_FACE('',(#747),#5998,.F.);
#6262=ADVANCED_FACE('',(#748),#5999,.F.);
#6263=ADVANCED_FACE('',(#749),#6000,.F.);
#6264=ADVANCED_FACE('',(#750),#6001,.F.);
#6265=ADVANCED_FACE('',(#751),#6002,.F.);
#6266=ADVANCED_FACE('',(#752),#6003,.F.);
#6267=ADVANCED_FACE('',(#753),#6004,.F.);
#6268=ADVANCED_FACE('',(#754),#6005,.F.);
#6269=ADVANCED_FACE('',(#755),#6006,.F.);
#6270=ADVANCED_FACE('',(#756),#6007,.F.);
#6271=ADVANCED_FACE('',(#757),#6008,.F.);
#6272=ADVANCED_FACE('',(#758),#6009,.F.);
#6273=ADVANCED_FACE('',(#759),#6010,.F.);
#6274=ADVANCED_FACE('',(#760),#6011,.F.);
#6275=ADVANCED_FACE('',(#761),#6012,.F.);
#6276=ADVANCED_FACE('',(#762),#6013,.F.);
#6277=ADVANCED_FACE('',(#763),#6014,.F.);
#6278=ADVANCED_FACE('',(#764),#6015,.F.);
#6279=ADVANCED_FACE('',(#765),#6016,.F.);
#6280=ADVANCED_FACE('',(#766),#6017,.F.);
#6281=ADVANCED_FACE('',(#767),#6018,.F.);
#6282=ADVANCED_FACE('',(#768),#6019,.F.);
#6283=ADVANCED_FACE('',(#769),#6020,.F.);
#6284=ADVANCED_FACE('',(#770),#6021,.F.);
#6285=ADVANCED_FACE('',(#771),#6022,.F.);
#6286=ADVANCED_FACE('',(#772),#6023,.F.);
#6287=ADVANCED_FACE('',(#773),#6024,.F.);
#6288=ADVANCED_FACE('',(#774),#6025,.F.);
#6289=ADVANCED_FACE('',(#775),#6026,.F.);
#6290=ADVANCED_FACE('',(#776),#6027,.F.);
#6291=ADVANCED_FACE('',(#777),#6028,.F.);
#6292=ADVANCED_FACE('',(#778),#6029,.F.);
#6293=ADVANCED_FACE('',(#779),#6030,.F.);
#6294=ADVANCED_FACE('',(#780),#6031,.F.);
#6295=ADVANCED_FACE('',(#781),#6032,.F.);
#6296=ADVANCED_FACE('',(#782),#6033,.F.);
#6297=ADVANCED_FACE('',(#783),#6034,.F.);
#6298=ADVANCED_FACE('',(#784),#6035,.F.);
#6299=ADVANCED_FACE('',(#785),#6036,.F.);
#6300=ADVANCED_FACE('',(#786),#6037,.F.);
#6301=ADVANCED_FACE('',(#787),#6038,.F.);
#6302=ADVANCED_FACE('',(#788),#6039,.F.);
#6303=ADVANCED_FACE('',(#789),#6040,.F.);
#6304=ADVANCED_FACE('',(#790),#6041,.F.);
#6305=ADVANCED_FACE('',(#791),#6042,.F.);
#6306=ADVANCED_FACE('',(#792),#6043,.F.);
#6307=ADVANCED_FACE('',(#793),#6044,.F.);
#6308=ADVANCED_FACE('',(#794),#6045,.F.);
#6309=ADVANCED_FACE('',(#795),#6046,.F.);
#6310=ADVANCED_FACE('',(#796),#6047,.F.);
#6311=ADVANCED_FACE('',(#797),#6048,.F.);
#6312=ADVANCED_FACE('',(#798),#6049,.F.);
#6313=ADVANCED_FACE('',(#799),#6050,.F.);
#6314=ADVANCED_FACE('',(#800),#6051,.F.);
#6315=ADVANCED_FACE('',(#801),#6052,.F.);
#6316=ADVANCED_FACE('',(#802),#529,.F.);
#6317=ADVANCED_FACE('',(#803),#530,.F.);
#6318=ADVANCED_FACE('',(#804),#531,.T.);
#6319=ADVANCED_FACE('',(#805),#532,.T.);
#6320=ADVANCED_FACE('',(#806),#533,.T.);
#6321=ADVANCED_FACE('',(#807),#6053,.T.);
#6322=ADVANCED_FACE('',(#808,#15,#16,#17,#18),#534,.T.);
#6323=ADVANCED_FACE('',(#809),#6054,.T.);
#6324=ADVANCED_FACE('',(#810),#6055,.T.);
#6325=ADVANCED_FACE('',(#811),#535,.T.);
#6326=ADVANCED_FACE('',(#812),#6056,.T.);
#6327=ADVANCED_FACE('',(#813),#536,.F.);
#6328=ADVANCED_FACE('',(#814),#537,.F.);
#6329=ADVANCED_FACE('',(#815,#19,#20,#21,#22,#23,#24,#25,#26,#27,#28,#29,
#30,#31,#32,#33,#34,#35,#36,#37,#38,#39,#40,#41,#42,#43,#44,#45,#46,#47,
#48,#49,#50,#51,#52,#53,#54,#55,#56,#57,#58,#59,#60,#61,#62,#63,#64,#65,
#66,#67,#68,#69,#70,#71,#72,#73,#74,#75,#76,#77,#78,#79,#80,#81,#82,#83,
#84,#85,#86,#87,#88,#89,#90,#91,#92,#93,#94,#95,#96,#97,#98,#99,#100,#101,
#102,#103,#104,#105,#106,#107,#108,#109,#110,#111,#112,#113,#114,#115,#116,
#117,#118,#119,#120,#121,#122,#123,#124,#125,#126,#127,#128,#129,#130,#131,
#132,#133,#134,#135,#136,#137,#138,#139,#140,#141,#142,#143,#144,#145,#146,
#147,#148,#149,#150,#151,#152,#153,#154,#155,#156,#157,#158,#159,#160,#161,
#162,#163,#164,#165,#166,#167,#168,#169,#170,#171,#172,#173,#174,#175,#176,
#177,#178,#179,#180,#181,#182,#183,#184,#185,#186,#187,#188,#189,#190,#191,
#192,#193,#194,#195,#196,#197,#198,#199,#200,#201,#202,#203,#204,#205,#206,
#207,#208,#209,#210,#211,#212,#213,#214,#215,#216,#217,#218,#219,#220,#221,
#222,#223,#224,#225,#226,#227,#228,#229,#230,#231,#232,#233,#234,#235,#236,
#237,#238,#239,#240,#241,#242,#243,#244,#245,#246,#247,#248,#249,#250,#251,
#252,#253,#254,#255,#256,#257,#258,#259,#260,#261,#262,#263,#264,#265,#266,
#267,#268,#269),#538,.T.);
#6330=ADVANCED_FACE('',(#816),#539,.T.);
#6331=ADVANCED_FACE('',(#817),#540,.T.);
#6332=ADVANCED_FACE('',(#818),#6057,.F.);
#6333=ADVANCED_FACE('',(#819),#6058,.F.);
#6334=ADVANCED_FACE('',(#820),#541,.T.);
#6335=ADVANCED_FACE('',(#821),#542,.T.);
#6336=ADVANCED_FACE('',(#822),#543,.T.);
#6337=ADVANCED_FACE('',(#823,#270,#271,#272,#273,#274,#275,#276,#277,#278,
#279,#280,#281,#282,#283,#284,#285,#286,#287,#288,#289,#290,#291,#292,#293,
#294,#295,#296,#297,#298,#299,#300,#301,#302,#303,#304,#305,#306,#307,#308,
#309,#310,#311,#312,#313,#314,#315,#316,#317,#318,#319,#320,#321,#322,#323,
#324,#325,#326,#327,#328,#329,#330,#331,#332,#333,#334,#335,#336,#337,#338,
#339,#340,#341,#342,#343,#344,#345,#346,#347,#348,#349,#350,#351,#352,#353,
#354,#355,#356,#357,#358,#359,#360,#361,#362,#363,#364,#365,#366,#367,#368,
#369,#370,#371,#372,#373,#374,#375,#376,#377,#378,#379,#380,#381,#382,#383,
#384,#385,#386,#387,#388,#389,#390,#391,#392,#393,#394,#395,#396,#397,#398,
#399,#400,#401,#402,#403,#404,#405,#406,#407,#408,#409,#410,#411,#412,#413,
#414,#415,#416,#417,#418,#419,#420,#421,#422,#423,#424,#425,#426,#427,#428,
#429,#430,#431,#432,#433,#434,#435,#436,#437,#438,#439,#440,#441,#442,#443,
#444,#445,#446,#447,#448,#449,#450,#451,#452,#453,#454,#455,#456,#457,#458,
#459,#460,#461,#462,#463,#464,#465,#466,#467,#468,#469,#470,#471,#472,#473,
#474,#475,#476,#477,#478,#479,#480,#481,#482,#483,#484,#485,#486,#487,#488,
#489,#490,#491,#492,#493,#494,#495,#496,#497,#498,#499,#500,#501,#502,#503,
#504,#505,#506,#507,#508,#509,#510,#511,#512,#513,#514,#515,#516,#517,#518,
#519,#520,#521,#522,#523,#524),#544,.F.);
#6338=ADVANCED_FACE('',(#824),#6059,.F.);
#6339=ADVANCED_FACE('',(#825,#525),#545,.F.);
#6340=ADVANCED_FACE('',(#826),#6060,.F.);
#6341=ADVANCED_FACE('',(#827,#526),#546,.F.);
#6342=ADVANCED_FACE('',(#828),#6061,.F.);
#6343=ADVANCED_FACE('',(#829,#527),#547,.F.);
#6344=ADVANCED_FACE('',(#830),#6062,.F.);
#6345=ADVANCED_FACE('',(#831,#528),#548,.F.);
#6346=CLOSED_SHELL('',(#6063,#6064,#6065,#6066,#6067,#6068,#6069,#6070,
#6071,#6072,#6073,#6074,#6075,#6076,#6077,#6078,#6079,#6080,#6081,#6082,
#6083,#6084,#6085,#6086,#6087,#6088,#6089,#6090,#6091,#6092,#6093,#6094,
#6095,#6096,#6097,#6098,#6099,#6100,#6101,#6102,#6103,#6104,#6105,#6106,
#6107,#6108,#6109,#6110,#6111,#6112,#6113,#6114,#6115,#6116,#6117,#6118,
#6119,#6120,#6121,#6122,#6123,#6124,#6125,#6126,#6127,#6128,#6129,#6130,
#6131,#6132,#6133,#6134,#6135,#6136,#6137,#6138,#6139,#6140,#6141,#6142,
#6143,#6144,#6145,#6146,#6147,#6148,#6149,#6150,#6151,#6152,#6153,#6154,
#6155,#6156,#6157,#6158,#6159,#6160,#6161,#6162,#6163,#6164,#6165,#6166,
#6167,#6168,#6169,#6170,#6171,#6172,#6173,#6174,#6175,#6176,#6177,#6178,
#6179,#6180,#6181,#6182,#6183,#6184,#6185,#6186,#6187,#6188,#6189,#6190,
#6191,#6192,#6193,#6194,#6195,#6196,#6197,#6198,#6199,#6200,#6201,#6202,
#6203,#6204,#6205,#6206,#6207,#6208,#6209,#6210,#6211,#6212,#6213,#6214,
#6215,#6216,#6217,#6218,#6219,#6220,#6221,#6222,#6223,#6224,#6225,#6226,
#6227,#6228,#6229,#6230,#6231,#6232,#6233,#6234,#6235,#6236,#6237,#6238,
#6239,#6240,#6241,#6242,#6243,#6244,#6245,#6246,#6247,#6248,#6249,#6250,
#6251,#6252,#6253,#6254,#6255,#6256,#6257,#6258,#6259,#6260,#6261,#6262,
#6263,#6264,#6265,#6266,#6267,#6268,#6269,#6270,#6271,#6272,#6273,#6274,
#6275,#6276,#6277,#6278,#6279,#6280,#6281,#6282,#6283,#6284,#6285,#6286,
#6287,#6288,#6289,#6290,#6291,#6292,#6293,#6294,#6295,#6296,#6297,#6298,
#6299,#6300,#6301,#6302,#6303,#6304,#6305,#6306,#6307,#6308,#6309,#6310,
#6311,#6312,#6313,#6314,#6315,#6316,#6317,#6318,#6319,#6320,#6321,#6322,
#6323,#6324,#6325,#6326,#6327,#6328,#6329,#6330,#6331,#6332,#6333,#6334,
#6335,#6336,#6337,#6338,#6339,#6340,#6341,#6342,#6343,#6344,#6345));
#6347=DERIVED_UNIT_ELEMENT(#6349,1.);
#6348=DERIVED_UNIT_ELEMENT(#10762,-3.);
#6349=(
MASS_UNIT()
NAMED_UNIT(*)
SI_UNIT(.KILO.,.GRAM.)
);
#6350=DERIVED_UNIT((#6347,#6348));
#6351=MEASURE_REPRESENTATION_ITEM('density measure',
POSITIVE_RATIO_MEASURE(7850.),#6350);
#6352=PROPERTY_DEFINITION_REPRESENTATION(#6357,#6354);
#6353=PROPERTY_DEFINITION_REPRESENTATION(#6358,#6355);
#6354=REPRESENTATION('material name',(#6356),#10759);
#6355=REPRESENTATION('density',(#6351),#10759);
#6356=DESCRIPTIVE_REPRESENTATION_ITEM('Stahl','Stahl');
#6357=PROPERTY_DEFINITION('material property','material name',#10769);
#6358=PROPERTY_DEFINITION('material property','density of part',#10769);
#6359=AXIS2_PLACEMENT_3D('',#9092,#7169,#7170);
#6360=AXIS2_PLACEMENT_3D('',#9093,#7171,#7172);
#6361=AXIS2_PLACEMENT_3D('',#9095,#7173,#7174);
#6362=AXIS2_PLACEMENT_3D('',#9098,#7176,#7177);
#6363=AXIS2_PLACEMENT_3D('',#9099,#7178,#7179);
#6364=AXIS2_PLACEMENT_3D('',#9101,#7180,#7181);
#6365=AXIS2_PLACEMENT_3D('',#9104,#7183,#7184);
#6366=AXIS2_PLACEMENT_3D('',#9105,#7185,#7186);
#6367=AXIS2_PLACEMENT_3D('',#9107,#7187,#7188);
#6368=AXIS2_PLACEMENT_3D('',#9110,#7190,#7191);
#6369=AXIS2_PLACEMENT_3D('',#9111,#7192,#7193);
#6370=AXIS2_PLACEMENT_3D('',#9113,#7194,#7195);
#6371=AXIS2_PLACEMENT_3D('',#9116,#7197,#7198);
#6372=AXIS2_PLACEMENT_3D('',#9117,#7199,#7200);
#6373=AXIS2_PLACEMENT_3D('',#9119,#7201,#7202);
#6374=AXIS2_PLACEMENT_3D('',#9122,#7204,#7205);
#6375=AXIS2_PLACEMENT_3D('',#9123,#7206,#7207);
#6376=AXIS2_PLACEMENT_3D('',#9125,#7208,#7209);
#6377=AXIS2_PLACEMENT_3D('',#9128,#7211,#7212);
#6378=AXIS2_PLACEMENT_3D('',#9129,#7213,#7214);
#6379=AXIS2_PLACEMENT_3D('',#9131,#7215,#7216);
#6380=AXIS2_PLACEMENT_3D('',#9134,#7218,#7219);
#6381=AXIS2_PLACEMENT_3D('',#9135,#7220,#7221);
#6382=AXIS2_PLACEMENT_3D('',#9137,#7222,#7223);
#6383=AXIS2_PLACEMENT_3D('',#9140,#7225,#7226);
#6384=AXIS2_PLACEMENT_3D('',#9141,#7227,#7228);
#6385=AXIS2_PLACEMENT_3D('',#9143,#7229,#7230);
#6386=AXIS2_PLACEMENT_3D('',#9146,#7232,#7233);
#6387=AXIS2_PLACEMENT_3D('',#9147,#7234,#7235);
#6388=AXIS2_PLACEMENT_3D('',#9149,#7236,#7237);
#6389=AXIS2_PLACEMENT_3D('',#9152,#7239,#7240);
#6390=AXIS2_PLACEMENT_3D('',#9153,#7241,#7242);
#6391=AXIS2_PLACEMENT_3D('',#9155,#7243,#7244);
#6392=AXIS2_PLACEMENT_3D('',#9158,#7246,#7247);
#6393=AXIS2_PLACEMENT_3D('',#9159,#7248,#7249);
#6394=AXIS2_PLACEMENT_3D('',#9161,#7250,#7251);
#6395=AXIS2_PLACEMENT_3D('',#9164,#7253,#7254);
#6396=AXIS2_PLACEMENT_3D('',#9165,#7255,#7256);
#6397=AXIS2_PLACEMENT_3D('',#9167,#7257,#7258);
#6398=AXIS2_PLACEMENT_3D('',#9170,#7260,#7261);
#6399=AXIS2_PLACEMENT_3D('',#9171,#7262,#7263);
#6400=AXIS2_PLACEMENT_3D('',#9173,#7264,#7265);
#6401=AXIS2_PLACEMENT_3D('',#9176,#7267,#7268);
#6402=AXIS2_PLACEMENT_3D('',#9177,#7269,#7270);
#6403=AXIS2_PLACEMENT_3D('',#9179,#7271,#7272);
#6404=AXIS2_PLACEMENT_3D('',#9182,#7274,#7275);
#6405=AXIS2_PLACEMENT_3D('',#9183,#7276,#7277);
#6406=AXIS2_PLACEMENT_3D('',#9185,#7278,#7279);
#6407=AXIS2_PLACEMENT_3D('',#9188,#7281,#7282);
#6408=AXIS2_PLACEMENT_3D('',#9189,#7283,#7284);
#6409=AXIS2_PLACEMENT_3D('',#9191,#7285,#7286);
#6410=AXIS2_PLACEMENT_3D('',#9194,#7288,#7289);
#6411=AXIS2_PLACEMENT_3D('',#9195,#7290,#7291);
#6412=AXIS2_PLACEMENT_3D('',#9197,#7292,#7293);
#6413=AXIS2_PLACEMENT_3D('',#9200,#7295,#7296);
#6414=AXIS2_PLACEMENT_3D('',#9201,#7297,#7298);
#6415=AXIS2_PLACEMENT_3D('',#9203,#7299,#7300);
#6416=AXIS2_PLACEMENT_3D('',#9206,#7302,#7303);
#6417=AXIS2_PLACEMENT_3D('',#9207,#7304,#7305);
#6418=AXIS2_PLACEMENT_3D('',#9209,#7306,#7307);
#6419=AXIS2_PLACEMENT_3D('',#9212,#7309,#7310);
#6420=AXIS2_PLACEMENT_3D('',#9213,#7311,#7312);
#6421=AXIS2_PLACEMENT_3D('',#9215,#7313,#7314);
#6422=AXIS2_PLACEMENT_3D('',#9218,#7316,#7317);
#6423=AXIS2_PLACEMENT_3D('',#9219,#7318,#7319);
#6424=AXIS2_PLACEMENT_3D('',#9221,#7320,#7321);
#6425=AXIS2_PLACEMENT_3D('',#9224,#7323,#7324);
#6426=AXIS2_PLACEMENT_3D('',#9225,#7325,#7326);
#6427=AXIS2_PLACEMENT_3D('',#9227,#7327,#7328);
#6428=AXIS2_PLACEMENT_3D('',#9230,#7330,#7331);
#6429=AXIS2_PLACEMENT_3D('',#9231,#7332,#7333);
#6430=AXIS2_PLACEMENT_3D('',#9233,#7334,#7335);
#6431=AXIS2_PLACEMENT_3D('',#9236,#7337,#7338);
#6432=AXIS2_PLACEMENT_3D('',#9237,#7339,#7340);
#6433=AXIS2_PLACEMENT_3D('',#9239,#7341,#7342);
#6434=AXIS2_PLACEMENT_3D('',#9242,#7344,#7345);
#6435=AXIS2_PLACEMENT_3D('',#9243,#7346,#7347);
#6436=AXIS2_PLACEMENT_3D('',#9245,#7348,#7349);
#6437=AXIS2_PLACEMENT_3D('',#9248,#7351,#7352);
#6438=AXIS2_PLACEMENT_3D('',#9249,#7353,#7354);
#6439=AXIS2_PLACEMENT_3D('',#9251,#7355,#7356);
#6440=AXIS2_PLACEMENT_3D('',#9254,#7358,#7359);
#6441=AXIS2_PLACEMENT_3D('',#9255,#7360,#7361);
#6442=AXIS2_PLACEMENT_3D('',#9257,#7362,#7363);
#6443=AXIS2_PLACEMENT_3D('',#9260,#7365,#7366);
#6444=AXIS2_PLACEMENT_3D('',#9261,#7367,#7368);
#6445=AXIS2_PLACEMENT_3D('',#9263,#7369,#7370);
#6446=AXIS2_PLACEMENT_3D('',#9266,#7372,#7373);
#6447=AXIS2_PLACEMENT_3D('',#9267,#7374,#7375);
#6448=AXIS2_PLACEMENT_3D('',#9269,#7376,#7377);
#6449=AXIS2_PLACEMENT_3D('',#9272,#7379,#7380);
#6450=AXIS2_PLACEMENT_3D('',#9273,#7381,#7382);
#6451=AXIS2_PLACEMENT_3D('',#9275,#7383,#7384);
#6452=AXIS2_PLACEMENT_3D('',#9278,#7386,#7387);
#6453=AXIS2_PLACEMENT_3D('',#9279,#7388,#7389);
#6454=AXIS2_PLACEMENT_3D('',#9281,#7390,#7391);
#6455=AXIS2_PLACEMENT_3D('',#9284,#7393,#7394);
#6456=AXIS2_PLACEMENT_3D('',#9285,#7395,#7396);
#6457=AXIS2_PLACEMENT_3D('',#9287,#7397,#7398);
#6458=AXIS2_PLACEMENT_3D('',#9290,#7400,#7401);
#6459=AXIS2_PLACEMENT_3D('',#9291,#7402,#7403);
#6460=AXIS2_PLACEMENT_3D('',#9293,#7404,#7405);
#6461=AXIS2_PLACEMENT_3D('',#9296,#7407,#7408);
#6462=AXIS2_PLACEMENT_3D('',#9297,#7409,#7410);
#6463=AXIS2_PLACEMENT_3D('',#9299,#7411,#7412);
#6464=AXIS2_PLACEMENT_3D('',#9302,#7414,#7415);
#6465=AXIS2_PLACEMENT_3D('',#9303,#7416,#7417);
#6466=AXIS2_PLACEMENT_3D('',#9305,#7418,#7419);
#6467=AXIS2_PLACEMENT_3D('',#9308,#7421,#7422);
#6468=AXIS2_PLACEMENT_3D('',#9309,#7423,#7424);
#6469=AXIS2_PLACEMENT_3D('',#9311,#7425,#7426);
#6470=AXIS2_PLACEMENT_3D('',#9314,#7428,#7429);
#6471=AXIS2_PLACEMENT_3D('',#9315,#7430,#7431);
#6472=AXIS2_PLACEMENT_3D('',#9317,#7432,#7433);
#6473=AXIS2_PLACEMENT_3D('',#9320,#7435,#7436);
#6474=AXIS2_PLACEMENT_3D('',#9321,#7437,#7438);
#6475=AXIS2_PLACEMENT_3D('',#9323,#7439,#7440);
#6476=AXIS2_PLACEMENT_3D('',#9326,#7442,#7443);
#6477=AXIS2_PLACEMENT_3D('',#9327,#7444,#7445);
#6478=AXIS2_PLACEMENT_3D('',#9329,#7446,#7447);
#6479=AXIS2_PLACEMENT_3D('',#9332,#7449,#7450);
#6480=AXIS2_PLACEMENT_3D('',#9333,#7451,#7452);
#6481=AXIS2_PLACEMENT_3D('',#9335,#7453,#7454);
#6482=AXIS2_PLACEMENT_3D('',#9338,#7456,#7457);
#6483=AXIS2_PLACEMENT_3D('',#9339,#7458,#7459);
#6484=AXIS2_PLACEMENT_3D('',#9341,#7460,#7461);
#6485=AXIS2_PLACEMENT_3D('',#9344,#7463,#7464);
#6486=AXIS2_PLACEMENT_3D('',#9345,#7465,#7466);
#6487=AXIS2_PLACEMENT_3D('',#9347,#7467,#7468);
#6488=AXIS2_PLACEMENT_3D('',#9350,#7470,#7471);
#6489=AXIS2_PLACEMENT_3D('',#9351,#7472,#7473);
#6490=AXIS2_PLACEMENT_3D('',#9353,#7474,#7475);
#6491=AXIS2_PLACEMENT_3D('',#9356,#7477,#7478);
#6492=AXIS2_PLACEMENT_3D('',#9357,#7479,#7480);
#6493=AXIS2_PLACEMENT_3D('',#9359,#7481,#7482);
#6494=AXIS2_PLACEMENT_3D('',#9362,#7484,#7485);
#6495=AXIS2_PLACEMENT_3D('',#9363,#7486,#7487);
#6496=AXIS2_PLACEMENT_3D('',#9365,#7488,#7489);
#6497=AXIS2_PLACEMENT_3D('',#9368,#7491,#7492);
#6498=AXIS2_PLACEMENT_3D('',#9369,#7493,#7494);
#6499=AXIS2_PLACEMENT_3D('',#9371,#7495,#7496);
#6500=AXIS2_PLACEMENT_3D('',#9374,#7498,#7499);
#6501=AXIS2_PLACEMENT_3D('',#9375,#7500,#7501);
#6502=AXIS2_PLACEMENT_3D('',#9377,#7502,#7503);
#6503=AXIS2_PLACEMENT_3D('',#9380,#7505,#7506);
#6504=AXIS2_PLACEMENT_3D('',#9381,#7507,#7508);
#6505=AXIS2_PLACEMENT_3D('',#9383,#7509,#7510);
#6506=AXIS2_PLACEMENT_3D('',#9386,#7512,#7513);
#6507=AXIS2_PLACEMENT_3D('',#9387,#7514,#7515);
#6508=AXIS2_PLACEMENT_3D('',#9389,#7516,#7517);
#6509=AXIS2_PLACEMENT_3D('',#9392,#7519,#7520);
#6510=AXIS2_PLACEMENT_3D('',#9393,#7521,#7522);
#6511=AXIS2_PLACEMENT_3D('',#9395,#7523,#7524);
#6512=AXIS2_PLACEMENT_3D('',#9398,#7526,#7527);
#6513=AXIS2_PLACEMENT_3D('',#9399,#7528,#7529);
#6514=AXIS2_PLACEMENT_3D('',#9401,#7530,#7531);
#6515=AXIS2_PLACEMENT_3D('',#9404,#7533,#7534);
#6516=AXIS2_PLACEMENT_3D('',#9405,#7535,#7536);
#6517=AXIS2_PLACEMENT_3D('',#9407,#7537,#7538);
#6518=AXIS2_PLACEMENT_3D('',#9410,#7540,#7541);
#6519=AXIS2_PLACEMENT_3D('',#9411,#7542,#7543);
#6520=AXIS2_PLACEMENT_3D('',#9413,#7544,#7545);
#6521=AXIS2_PLACEMENT_3D('',#9416,#7547,#7548);
#6522=AXIS2_PLACEMENT_3D('',#9417,#7549,#7550);
#6523=AXIS2_PLACEMENT_3D('',#9419,#7551,#7552);
#6524=AXIS2_PLACEMENT_3D('',#9422,#7554,#7555);
#6525=AXIS2_PLACEMENT_3D('',#9423,#7556,#7557);
#6526=AXIS2_PLACEMENT_3D('',#9425,#7558,#7559);
#6527=AXIS2_PLACEMENT_3D('',#9428,#7561,#7562);
#6528=AXIS2_PLACEMENT_3D('',#9429,#7563,#7564);
#6529=AXIS2_PLACEMENT_3D('',#9431,#7565,#7566);
#6530=AXIS2_PLACEMENT_3D('',#9434,#7568,#7569);
#6531=AXIS2_PLACEMENT_3D('',#9435,#7570,#7571);
#6532=AXIS2_PLACEMENT_3D('',#9437,#7572,#7573);
#6533=AXIS2_PLACEMENT_3D('',#9440,#7575,#7576);
#6534=AXIS2_PLACEMENT_3D('',#9441,#7577,#7578);
#6535=AXIS2_PLACEMENT_3D('',#9443,#7579,#7580);
#6536=AXIS2_PLACEMENT_3D('',#9446,#7582,#7583);
#6537=AXIS2_PLACEMENT_3D('',#9447,#7584,#7585);
#6538=AXIS2_PLACEMENT_3D('',#9449,#7586,#7587);
#6539=AXIS2_PLACEMENT_3D('',#9452,#7589,#7590);
#6540=AXIS2_PLACEMENT_3D('',#9453,#7591,#7592);
#6541=AXIS2_PLACEMENT_3D('',#9455,#7593,#7594);
#6542=AXIS2_PLACEMENT_3D('',#9458,#7596,#7597);
#6543=AXIS2_PLACEMENT_3D('',#9459,#7598,#7599);
#6544=AXIS2_PLACEMENT_3D('',#9461,#7600,#7601);
#6545=AXIS2_PLACEMENT_3D('',#9464,#7603,#7604);
#6546=AXIS2_PLACEMENT_3D('',#9465,#7605,#7606);
#6547=AXIS2_PLACEMENT_3D('',#9467,#7607,#7608);
#6548=AXIS2_PLACEMENT_3D('',#9470,#7610,#7611);
#6549=AXIS2_PLACEMENT_3D('',#9471,#7612,#7613);
#6550=AXIS2_PLACEMENT_3D('',#9473,#7614,#7615);
#6551=AXIS2_PLACEMENT_3D('',#9476,#7617,#7618);
#6552=AXIS2_PLACEMENT_3D('',#9477,#7619,#7620);
#6553=AXIS2_PLACEMENT_3D('',#9479,#7621,#7622);
#6554=AXIS2_PLACEMENT_3D('',#9482,#7624,#7625);
#6555=AXIS2_PLACEMENT_3D('',#9483,#7626,#7627);
#6556=AXIS2_PLACEMENT_3D('',#9485,#7628,#7629);
#6557=AXIS2_PLACEMENT_3D('',#9488,#7631,#7632);
#6558=AXIS2_PLACEMENT_3D('',#9489,#7633,#7634);
#6559=AXIS2_PLACEMENT_3D('',#9491,#7635,#7636);
#6560=AXIS2_PLACEMENT_3D('',#9494,#7638,#7639);
#6561=AXIS2_PLACEMENT_3D('',#9495,#7640,#7641);
#6562=AXIS2_PLACEMENT_3D('',#9497,#7642,#7643);
#6563=AXIS2_PLACEMENT_3D('',#9500,#7645,#7646);
#6564=AXIS2_PLACEMENT_3D('',#9501,#7647,#7648);
#6565=AXIS2_PLACEMENT_3D('',#9503,#7649,#7650);
#6566=AXIS2_PLACEMENT_3D('',#9506,#7652,#7653);
#6567=AXIS2_PLACEMENT_3D('',#9507,#7654,#7655);
#6568=AXIS2_PLACEMENT_3D('',#9509,#7656,#7657);
#6569=AXIS2_PLACEMENT_3D('',#9512,#7659,#7660);
#6570=AXIS2_PLACEMENT_3D('',#9513,#7661,#7662);
#6571=AXIS2_PLACEMENT_3D('',#9515,#7663,#7664);
#6572=AXIS2_PLACEMENT_3D('',#9518,#7666,#7667);
#6573=AXIS2_PLACEMENT_3D('',#9519,#7668,#7669);
#6574=AXIS2_PLACEMENT_3D('',#9521,#7670,#7671);
#6575=AXIS2_PLACEMENT_3D('',#9524,#7673,#7674);
#6576=AXIS2_PLACEMENT_3D('',#9525,#7675,#7676);
#6577=AXIS2_PLACEMENT_3D('',#9527,#7677,#7678);
#6578=AXIS2_PLACEMENT_3D('',#9530,#7680,#7681);
#6579=AXIS2_PLACEMENT_3D('',#9531,#7682,#7683);
#6580=AXIS2_PLACEMENT_3D('',#9533,#7684,#7685);
#6581=AXIS2_PLACEMENT_3D('',#9536,#7687,#7688);
#6582=AXIS2_PLACEMENT_3D('',#9537,#7689,#7690);
#6583=AXIS2_PLACEMENT_3D('',#9539,#7691,#7692);
#6584=AXIS2_PLACEMENT_3D('',#9542,#7694,#7695);
#6585=AXIS2_PLACEMENT_3D('',#9543,#7696,#7697);
#6586=AXIS2_PLACEMENT_3D('',#9545,#7698,#7699);
#6587=AXIS2_PLACEMENT_3D('',#9548,#7701,#7702);
#6588=AXIS2_PLACEMENT_3D('',#9549,#7703,#7704);
#6589=AXIS2_PLACEMENT_3D('',#9551,#7705,#7706);
#6590=AXIS2_PLACEMENT_3D('',#9554,#7708,#7709);
#6591=AXIS2_PLACEMENT_3D('',#9555,#7710,#7711);
#6592=AXIS2_PLACEMENT_3D('',#9557,#7712,#7713);
#6593=AXIS2_PLACEMENT_3D('',#9560,#7715,#7716);
#6594=AXIS2_PLACEMENT_3D('',#9561,#7717,#7718);
#6595=AXIS2_PLACEMENT_3D('',#9563,#7719,#7720);
#6596=AXIS2_PLACEMENT_3D('',#9566,#7722,#7723);
#6597=AXIS2_PLACEMENT_3D('',#9567,#7724,#7725);
#6598=AXIS2_PLACEMENT_3D('',#9569,#7726,#7727);
#6599=AXIS2_PLACEMENT_3D('',#9572,#7729,#7730);
#6600=AXIS2_PLACEMENT_3D('',#9573,#7731,#7732);
#6601=AXIS2_PLACEMENT_3D('',#9575,#7733,#7734);
#6602=AXIS2_PLACEMENT_3D('',#9578,#7736,#7737);
#6603=AXIS2_PLACEMENT_3D('',#9579,#7738,#7739);
#6604=AXIS2_PLACEMENT_3D('',#9581,#7740,#7741);
#6605=AXIS2_PLACEMENT_3D('',#9584,#7743,#7744);
#6606=AXIS2_PLACEMENT_3D('',#9585,#7745,#7746);
#6607=AXIS2_PLACEMENT_3D('',#9587,#7747,#7748);
#6608=AXIS2_PLACEMENT_3D('',#9590,#7750,#7751);
#6609=AXIS2_PLACEMENT_3D('',#9591,#7752,#7753);
#6610=AXIS2_PLACEMENT_3D('',#9593,#7754,#7755);
#6611=AXIS2_PLACEMENT_3D('',#9596,#7757,#7758);
#6612=AXIS2_PLACEMENT_3D('',#9597,#7759,#7760);
#6613=AXIS2_PLACEMENT_3D('',#9599,#7761,#7762);
#6614=AXIS2_PLACEMENT_3D('',#9602,#7764,#7765);
#6615=AXIS2_PLACEMENT_3D('',#9603,#7766,#7767);
#6616=AXIS2_PLACEMENT_3D('',#9605,#7768,#7769);
#6617=AXIS2_PLACEMENT_3D('',#9608,#7771,#7772);
#6618=AXIS2_PLACEMENT_3D('',#9609,#7773,#7774);
#6619=AXIS2_PLACEMENT_3D('',#9611,#7775,#7776);
#6620=AXIS2_PLACEMENT_3D('',#9614,#7778,#7779);
#6621=AXIS2_PLACEMENT_3D('',#9615,#7780,#7781);
#6622=AXIS2_PLACEMENT_3D('',#9617,#7782,#7783);
#6623=AXIS2_PLACEMENT_3D('',#9620,#7785,#7786);
#6624=AXIS2_PLACEMENT_3D('',#9621,#7787,#7788);
#6625=AXIS2_PLACEMENT_3D('',#9623,#7789,#7790);
#6626=AXIS2_PLACEMENT_3D('',#9626,#7792,#7793);
#6627=AXIS2_PLACEMENT_3D('',#9627,#7794,#7795);
#6628=AXIS2_PLACEMENT_3D('',#9629,#7796,#7797);
#6629=AXIS2_PLACEMENT_3D('',#9632,#7799,#7800);
#6630=AXIS2_PLACEMENT_3D('',#9633,#7801,#7802);
#6631=AXIS2_PLACEMENT_3D('',#9635,#7803,#7804);
#6632=AXIS2_PLACEMENT_3D('',#9638,#7806,#7807);
#6633=AXIS2_PLACEMENT_3D('',#9639,#7808,#7809);
#6634=AXIS2_PLACEMENT_3D('',#9641,#7810,#7811);
#6635=AXIS2_PLACEMENT_3D('',#9644,#7813,#7814);
#6636=AXIS2_PLACEMENT_3D('',#9645,#7815,#7816);
#6637=AXIS2_PLACEMENT_3D('',#9647,#7817,#7818);
#6638=AXIS2_PLACEMENT_3D('',#9650,#7820,#7821);
#6639=AXIS2_PLACEMENT_3D('',#9651,#7822,#7823);
#6640=AXIS2_PLACEMENT_3D('',#9653,#7824,#7825);
#6641=AXIS2_PLACEMENT_3D('',#9656,#7827,#7828);
#6642=AXIS2_PLACEMENT_3D('',#9657,#7829,#7830);
#6643=AXIS2_PLACEMENT_3D('',#9659,#7831,#7832);
#6644=AXIS2_PLACEMENT_3D('',#9662,#7834,#7835);
#6645=AXIS2_PLACEMENT_3D('',#9663,#7836,#7837);
#6646=AXIS2_PLACEMENT_3D('',#9665,#7838,#7839);
#6647=AXIS2_PLACEMENT_3D('',#9668,#7841,#7842);
#6648=AXIS2_PLACEMENT_3D('',#9669,#7843,#7844);
#6649=AXIS2_PLACEMENT_3D('',#9671,#7845,#7846);
#6650=AXIS2_PLACEMENT_3D('',#9674,#7848,#7849);
#6651=AXIS2_PLACEMENT_3D('',#9675,#7850,#7851);
#6652=AXIS2_PLACEMENT_3D('',#9677,#7852,#7853);
#6653=AXIS2_PLACEMENT_3D('',#9680,#7855,#7856);
#6654=AXIS2_PLACEMENT_3D('',#9681,#7857,#7858);
#6655=AXIS2_PLACEMENT_3D('',#9683,#7859,#7860);
#6656=AXIS2_PLACEMENT_3D('',#9686,#7862,#7863);
#6657=AXIS2_PLACEMENT_3D('',#9687,#7864,#7865);
#6658=AXIS2_PLACEMENT_3D('',#9689,#7866,#7867);
#6659=AXIS2_PLACEMENT_3D('',#9692,#7869,#7870);
#6660=AXIS2_PLACEMENT_3D('',#9693,#7871,#7872);
#6661=AXIS2_PLACEMENT_3D('',#9695,#7873,#7874);
#6662=AXIS2_PLACEMENT_3D('',#9698,#7876,#7877);
#6663=AXIS2_PLACEMENT_3D('',#9699,#7878,#7879);
#6664=AXIS2_PLACEMENT_3D('',#9701,#7880,#7881);
#6665=AXIS2_PLACEMENT_3D('',#9704,#7883,#7884);
#6666=AXIS2_PLACEMENT_3D('',#9705,#7885,#7886);
#6667=AXIS2_PLACEMENT_3D('',#9707,#7887,#7888);
#6668=AXIS2_PLACEMENT_3D('',#9710,#7890,#7891);
#6669=AXIS2_PLACEMENT_3D('',#9711,#7892,#7893);
#6670=AXIS2_PLACEMENT_3D('',#9713,#7894,#7895);
#6671=AXIS2_PLACEMENT_3D('',#9716,#7897,#7898);
#6672=AXIS2_PLACEMENT_3D('',#9717,#7899,#7900);
#6673=AXIS2_PLACEMENT_3D('',#9719,#7901,#7902);
#6674=AXIS2_PLACEMENT_3D('',#9722,#7904,#7905);
#6675=AXIS2_PLACEMENT_3D('',#9723,#7906,#7907);
#6676=AXIS2_PLACEMENT_3D('',#9725,#7908,#7909);
#6677=AXIS2_PLACEMENT_3D('',#9728,#7911,#7912);
#6678=AXIS2_PLACEMENT_3D('',#9729,#7913,#7914);
#6679=AXIS2_PLACEMENT_3D('',#9731,#7915,#7916);
#6680=AXIS2_PLACEMENT_3D('',#9734,#7918,#7919);
#6681=AXIS2_PLACEMENT_3D('',#9735,#7920,#7921);
#6682=AXIS2_PLACEMENT_3D('',#9737,#7922,#7923);
#6683=AXIS2_PLACEMENT_3D('',#9740,#7925,#7926);
#6684=AXIS2_PLACEMENT_3D('',#9741,#7927,#7928);
#6685=AXIS2_PLACEMENT_3D('',#9743,#7929,#7930);
#6686=AXIS2_PLACEMENT_3D('',#9746,#7932,#7933);
#6687=AXIS2_PLACEMENT_3D('',#9747,#7934,#7935);
#6688=AXIS2_PLACEMENT_3D('',#9749,#7936,#7937);
#6689=AXIS2_PLACEMENT_3D('',#9752,#7939,#7940);
#6690=AXIS2_PLACEMENT_3D('',#9753,#7941,#7942);
#6691=AXIS2_PLACEMENT_3D('',#9755,#7943,#7944);
#6692=AXIS2_PLACEMENT_3D('',#9758,#7946,#7947);
#6693=AXIS2_PLACEMENT_3D('',#9759,#7948,#7949);
#6694=AXIS2_PLACEMENT_3D('',#9761,#7950,#7951);
#6695=AXIS2_PLACEMENT_3D('',#9764,#7953,#7954);
#6696=AXIS2_PLACEMENT_3D('',#9765,#7955,#7956);
#6697=AXIS2_PLACEMENT_3D('',#9767,#7957,#7958);
#6698=AXIS2_PLACEMENT_3D('',#9770,#7960,#7961);
#6699=AXIS2_PLACEMENT_3D('',#9771,#7962,#7963);
#6700=AXIS2_PLACEMENT_3D('',#9773,#7964,#7965);
#6701=AXIS2_PLACEMENT_3D('',#9776,#7967,#7968);
#6702=AXIS2_PLACEMENT_3D('',#9777,#7969,#7970);
#6703=AXIS2_PLACEMENT_3D('',#9779,#7971,#7972);
#6704=AXIS2_PLACEMENT_3D('',#9782,#7974,#7975);
#6705=AXIS2_PLACEMENT_3D('',#9783,#7976,#7977);
#6706=AXIS2_PLACEMENT_3D('',#9785,#7978,#7979);
#6707=AXIS2_PLACEMENT_3D('',#9788,#7981,#7982);
#6708=AXIS2_PLACEMENT_3D('',#9789,#7983,#7984);
#6709=AXIS2_PLACEMENT_3D('',#9791,#7985,#7986);
#6710=AXIS2_PLACEMENT_3D('',#9794,#7988,#7989);
#6711=AXIS2_PLACEMENT_3D('',#9795,#7990,#7991);
#6712=AXIS2_PLACEMENT_3D('',#9797,#7992,#7993);
#6713=AXIS2_PLACEMENT_3D('',#9800,#7995,#7996);
#6714=AXIS2_PLACEMENT_3D('',#9801,#7997,#7998);
#6715=AXIS2_PLACEMENT_3D('',#9803,#7999,#8000);
#6716=AXIS2_PLACEMENT_3D('',#9806,#8002,#8003);
#6717=AXIS2_PLACEMENT_3D('',#9807,#8004,#8005);
#6718=AXIS2_PLACEMENT_3D('',#9809,#8006,#8007);
#6719=AXIS2_PLACEMENT_3D('',#9812,#8009,#8010);
#6720=AXIS2_PLACEMENT_3D('',#9813,#8011,#8012);
#6721=AXIS2_PLACEMENT_3D('',#9815,#8013,#8014);
#6722=AXIS2_PLACEMENT_3D('',#9818,#8016,#8017);
#6723=AXIS2_PLACEMENT_3D('',#9819,#8018,#8019);
#6724=AXIS2_PLACEMENT_3D('',#9821,#8020,#8021);
#6725=AXIS2_PLACEMENT_3D('',#9824,#8023,#8024);
#6726=AXIS2_PLACEMENT_3D('',#9825,#8025,#8026);
#6727=AXIS2_PLACEMENT_3D('',#9827,#8027,#8028);
#6728=AXIS2_PLACEMENT_3D('',#9830,#8030,#8031);
#6729=AXIS2_PLACEMENT_3D('',#9831,#8032,#8033);
#6730=AXIS2_PLACEMENT_3D('',#9833,#8034,#8035);
#6731=AXIS2_PLACEMENT_3D('',#9836,#8037,#8038);
#6732=AXIS2_PLACEMENT_3D('',#9837,#8039,#8040);
#6733=AXIS2_PLACEMENT_3D('',#9839,#8041,#8042);
#6734=AXIS2_PLACEMENT_3D('',#9842,#8044,#8045);
#6735=AXIS2_PLACEMENT_3D('',#9843,#8046,#8047);
#6736=AXIS2_PLACEMENT_3D('',#9845,#8048,#8049);
#6737=AXIS2_PLACEMENT_3D('',#9848,#8051,#8052);
#6738=AXIS2_PLACEMENT_3D('',#9849,#8053,#8054);
#6739=AXIS2_PLACEMENT_3D('',#9851,#8055,#8056);
#6740=AXIS2_PLACEMENT_3D('',#9854,#8058,#8059);
#6741=AXIS2_PLACEMENT_3D('',#9855,#8060,#8061);
#6742=AXIS2_PLACEMENT_3D('',#9857,#8062,#8063);
#6743=AXIS2_PLACEMENT_3D('',#9860,#8065,#8066);
#6744=AXIS2_PLACEMENT_3D('',#9861,#8067,#8068);
#6745=AXIS2_PLACEMENT_3D('',#9863,#8069,#8070);
#6746=AXIS2_PLACEMENT_3D('',#9866,#8072,#8073);
#6747=AXIS2_PLACEMENT_3D('',#9867,#8074,#8075);
#6748=AXIS2_PLACEMENT_3D('',#9869,#8076,#8077);
#6749=AXIS2_PLACEMENT_3D('',#9872,#8079,#8080);
#6750=AXIS2_PLACEMENT_3D('',#9873,#8081,#8082);
#6751=AXIS2_PLACEMENT_3D('',#9875,#8083,#8084);
#6752=AXIS2_PLACEMENT_3D('',#9878,#8086,#8087);
#6753=AXIS2_PLACEMENT_3D('',#9879,#8088,#8089);
#6754=AXIS2_PLACEMENT_3D('',#9881,#8090,#8091);
#6755=AXIS2_PLACEMENT_3D('',#9884,#8093,#8094);
#6756=AXIS2_PLACEMENT_3D('',#9885,#8095,#8096);
#6757=AXIS2_PLACEMENT_3D('',#9887,#8097,#8098);
#6758=AXIS2_PLACEMENT_3D('',#9890,#8100,#8101);
#6759=AXIS2_PLACEMENT_3D('',#9891,#8102,#8103);
#6760=AXIS2_PLACEMENT_3D('',#9893,#8104,#8105);
#6761=AXIS2_PLACEMENT_3D('',#9896,#8107,#8108);
#6762=AXIS2_PLACEMENT_3D('',#9897,#8109,#8110);
#6763=AXIS2_PLACEMENT_3D('',#9899,#8111,#8112);
#6764=AXIS2_PLACEMENT_3D('',#9902,#8114,#8115);
#6765=AXIS2_PLACEMENT_3D('',#9903,#8116,#8117);
#6766=AXIS2_PLACEMENT_3D('',#9905,#8118,#8119);
#6767=AXIS2_PLACEMENT_3D('',#9908,#8121,#8122);
#6768=AXIS2_PLACEMENT_3D('',#9909,#8123,#8124);
#6769=AXIS2_PLACEMENT_3D('',#9911,#8125,#8126);
#6770=AXIS2_PLACEMENT_3D('',#9914,#8128,#8129);
#6771=AXIS2_PLACEMENT_3D('',#9915,#8130,#8131);
#6772=AXIS2_PLACEMENT_3D('',#9917,#8132,#8133);
#6773=AXIS2_PLACEMENT_3D('',#9920,#8135,#8136);
#6774=AXIS2_PLACEMENT_3D('',#9921,#8137,#8138);
#6775=AXIS2_PLACEMENT_3D('',#9923,#8139,#8140);
#6776=AXIS2_PLACEMENT_3D('',#9926,#8142,#8143);
#6777=AXIS2_PLACEMENT_3D('',#9927,#8144,#8145);
#6778=AXIS2_PLACEMENT_3D('',#9929,#8146,#8147);
#6779=AXIS2_PLACEMENT_3D('',#9932,#8149,#8150);
#6780=AXIS2_PLACEMENT_3D('',#9933,#8151,#8152);
#6781=AXIS2_PLACEMENT_3D('',#9935,#8153,#8154);
#6782=AXIS2_PLACEMENT_3D('',#9938,#8156,#8157);
#6783=AXIS2_PLACEMENT_3D('',#9939,#8158,#8159);
#6784=AXIS2_PLACEMENT_3D('',#9941,#8160,#8161);
#6785=AXIS2_PLACEMENT_3D('',#9944,#8163,#8164);
#6786=AXIS2_PLACEMENT_3D('',#9945,#8165,#8166);
#6787=AXIS2_PLACEMENT_3D('',#9947,#8167,#8168);
#6788=AXIS2_PLACEMENT_3D('',#9950,#8170,#8171);
#6789=AXIS2_PLACEMENT_3D('',#9951,#8172,#8173);
#6790=AXIS2_PLACEMENT_3D('',#9953,#8174,#8175);
#6791=AXIS2_PLACEMENT_3D('',#9956,#8177,#8178);
#6792=AXIS2_PLACEMENT_3D('',#9957,#8179,#8180);
#6793=AXIS2_PLACEMENT_3D('',#9959,#8181,#8182);
#6794=AXIS2_PLACEMENT_3D('',#9962,#8184,#8185);
#6795=AXIS2_PLACEMENT_3D('',#9963,#8186,#8187);
#6796=AXIS2_PLACEMENT_3D('',#9965,#8188,#8189);
#6797=AXIS2_PLACEMENT_3D('',#9968,#8191,#8192);
#6798=AXIS2_PLACEMENT_3D('',#9969,#8193,#8194);
#6799=AXIS2_PLACEMENT_3D('',#9971,#8195,#8196);
#6800=AXIS2_PLACEMENT_3D('',#9974,#8198,#8199);
#6801=AXIS2_PLACEMENT_3D('',#9975,#8200,#8201);
#6802=AXIS2_PLACEMENT_3D('',#9977,#8202,#8203);
#6803=AXIS2_PLACEMENT_3D('',#9980,#8205,#8206);
#6804=AXIS2_PLACEMENT_3D('',#9981,#8207,#8208);
#6805=AXIS2_PLACEMENT_3D('',#9983,#8209,#8210);
#6806=AXIS2_PLACEMENT_3D('',#9986,#8212,#8213);
#6807=AXIS2_PLACEMENT_3D('',#9987,#8214,#8215);
#6808=AXIS2_PLACEMENT_3D('',#9989,#8216,#8217);
#6809=AXIS2_PLACEMENT_3D('',#9992,#8219,#8220);
#6810=AXIS2_PLACEMENT_3D('',#9993,#8221,#8222);
#6811=AXIS2_PLACEMENT_3D('',#9995,#8223,#8224);
#6812=AXIS2_PLACEMENT_3D('',#9998,#8226,#8227);
#6813=AXIS2_PLACEMENT_3D('',#9999,#8228,#8229);
#6814=AXIS2_PLACEMENT_3D('',#10001,#8230,#8231);
#6815=AXIS2_PLACEMENT_3D('',#10004,#8233,#8234);
#6816=AXIS2_PLACEMENT_3D('',#10005,#8235,#8236);
#6817=AXIS2_PLACEMENT_3D('',#10007,#8237,#8238);
#6818=AXIS2_PLACEMENT_3D('',#10010,#8240,#8241);
#6819=AXIS2_PLACEMENT_3D('',#10011,#8242,#8243);
#6820=AXIS2_PLACEMENT_3D('',#10013,#8244,#8245);
#6821=AXIS2_PLACEMENT_3D('',#10016,#8247,#8248);
#6822=AXIS2_PLACEMENT_3D('',#10017,#8249,#8250);
#6823=AXIS2_PLACEMENT_3D('',#10019,#8251,#8252);
#6824=AXIS2_PLACEMENT_3D('',#10022,#8254,#8255);
#6825=AXIS2_PLACEMENT_3D('',#10023,#8256,#8257);
#6826=AXIS2_PLACEMENT_3D('',#10025,#8258,#8259);
#6827=AXIS2_PLACEMENT_3D('',#10028,#8261,#8262);
#6828=AXIS2_PLACEMENT_3D('',#10029,#8263,#8264);
#6829=AXIS2_PLACEMENT_3D('',#10031,#8265,#8266);
#6830=AXIS2_PLACEMENT_3D('',#10034,#8268,#8269);
#6831=AXIS2_PLACEMENT_3D('',#10035,#8270,#8271);
#6832=AXIS2_PLACEMENT_3D('',#10037,#8272,#8273);
#6833=AXIS2_PLACEMENT_3D('',#10040,#8275,#8276);
#6834=AXIS2_PLACEMENT_3D('',#10041,#8277,#8278);
#6835=AXIS2_PLACEMENT_3D('',#10043,#8279,#8280);
#6836=AXIS2_PLACEMENT_3D('',#10046,#8282,#8283);
#6837=AXIS2_PLACEMENT_3D('',#10047,#8284,#8285);
#6838=AXIS2_PLACEMENT_3D('',#10049,#8286,#8287);
#6839=AXIS2_PLACEMENT_3D('',#10052,#8289,#8290);
#6840=AXIS2_PLACEMENT_3D('',#10053,#8291,#8292);
#6841=AXIS2_PLACEMENT_3D('',#10055,#8293,#8294);
#6842=AXIS2_PLACEMENT_3D('',#10058,#8296,#8297);
#6843=AXIS2_PLACEMENT_3D('',#10059,#8298,#8299);
#6844=AXIS2_PLACEMENT_3D('',#10061,#8300,#8301);
#6845=AXIS2_PLACEMENT_3D('',#10064,#8303,#8304);
#6846=AXIS2_PLACEMENT_3D('',#10065,#8305,#8306);
#6847=AXIS2_PLACEMENT_3D('',#10067,#8307,#8308);
#6848=AXIS2_PLACEMENT_3D('',#10070,#8310,#8311);
#6849=AXIS2_PLACEMENT_3D('',#10071,#8312,#8313);
#6850=AXIS2_PLACEMENT_3D('',#10073,#8314,#8315);
#6851=AXIS2_PLACEMENT_3D('',#10076,#8317,#8318);
#6852=AXIS2_PLACEMENT_3D('',#10077,#8319,#8320);
#6853=AXIS2_PLACEMENT_3D('',#10079,#8321,#8322);
#6854=AXIS2_PLACEMENT_3D('',#10082,#8324,#8325);
#6855=AXIS2_PLACEMENT_3D('',#10083,#8326,#8327);
#6856=AXIS2_PLACEMENT_3D('',#10085,#8328,#8329);
#6857=AXIS2_PLACEMENT_3D('',#10088,#8331,#8332);
#6858=AXIS2_PLACEMENT_3D('',#10089,#8333,#8334);
#6859=AXIS2_PLACEMENT_3D('',#10091,#8335,#8336);
#6860=AXIS2_PLACEMENT_3D('',#10094,#8338,#8339);
#6861=AXIS2_PLACEMENT_3D('',#10095,#8340,#8341);
#6862=AXIS2_PLACEMENT_3D('',#10097,#8342,#8343);
#6863=AXIS2_PLACEMENT_3D('',#10100,#8345,#8346);
#6864=AXIS2_PLACEMENT_3D('',#10101,#8347,#8348);
#6865=AXIS2_PLACEMENT_3D('',#10103,#8349,#8350);
#6866=AXIS2_PLACEMENT_3D('',#10106,#8352,#8353);
#6867=AXIS2_PLACEMENT_3D('',#10107,#8354,#8355);
#6868=AXIS2_PLACEMENT_3D('',#10109,#8356,#8357);
#6869=AXIS2_PLACEMENT_3D('',#10112,#8359,#8360);
#6870=AXIS2_PLACEMENT_3D('',#10113,#8361,#8362);
#6871=AXIS2_PLACEMENT_3D('',#10115,#8363,#8364);
#6872=AXIS2_PLACEMENT_3D('',#10118,#8366,#8367);
#6873=AXIS2_PLACEMENT_3D('',#10119,#8368,#8369);
#6874=AXIS2_PLACEMENT_3D('',#10121,#8370,#8371);
#6875=AXIS2_PLACEMENT_3D('',#10124,#8373,#8374);
#6876=AXIS2_PLACEMENT_3D('',#10125,#8375,#8376);
#6877=AXIS2_PLACEMENT_3D('',#10127,#8377,#8378);
#6878=AXIS2_PLACEMENT_3D('',#10130,#8380,#8381);
#6879=AXIS2_PLACEMENT_3D('',#10131,#8382,#8383);
#6880=AXIS2_PLACEMENT_3D('',#10133,#8384,#8385);
#6881=AXIS2_PLACEMENT_3D('',#10136,#8387,#8388);
#6882=AXIS2_PLACEMENT_3D('',#10137,#8389,#8390);
#6883=AXIS2_PLACEMENT_3D('',#10139,#8391,#8392);
#6884=AXIS2_PLACEMENT_3D('',#10142,#8394,#8395);
#6885=AXIS2_PLACEMENT_3D('',#10143,#8396,#8397);
#6886=AXIS2_PLACEMENT_3D('',#10145,#8398,#8399);
#6887=AXIS2_PLACEMENT_3D('',#10148,#8401,#8402);
#6888=AXIS2_PLACEMENT_3D('',#10149,#8403,#8404);
#6889=AXIS2_PLACEMENT_3D('',#10151,#8405,#8406);
#6890=AXIS2_PLACEMENT_3D('',#10154,#8408,#8409);
#6891=AXIS2_PLACEMENT_3D('',#10155,#8410,#8411);
#6892=AXIS2_PLACEMENT_3D('',#10157,#8412,#8413);
#6893=AXIS2_PLACEMENT_3D('',#10160,#8415,#8416);
#6894=AXIS2_PLACEMENT_3D('',#10161,#8417,#8418);
#6895=AXIS2_PLACEMENT_3D('',#10163,#8419,#8420);
#6896=AXIS2_PLACEMENT_3D('',#10166,#8422,#8423);
#6897=AXIS2_PLACEMENT_3D('',#10167,#8424,#8425);
#6898=AXIS2_PLACEMENT_3D('',#10169,#8426,#8427);
#6899=AXIS2_PLACEMENT_3D('',#10172,#8429,#8430);
#6900=AXIS2_PLACEMENT_3D('',#10173,#8431,#8432);
#6901=AXIS2_PLACEMENT_3D('',#10175,#8433,#8434);
#6902=AXIS2_PLACEMENT_3D('',#10178,#8436,#8437);
#6903=AXIS2_PLACEMENT_3D('',#10179,#8438,#8439);
#6904=AXIS2_PLACEMENT_3D('',#10181,#8440,#8441);
#6905=AXIS2_PLACEMENT_3D('',#10184,#8443,#8444);
#6906=AXIS2_PLACEMENT_3D('',#10185,#8445,#8446);
#6907=AXIS2_PLACEMENT_3D('',#10187,#8447,#8448);
#6908=AXIS2_PLACEMENT_3D('',#10190,#8450,#8451);
#6909=AXIS2_PLACEMENT_3D('',#10191,#8452,#8453);
#6910=AXIS2_PLACEMENT_3D('',#10193,#8454,#8455);
#6911=AXIS2_PLACEMENT_3D('',#10196,#8457,#8458);
#6912=AXIS2_PLACEMENT_3D('',#10197,#8459,#8460);
#6913=AXIS2_PLACEMENT_3D('',#10199,#8461,#8462);
#6914=AXIS2_PLACEMENT_3D('',#10202,#8464,#8465);
#6915=AXIS2_PLACEMENT_3D('',#10203,#8466,#8467);
#6916=AXIS2_PLACEMENT_3D('',#10205,#8468,#8469);
#6917=AXIS2_PLACEMENT_3D('',#10208,#8471,#8472);
#6918=AXIS2_PLACEMENT_3D('',#10209,#8473,#8474);
#6919=AXIS2_PLACEMENT_3D('',#10211,#8475,#8476);
#6920=AXIS2_PLACEMENT_3D('',#10214,#8478,#8479);
#6921=AXIS2_PLACEMENT_3D('',#10215,#8480,#8481);
#6922=AXIS2_PLACEMENT_3D('',#10217,#8482,#8483);
#6923=AXIS2_PLACEMENT_3D('',#10220,#8485,#8486);
#6924=AXIS2_PLACEMENT_3D('',#10221,#8487,#8488);
#6925=AXIS2_PLACEMENT_3D('',#10223,#8489,#8490);
#6926=AXIS2_PLACEMENT_3D('',#10226,#8492,#8493);
#6927=AXIS2_PLACEMENT_3D('',#10227,#8494,#8495);
#6928=AXIS2_PLACEMENT_3D('',#10229,#8496,#8497);
#6929=AXIS2_PLACEMENT_3D('',#10232,#8499,#8500);
#6930=AXIS2_PLACEMENT_3D('',#10233,#8501,#8502);
#6931=AXIS2_PLACEMENT_3D('',#10235,#8503,#8504);
#6932=AXIS2_PLACEMENT_3D('',#10238,#8506,#8507);
#6933=AXIS2_PLACEMENT_3D('',#10239,#8508,#8509);
#6934=AXIS2_PLACEMENT_3D('',#10241,#8510,#8511);
#6935=AXIS2_PLACEMENT_3D('',#10244,#8513,#8514);
#6936=AXIS2_PLACEMENT_3D('',#10245,#8515,#8516);
#6937=AXIS2_PLACEMENT_3D('',#10247,#8517,#8518);
#6938=AXIS2_PLACEMENT_3D('',#10250,#8520,#8521);
#6939=AXIS2_PLACEMENT_3D('',#10251,#8522,#8523);
#6940=AXIS2_PLACEMENT_3D('',#10253,#8524,#8525);
#6941=AXIS2_PLACEMENT_3D('',#10256,#8527,#8528);
#6942=AXIS2_PLACEMENT_3D('',#10257,#8529,#8530);
#6943=AXIS2_PLACEMENT_3D('',#10259,#8531,#8532);
#6944=AXIS2_PLACEMENT_3D('',#10262,#8534,#8535);
#6945=AXIS2_PLACEMENT_3D('',#10263,#8536,#8537);
#6946=AXIS2_PLACEMENT_3D('',#10265,#8538,#8539);
#6947=AXIS2_PLACEMENT_3D('',#10268,#8541,#8542);
#6948=AXIS2_PLACEMENT_3D('',#10269,#8543,#8544);
#6949=AXIS2_PLACEMENT_3D('',#10271,#8545,#8546);
#6950=AXIS2_PLACEMENT_3D('',#10274,#8548,#8549);
#6951=AXIS2_PLACEMENT_3D('',#10275,#8550,#8551);
#6952=AXIS2_PLACEMENT_3D('',#10277,#8552,#8553);
#6953=AXIS2_PLACEMENT_3D('',#10280,#8555,#8556);
#6954=AXIS2_PLACEMENT_3D('',#10281,#8557,#8558);
#6955=AXIS2_PLACEMENT_3D('',#10283,#8559,#8560);
#6956=AXIS2_PLACEMENT_3D('',#10286,#8562,#8563);
#6957=AXIS2_PLACEMENT_3D('',#10287,#8564,#8565);
#6958=AXIS2_PLACEMENT_3D('',#10289,#8566,#8567);
#6959=AXIS2_PLACEMENT_3D('',#10292,#8569,#8570);
#6960=AXIS2_PLACEMENT_3D('',#10293,#8571,#8572);
#6961=AXIS2_PLACEMENT_3D('',#10295,#8573,#8574);
#6962=AXIS2_PLACEMENT_3D('',#10298,#8576,#8577);
#6963=AXIS2_PLACEMENT_3D('',#10299,#8578,#8579);
#6964=AXIS2_PLACEMENT_3D('',#10301,#8580,#8581);
#6965=AXIS2_PLACEMENT_3D('',#10304,#8583,#8584);
#6966=AXIS2_PLACEMENT_3D('',#10305,#8585,#8586);
#6967=AXIS2_PLACEMENT_3D('',#10307,#8587,#8588);
#6968=AXIS2_PLACEMENT_3D('',#10310,#8590,#8591);
#6969=AXIS2_PLACEMENT_3D('',#10311,#8592,#8593);
#6970=AXIS2_PLACEMENT_3D('',#10313,#8594,#8595);
#6971=AXIS2_PLACEMENT_3D('',#10316,#8597,#8598);
#6972=AXIS2_PLACEMENT_3D('',#10317,#8599,#8600);
#6973=AXIS2_PLACEMENT_3D('',#10319,#8601,#8602);
#6974=AXIS2_PLACEMENT_3D('',#10322,#8604,#8605);
#6975=AXIS2_PLACEMENT_3D('',#10323,#8606,#8607);
#6976=AXIS2_PLACEMENT_3D('',#10325,#8608,#8609);
#6977=AXIS2_PLACEMENT_3D('',#10328,#8611,#8612);
#6978=AXIS2_PLACEMENT_3D('',#10329,#8613,#8614);
#6979=AXIS2_PLACEMENT_3D('',#10331,#8615,#8616);
#6980=AXIS2_PLACEMENT_3D('',#10334,#8618,#8619);
#6981=AXIS2_PLACEMENT_3D('',#10335,#8620,#8621);
#6982=AXIS2_PLACEMENT_3D('',#10337,#8622,#8623);
#6983=AXIS2_PLACEMENT_3D('',#10340,#8625,#8626);
#6984=AXIS2_PLACEMENT_3D('',#10341,#8627,#8628);
#6985=AXIS2_PLACEMENT_3D('',#10343,#8629,#8630);
#6986=AXIS2_PLACEMENT_3D('',#10346,#8632,#8633);
#6987=AXIS2_PLACEMENT_3D('',#10347,#8634,#8635);
#6988=AXIS2_PLACEMENT_3D('',#10349,#8636,#8637);
#6989=AXIS2_PLACEMENT_3D('',#10352,#8639,#8640);
#6990=AXIS2_PLACEMENT_3D('',#10353,#8641,#8642);
#6991=AXIS2_PLACEMENT_3D('',#10355,#8643,#8644);
#6992=AXIS2_PLACEMENT_3D('',#10358,#8646,#8647);
#6993=AXIS2_PLACEMENT_3D('',#10359,#8648,#8649);
#6994=AXIS2_PLACEMENT_3D('',#10361,#8650,#8651);
#6995=AXIS2_PLACEMENT_3D('',#10364,#8653,#8654);
#6996=AXIS2_PLACEMENT_3D('',#10365,#8655,#8656);
#6997=AXIS2_PLACEMENT_3D('',#10367,#8657,#8658);
#6998=AXIS2_PLACEMENT_3D('',#10370,#8660,#8661);
#6999=AXIS2_PLACEMENT_3D('',#10371,#8662,#8663);
#7000=AXIS2_PLACEMENT_3D('',#10373,#8664,#8665);
#7001=AXIS2_PLACEMENT_3D('',#10376,#8667,#8668);
#7002=AXIS2_PLACEMENT_3D('',#10377,#8669,#8670);
#7003=AXIS2_PLACEMENT_3D('',#10379,#8671,#8672);
#7004=AXIS2_PLACEMENT_3D('',#10382,#8674,#8675);
#7005=AXIS2_PLACEMENT_3D('',#10383,#8676,#8677);
#7006=AXIS2_PLACEMENT_3D('',#10385,#8678,#8679);
#7007=AXIS2_PLACEMENT_3D('',#10388,#8681,#8682);
#7008=AXIS2_PLACEMENT_3D('',#10389,#8683,#8684);
#7009=AXIS2_PLACEMENT_3D('',#10391,#8685,#8686);
#7010=AXIS2_PLACEMENT_3D('',#10394,#8688,#8689);
#7011=AXIS2_PLACEMENT_3D('',#10395,#8690,#8691);
#7012=AXIS2_PLACEMENT_3D('',#10397,#8692,#8693);
#7013=AXIS2_PLACEMENT_3D('',#10400,#8695,#8696);
#7014=AXIS2_PLACEMENT_3D('',#10401,#8697,#8698);
#7015=AXIS2_PLACEMENT_3D('',#10403,#8699,#8700);
#7016=AXIS2_PLACEMENT_3D('',#10406,#8702,#8703);
#7017=AXIS2_PLACEMENT_3D('',#10407,#8704,#8705);
#7018=AXIS2_PLACEMENT_3D('',#10409,#8706,#8707);
#7019=AXIS2_PLACEMENT_3D('',#10412,#8709,#8710);
#7020=AXIS2_PLACEMENT_3D('',#10413,#8711,#8712);
#7021=AXIS2_PLACEMENT_3D('',#10415,#8713,#8714);
#7022=AXIS2_PLACEMENT_3D('',#10418,#8716,#8717);
#7023=AXIS2_PLACEMENT_3D('',#10419,#8718,#8719);
#7024=AXIS2_PLACEMENT_3D('',#10421,#8720,#8721);
#7025=AXIS2_PLACEMENT_3D('',#10424,#8723,#8724);
#7026=AXIS2_PLACEMENT_3D('',#10425,#8725,#8726);
#7027=AXIS2_PLACEMENT_3D('',#10427,#8727,#8728);
#7028=AXIS2_PLACEMENT_3D('',#10430,#8730,#8731);
#7029=AXIS2_PLACEMENT_3D('',#10431,#8732,#8733);
#7030=AXIS2_PLACEMENT_3D('',#10433,#8734,#8735);
#7031=AXIS2_PLACEMENT_3D('',#10436,#8737,#8738);
#7032=AXIS2_PLACEMENT_3D('',#10437,#8739,#8740);
#7033=AXIS2_PLACEMENT_3D('',#10439,#8741,#8742);
#7034=AXIS2_PLACEMENT_3D('',#10442,#8744,#8745);
#7035=AXIS2_PLACEMENT_3D('',#10443,#8746,#8747);
#7036=AXIS2_PLACEMENT_3D('',#10445,#8748,#8749);
#7037=AXIS2_PLACEMENT_3D('',#10448,#8751,#8752);
#7038=AXIS2_PLACEMENT_3D('',#10449,#8753,#8754);
#7039=AXIS2_PLACEMENT_3D('',#10451,#8755,#8756);
#7040=AXIS2_PLACEMENT_3D('',#10454,#8758,#8759);
#7041=AXIS2_PLACEMENT_3D('',#10455,#8760,#8761);
#7042=AXIS2_PLACEMENT_3D('',#10457,#8762,#8763);
#7043=AXIS2_PLACEMENT_3D('',#10460,#8765,#8766);
#7044=AXIS2_PLACEMENT_3D('',#10461,#8767,#8768);
#7045=AXIS2_PLACEMENT_3D('',#10463,#8769,#8770);
#7046=AXIS2_PLACEMENT_3D('',#10466,#8772,#8773);
#7047=AXIS2_PLACEMENT_3D('',#10467,#8774,#8775);
#7048=AXIS2_PLACEMENT_3D('',#10469,#8776,#8777);
#7049=AXIS2_PLACEMENT_3D('',#10472,#8779,#8780);
#7050=AXIS2_PLACEMENT_3D('',#10473,#8781,#8782);
#7051=AXIS2_PLACEMENT_3D('',#10475,#8783,#8784);
#7052=AXIS2_PLACEMENT_3D('',#10478,#8786,#8787);
#7053=AXIS2_PLACEMENT_3D('',#10479,#8788,#8789);
#7054=AXIS2_PLACEMENT_3D('',#10481,#8790,#8791);
#7055=AXIS2_PLACEMENT_3D('',#10484,#8793,#8794);
#7056=AXIS2_PLACEMENT_3D('',#10485,#8795,#8796);
#7057=AXIS2_PLACEMENT_3D('',#10487,#8797,#8798);
#7058=AXIS2_PLACEMENT_3D('',#10490,#8800,#8801);
#7059=AXIS2_PLACEMENT_3D('',#10491,#8802,#8803);
#7060=AXIS2_PLACEMENT_3D('',#10493,#8804,#8805);
#7061=AXIS2_PLACEMENT_3D('',#10496,#8807,#8808);
#7062=AXIS2_PLACEMENT_3D('',#10497,#8809,#8810);
#7063=AXIS2_PLACEMENT_3D('',#10499,#8811,#8812);
#7064=AXIS2_PLACEMENT_3D('',#10502,#8814,#8815);
#7065=AXIS2_PLACEMENT_3D('',#10503,#8816,#8817);
#7066=AXIS2_PLACEMENT_3D('',#10505,#8818,#8819);
#7067=AXIS2_PLACEMENT_3D('',#10508,#8821,#8822);
#7068=AXIS2_PLACEMENT_3D('',#10509,#8823,#8824);
#7069=AXIS2_PLACEMENT_3D('',#10511,#8825,#8826);
#7070=AXIS2_PLACEMENT_3D('',#10514,#8828,#8829);
#7071=AXIS2_PLACEMENT_3D('',#10515,#8830,#8831);
#7072=AXIS2_PLACEMENT_3D('',#10517,#8832,#8833);
#7073=AXIS2_PLACEMENT_3D('',#10520,#8835,#8836);
#7074=AXIS2_PLACEMENT_3D('',#10521,#8837,#8838);
#7075=AXIS2_PLACEMENT_3D('',#10523,#8839,#8840);
#7076=AXIS2_PLACEMENT_3D('',#10526,#8842,#8843);
#7077=AXIS2_PLACEMENT_3D('',#10527,#8844,#8845);
#7078=AXIS2_PLACEMENT_3D('',#10529,#8846,#8847);
#7079=AXIS2_PLACEMENT_3D('',#10532,#8849,#8850);
#7080=AXIS2_PLACEMENT_3D('',#10533,#8851,#8852);
#7081=AXIS2_PLACEMENT_3D('',#10535,#8853,#8854);
#7082=AXIS2_PLACEMENT_3D('',#10538,#8856,#8857);
#7083=AXIS2_PLACEMENT_3D('',#10539,#8858,#8859);
#7084=AXIS2_PLACEMENT_3D('',#10541,#8860,#8861);
#7085=AXIS2_PLACEMENT_3D('',#10544,#8863,#8864);
#7086=AXIS2_PLACEMENT_3D('',#10545,#8865,#8866);
#7087=AXIS2_PLACEMENT_3D('',#10547,#8867,#8868);
#7088=AXIS2_PLACEMENT_3D('',#10550,#8870,#8871);
#7089=AXIS2_PLACEMENT_3D('',#10551,#8872,#8873);
#7090=AXIS2_PLACEMENT_3D('',#10553,#8874,#8875);
#7091=AXIS2_PLACEMENT_3D('',#10556,#8877,#8878);
#7092=AXIS2_PLACEMENT_3D('',#10557,#8879,#8880);
#7093=AXIS2_PLACEMENT_3D('',#10559,#8881,#8882);
#7094=AXIS2_PLACEMENT_3D('',#10562,#8884,#8885);
#7095=AXIS2_PLACEMENT_3D('',#10563,#8886,#8887);
#7096=AXIS2_PLACEMENT_3D('',#10565,#8888,#8889);
#7097=AXIS2_PLACEMENT_3D('',#10568,#8891,#8892);
#7098=AXIS2_PLACEMENT_3D('',#10569,#8893,#8894);
#7099=AXIS2_PLACEMENT_3D('',#10571,#8895,#8896);
#7100=AXIS2_PLACEMENT_3D('',#10574,#8898,#8899);
#7101=AXIS2_PLACEMENT_3D('',#10575,#8900,#8901);
#7102=AXIS2_PLACEMENT_3D('',#10577,#8902,#8903);
#7103=AXIS2_PLACEMENT_3D('',#10580,#8905,#8906);
#7104=AXIS2_PLACEMENT_3D('',#10581,#8907,#8908);
#7105=AXIS2_PLACEMENT_3D('',#10583,#8909,#8910);
#7106=AXIS2_PLACEMENT_3D('',#10586,#8912,#8913);
#7107=AXIS2_PLACEMENT_3D('',#10587,#8914,#8915);
#7108=AXIS2_PLACEMENT_3D('',#10589,#8916,#8917);
#7109=AXIS2_PLACEMENT_3D('',#10592,#8919,#8920);
#7110=AXIS2_PLACEMENT_3D('',#10593,#8921,#8922);
#7111=AXIS2_PLACEMENT_3D('',#10595,#8923,#8924);
#7112=AXIS2_PLACEMENT_3D('',#10598,#8926,#8927);
#7113=AXIS2_PLACEMENT_3D('',#10599,#8928,#8929);
#7114=AXIS2_PLACEMENT_3D('',#10601,#8930,#8931);
#7115=AXIS2_PLACEMENT_3D('',#10604,#8933,#8934);
#7116=AXIS2_PLACEMENT_3D('',#10605,#8935,#8936);
#7117=AXIS2_PLACEMENT_3D('',#10607,#8937,#8938);
#7118=AXIS2_PLACEMENT_3D('',#10610,#8940,#8941);
#7119=AXIS2_PLACEMENT_3D('',#10611,#8942,#8943);
#7120=AXIS2_PLACEMENT_3D('',#10620,#8948,#8949);
#7121=AXIS2_PLACEMENT_3D('',#10626,#8953,#8954);
#7122=AXIS2_PLACEMENT_3D('',#10634,#8959,#8960);
#7123=AXIS2_PLACEMENT_3D('',#10642,#8965,#8966);
#7124=AXIS2_PLACEMENT_3D('',#10656,#8974,#8975);
#7125=AXIS2_PLACEMENT_3D('',#10658,#8976,#8977);
#7126=AXIS2_PLACEMENT_3D('',#10661,#8979,#8980);
#7127=AXIS2_PLACEMENT_3D('',#10662,#8981,#8982);
#7128=AXIS2_PLACEMENT_3D('',#10671,#8988,#8989);
#7129=AXIS2_PLACEMENT_3D('',#10675,#8991,#8992);
#7130=AXIS2_PLACEMENT_3D('',#10679,#8994,#8995);
#7131=AXIS2_PLACEMENT_3D('',#10682,#8997,#8998);
#7132=AXIS2_PLACEMENT_3D('',#10684,#8999,#9000);
#7133=AXIS2_PLACEMENT_3D('',#10686,#9001,#9002);
#7134=AXIS2_PLACEMENT_3D('',#10688,#9003,#9004);
#7135=AXIS2_PLACEMENT_3D('',#10689,#9005,#9006);
#7136=AXIS2_PLACEMENT_3D('',#10691,#9007,#9008);
#7137=AXIS2_PLACEMENT_3D('',#10693,#9010,#9011);
#7138=AXIS2_PLACEMENT_3D('',#10697,#9013,#9014);
#7139=AXIS2_PLACEMENT_3D('',#10699,#9016,#9017);
#7140=AXIS2_PLACEMENT_3D('',#10703,#9020,#9021);
#7141=AXIS2_PLACEMENT_3D('',#10705,#9022,#9023);
#7142=AXIS2_PLACEMENT_3D('',#10707,#9025,#9026);
#7143=AXIS2_PLACEMENT_3D('',#10708,#9027,#9028);
#7144=AXIS2_PLACEMENT_3D('',#10709,#9029,#9030);
#7145=AXIS2_PLACEMENT_3D('',#10715,#9034,#9035);
#7146=AXIS2_PLACEMENT_3D('',#10717,#9037,#9038);
#7147=AXIS2_PLACEMENT_3D('',#10719,#9040,#9041);
#7148=AXIS2_PLACEMENT_3D('',#10721,#9042,#9043);
#7149=AXIS2_PLACEMENT_3D('',#10724,#9045,#9046);
#7150=AXIS2_PLACEMENT_3D('',#10725,#9047,#9048);
#7151=AXIS2_PLACEMENT_3D('',#10727,#9049,#9050);
#7152=AXIS2_PLACEMENT_3D('',#10730,#9052,#9053);
#7153=AXIS2_PLACEMENT_3D('',#10731,#9054,#9055);
#7154=AXIS2_PLACEMENT_3D('',#10732,#9056,#9057);
#7155=AXIS2_PLACEMENT_3D('',#10734,#9059,#9060);
#7156=AXIS2_PLACEMENT_3D('',#10736,#9062,#9063);
#7157=AXIS2_PLACEMENT_3D('',#10737,#9064,#9065);
#7158=AXIS2_PLACEMENT_3D('',#10740,#9067,#9068);
#7159=AXIS2_PLACEMENT_3D('',#10741,#9069,#9070);
#7160=AXIS2_PLACEMENT_3D('',#10742,#9071,#9072);
#7161=AXIS2_PLACEMENT_3D('',#10745,#9074,#9075);
#7162=AXIS2_PLACEMENT_3D('',#10746,#9076,#9077);
#7163=AXIS2_PLACEMENT_3D('',#10747,#9078,#9079);
#7164=AXIS2_PLACEMENT_3D('',#10750,#9081,#9082);
#7165=AXIS2_PLACEMENT_3D('',#10751,#9083,#9084);
#7166=AXIS2_PLACEMENT_3D('',#10752,#9085,#9086);
#7167=AXIS2_PLACEMENT_3D('',#10755,#9088,#9089);
#7168=AXIS2_PLACEMENT_3D('',#10756,#9090,#9091);
#7169=DIRECTION('axis',(0.,0.,1.));
#7170=DIRECTION('refdir',(1.,0.,0.));
#7171=DIRECTION('center_axis',(0.,0.,1.));
#7172=DIRECTION('ref_axis',(1.,0.,0.));
#7173=DIRECTION('center_axis',(0.,0.,1.));
#7174=DIRECTION('ref_axis',(1.,0.,0.));
#7175=DIRECTION('',(0.,0.,-1.));
#7176=DIRECTION('center_axis',(0.,0.,1.));
#7177=DIRECTION('ref_axis',(1.,0.,0.));
#7178=DIRECTION('center_axis',(0.,0.,1.));
#7179=DIRECTION('ref_axis',(1.,0.,0.));
#7180=DIRECTION('center_axis',(0.,0.,1.));
#7181=DIRECTION('ref_axis',(1.,0.,0.));
#7182=DIRECTION('',(0.,0.,-1.));
#7183=DIRECTION('center_axis',(0.,0.,1.));
#7184=DIRECTION('ref_axis',(1.,0.,0.));
#7185=DIRECTION('center_axis',(0.,0.,1.));
#7186=DIRECTION('ref_axis',(1.,0.,0.));
#7187=DIRECTION('center_axis',(0.,0.,1.));
#7188=DIRECTION('ref_axis',(1.,0.,0.));
#7189=DIRECTION('',(0.,0.,1.));
#7190=DIRECTION('center_axis',(0.,0.,-1.));
#7191=DIRECTION('ref_axis',(1.,0.,0.));
#7192=DIRECTION('center_axis',(0.,0.,1.));
#7193=DIRECTION('ref_axis',(1.,0.,0.));
#7194=DIRECTION('center_axis',(0.,0.,1.));
#7195=DIRECTION('ref_axis',(1.,0.,0.));
#7196=DIRECTION('',(0.,0.,1.));
#7197=DIRECTION('center_axis',(0.,0.,-1.));
#7198=DIRECTION('ref_axis',(1.,0.,0.));
#7199=DIRECTION('center_axis',(0.,0.,1.));
#7200=DIRECTION('ref_axis',(1.,0.,0.));
#7201=DIRECTION('center_axis',(0.,0.,1.));
#7202=DIRECTION('ref_axis',(1.,0.,0.));
#7203=DIRECTION('',(0.,0.,1.));
#7204=DIRECTION('center_axis',(0.,0.,-1.));
#7205=DIRECTION('ref_axis',(1.,0.,0.));
#7206=DIRECTION('center_axis',(0.,0.,1.));
#7207=DIRECTION('ref_axis',(1.,0.,0.));
#7208=DIRECTION('center_axis',(0.,0.,1.));
#7209=DIRECTION('ref_axis',(1.,0.,0.));
#7210=DIRECTION('',(0.,0.,1.));
#7211=DIRECTION('center_axis',(0.,0.,-1.));
#7212=DIRECTION('ref_axis',(1.,0.,0.));
#7213=DIRECTION('center_axis',(0.,0.,1.));
#7214=DIRECTION('ref_axis',(1.,0.,0.));
#7215=DIRECTION('center_axis',(0.,0.,1.));
#7216=DIRECTION('ref_axis',(1.,0.,0.));
#7217=DIRECTION('',(0.,0.,1.));
#7218=DIRECTION('center_axis',(0.,0.,-1.));
#7219=DIRECTION('ref_axis',(1.,0.,0.));
#7220=DIRECTION('center_axis',(0.,0.,1.));
#7221=DIRECTION('ref_axis',(1.,0.,0.));
#7222=DIRECTION('center_axis',(0.,0.,1.));
#7223=DIRECTION('ref_axis',(1.,0.,0.));
#7224=DIRECTION('',(0.,0.,1.));
#7225=DIRECTION('center_axis',(0.,0.,-1.));
#7226=DIRECTION('ref_axis',(1.,0.,0.));
#7227=DIRECTION('center_axis',(0.,0.,1.));
#7228=DIRECTION('ref_axis',(1.,0.,0.));
#7229=DIRECTION('center_axis',(0.,0.,1.));
#7230=DIRECTION('ref_axis',(1.,0.,0.));
#7231=DIRECTION('',(0.,0.,1.));
#7232=DIRECTION('center_axis',(0.,0.,-1.));
#7233=DIRECTION('ref_axis',(1.,0.,0.));
#7234=DIRECTION('center_axis',(0.,0.,1.));
#7235=DIRECTION('ref_axis',(1.,0.,0.));
#7236=DIRECTION('center_axis',(0.,0.,1.));
#7237=DIRECTION('ref_axis',(1.,0.,0.));
#7238=DIRECTION('',(0.,0.,1.));
#7239=DIRECTION('center_axis',(0.,0.,-1.));
#7240=DIRECTION('ref_axis',(1.,0.,0.));
#7241=DIRECTION('center_axis',(0.,0.,1.));
#7242=DIRECTION('ref_axis',(1.,0.,0.));
#7243=DIRECTION('center_axis',(0.,0.,1.));
#7244=DIRECTION('ref_axis',(1.,0.,0.));
#7245=DIRECTION('',(0.,0.,1.));
#7246=DIRECTION('center_axis',(0.,0.,-1.));
#7247=DIRECTION('ref_axis',(1.,0.,0.));
#7248=DIRECTION('center_axis',(0.,0.,1.));
#7249=DIRECTION('ref_axis',(1.,0.,0.));
#7250=DIRECTION('center_axis',(0.,0.,1.));
#7251=DIRECTION('ref_axis',(1.,0.,0.));
#7252=DIRECTION('',(0.,0.,1.));
#7253=DIRECTION('center_axis',(0.,0.,-1.));
#7254=DIRECTION('ref_axis',(1.,0.,0.));
#7255=DIRECTION('center_axis',(0.,0.,1.));
#7256=DIRECTION('ref_axis',(1.,0.,0.));
#7257=DIRECTION('center_axis',(0.,0.,1.));
#7258=DIRECTION('ref_axis',(1.,0.,0.));
#7259=DIRECTION('',(0.,0.,1.));
#7260=DIRECTION('center_axis',(0.,0.,-1.));
#7261=DIRECTION('ref_axis',(1.,0.,0.));
#7262=DIRECTION('center_axis',(0.,0.,1.));
#7263=DIRECTION('ref_axis',(1.,0.,0.));
#7264=DIRECTION('center_axis',(0.,0.,1.));
#7265=DIRECTION('ref_axis',(1.,0.,0.));
#7266=DIRECTION('',(0.,0.,1.));
#7267=DIRECTION('center_axis',(0.,0.,-1.));
#7268=DIRECTION('ref_axis',(1.,0.,0.));
#7269=DIRECTION('center_axis',(0.,0.,1.));
#7270=DIRECTION('ref_axis',(1.,0.,0.));
#7271=DIRECTION('center_axis',(0.,0.,1.));
#7272=DIRECTION('ref_axis',(1.,0.,0.));
#7273=DIRECTION('',(0.,0.,1.));
#7274=DIRECTION('center_axis',(0.,0.,-1.));
#7275=DIRECTION('ref_axis',(1.,0.,0.));
#7276=DIRECTION('center_axis',(0.,0.,1.));
#7277=DIRECTION('ref_axis',(1.,0.,0.));
#7278=DIRECTION('center_axis',(0.,0.,1.));
#7279=DIRECTION('ref_axis',(1.,0.,0.));
#7280=DIRECTION('',(0.,0.,1.));
#7281=DIRECTION('center_axis',(0.,0.,-1.));
#7282=DIRECTION('ref_axis',(1.,0.,0.));
#7283=DIRECTION('center_axis',(0.,0.,1.));
#7284=DIRECTION('ref_axis',(1.,0.,0.));
#7285=DIRECTION('center_axis',(0.,0.,1.));
#7286=DIRECTION('ref_axis',(1.,0.,0.));
#7287=DIRECTION('',(0.,0.,1.));
#7288=DIRECTION('center_axis',(0.,0.,-1.));
#7289=DIRECTION('ref_axis',(1.,0.,0.));
#7290=DIRECTION('center_axis',(0.,0.,1.));
#7291=DIRECTION('ref_axis',(1.,0.,0.));
#7292=DIRECTION('center_axis',(0.,0.,1.));
#7293=DIRECTION('ref_axis',(1.,0.,0.));
#7294=DIRECTION('',(0.,0.,1.));
#7295=DIRECTION('center_axis',(0.,0.,-1.));
#7296=DIRECTION('ref_axis',(1.,0.,0.));
#7297=DIRECTION('center_axis',(0.,0.,1.));
#7298=DIRECTION('ref_axis',(1.,0.,0.));
#7299=DIRECTION('center_axis',(0.,0.,1.));
#7300=DIRECTION('ref_axis',(1.,0.,0.));
#7301=DIRECTION('',(0.,0.,1.));
#7302=DIRECTION('center_axis',(0.,0.,-1.));
#7303=DIRECTION('ref_axis',(1.,0.,0.));
#7304=DIRECTION('center_axis',(0.,0.,1.));
#7305=DIRECTION('ref_axis',(1.,0.,0.));
#7306=DIRECTION('center_axis',(0.,0.,1.));
#7307=DIRECTION('ref_axis',(1.,0.,0.));
#7308=DIRECTION('',(0.,0.,1.));
#7309=DIRECTION('center_axis',(0.,0.,-1.));
#7310=DIRECTION('ref_axis',(1.,0.,0.));
#7311=DIRECTION('center_axis',(0.,0.,1.));
#7312=DIRECTION('ref_axis',(1.,0.,0.));
#7313=DIRECTION('center_axis',(0.,0.,1.));
#7314=DIRECTION('ref_axis',(1.,0.,0.));
#7315=DIRECTION('',(0.,0.,1.));
#7316=DIRECTION('center_axis',(0.,0.,-1.));
#7317=DIRECTION('ref_axis',(1.,0.,0.));
#7318=DIRECTION('center_axis',(0.,0.,1.));
#7319=DIRECTION('ref_axis',(1.,0.,0.));
#7320=DIRECTION('center_axis',(0.,0.,1.));
#7321=DIRECTION('ref_axis',(1.,0.,0.));
#7322=DIRECTION('',(0.,0.,1.));
#7323=DIRECTION('center_axis',(0.,0.,-1.));
#7324=DIRECTION('ref_axis',(1.,0.,0.));
#7325=DIRECTION('center_axis',(0.,0.,1.));
#7326=DIRECTION('ref_axis',(1.,0.,0.));
#7327=DIRECTION('center_axis',(0.,0.,1.));
#7328=DIRECTION('ref_axis',(1.,0.,0.));
#7329=DIRECTION('',(0.,0.,1.));
#7330=DIRECTION('center_axis',(0.,0.,-1.));
#7331=DIRECTION('ref_axis',(1.,0.,0.));
#7332=DIRECTION('center_axis',(0.,0.,1.));
#7333=DIRECTION('ref_axis',(1.,0.,0.));
#7334=DIRECTION('center_axis',(0.,0.,1.));
#7335=DIRECTION('ref_axis',(1.,0.,0.));
#7336=DIRECTION('',(0.,0.,1.));
#7337=DIRECTION('center_axis',(0.,0.,-1.));
#7338=DIRECTION('ref_axis',(1.,0.,0.));
#7339=DIRECTION('center_axis',(0.,0.,1.));
#7340=DIRECTION('ref_axis',(1.,0.,0.));
#7341=DIRECTION('center_axis',(0.,0.,1.));
#7342=DIRECTION('ref_axis',(1.,0.,0.));
#7343=DIRECTION('',(0.,0.,1.));
#7344=DIRECTION('center_axis',(0.,0.,-1.));
#7345=DIRECTION('ref_axis',(1.,0.,0.));
#7346=DIRECTION('center_axis',(0.,0.,1.));
#7347=DIRECTION('ref_axis',(1.,0.,0.));
#7348=DIRECTION('center_axis',(0.,0.,1.));
#7349=DIRECTION('ref_axis',(1.,0.,0.));
#7350=DIRECTION('',(0.,0.,1.));
#7351=DIRECTION('center_axis',(0.,0.,-1.));
#7352=DIRECTION('ref_axis',(1.,0.,0.));
#7353=DIRECTION('center_axis',(0.,0.,1.));
#7354=DIRECTION('ref_axis',(1.,0.,0.));
#7355=DIRECTION('center_axis',(0.,0.,1.));
#7356=DIRECTION('ref_axis',(1.,0.,0.));
#7357=DIRECTION('',(0.,0.,1.));
#7358=DIRECTION('center_axis',(0.,0.,-1.));
#7359=DIRECTION('ref_axis',(1.,0.,0.));
#7360=DIRECTION('center_axis',(0.,0.,1.));
#7361=DIRECTION('ref_axis',(1.,0.,0.));
#7362=DIRECTION('center_axis',(0.,0.,1.));
#7363=DIRECTION('ref_axis',(1.,0.,0.));
#7364=DIRECTION('',(0.,0.,1.));
#7365=DIRECTION('center_axis',(0.,0.,-1.));
#7366=DIRECTION('ref_axis',(1.,0.,0.));
#7367=DIRECTION('center_axis',(0.,0.,1.));
#7368=DIRECTION('ref_axis',(1.,0.,0.));
#7369=DIRECTION('center_axis',(0.,0.,1.));
#7370=DIRECTION('ref_axis',(1.,0.,0.));
#7371=DIRECTION('',(0.,0.,1.));
#7372=DIRECTION('center_axis',(0.,0.,-1.));
#7373=DIRECTION('ref_axis',(1.,0.,0.));
#7374=DIRECTION('center_axis',(0.,0.,1.));
#7375=DIRECTION('ref_axis',(1.,0.,0.));
#7376=DIRECTION('center_axis',(0.,0.,1.));
#7377=DIRECTION('ref_axis',(1.,0.,0.));
#7378=DIRECTION('',(0.,0.,1.));
#7379=DIRECTION('center_axis',(0.,0.,-1.));
#7380=DIRECTION('ref_axis',(1.,0.,0.));
#7381=DIRECTION('center_axis',(0.,0.,1.));
#7382=DIRECTION('ref_axis',(1.,0.,0.));
#7383=DIRECTION('center_axis',(0.,0.,1.));
#7384=DIRECTION('ref_axis',(1.,0.,0.));
#7385=DIRECTION('',(0.,0.,1.));
#7386=DIRECTION('center_axis',(0.,0.,-1.));
#7387=DIRECTION('ref_axis',(1.,0.,0.));
#7388=DIRECTION('center_axis',(0.,0.,1.));
#7389=DIRECTION('ref_axis',(1.,0.,0.));
#7390=DIRECTION('center_axis',(0.,0.,1.));
#7391=DIRECTION('ref_axis',(1.,0.,0.));
#7392=DIRECTION('',(0.,0.,1.));
#7393=DIRECTION('center_axis',(0.,0.,-1.));
#7394=DIRECTION('ref_axis',(1.,0.,0.));
#7395=DIRECTION('center_axis',(0.,0.,1.));
#7396=DIRECTION('ref_axis',(1.,0.,0.));
#7397=DIRECTION('center_axis',(0.,0.,1.));
#7398=DIRECTION('ref_axis',(1.,0.,0.));
#7399=DIRECTION('',(0.,0.,1.));
#7400=DIRECTION('center_axis',(0.,0.,-1.));
#7401=DIRECTION('ref_axis',(1.,0.,0.));
#7402=DIRECTION('center_axis',(0.,0.,1.));
#7403=DIRECTION('ref_axis',(1.,0.,0.));
#7404=DIRECTION('center_axis',(0.,0.,1.));
#7405=DIRECTION('ref_axis',(1.,0.,0.));
#7406=DIRECTION('',(0.,0.,1.));
#7407=DIRECTION('center_axis',(0.,0.,-1.));
#7408=DIRECTION('ref_axis',(1.,0.,0.));
#7409=DIRECTION('center_axis',(0.,0.,1.));
#7410=DIRECTION('ref_axis',(1.,0.,0.));
#7411=DIRECTION('center_axis',(0.,0.,1.));
#7412=DIRECTION('ref_axis',(1.,0.,0.));
#7413=DIRECTION('',(0.,0.,1.));
#7414=DIRECTION('center_axis',(0.,0.,-1.));
#7415=DIRECTION('ref_axis',(1.,0.,0.));
#7416=DIRECTION('center_axis',(0.,0.,1.));
#7417=DIRECTION('ref_axis',(1.,0.,0.));
#7418=DIRECTION('center_axis',(0.,0.,1.));
#7419=DIRECTION('ref_axis',(1.,0.,0.));
#7420=DIRECTION('',(0.,0.,1.));
#7421=DIRECTION('center_axis',(0.,0.,-1.));
#7422=DIRECTION('ref_axis',(1.,0.,0.));
#7423=DIRECTION('center_axis',(0.,0.,1.));
#7424=DIRECTION('ref_axis',(1.,0.,0.));
#7425=DIRECTION('center_axis',(0.,0.,1.));
#7426=DIRECTION('ref_axis',(1.,0.,0.));
#7427=DIRECTION('',(0.,0.,1.));
#7428=DIRECTION('center_axis',(0.,0.,-1.));
#7429=DIRECTION('ref_axis',(1.,0.,0.));
#7430=DIRECTION('center_axis',(0.,0.,1.));
#7431=DIRECTION('ref_axis',(1.,0.,0.));
#7432=DIRECTION('center_axis',(0.,0.,1.));
#7433=DIRECTION('ref_axis',(1.,0.,0.));
#7434=DIRECTION('',(0.,0.,1.));
#7435=DIRECTION('center_axis',(0.,0.,-1.));
#7436=DIRECTION('ref_axis',(1.,0.,0.));
#7437=DIRECTION('center_axis',(0.,0.,1.));
#7438=DIRECTION('ref_axis',(1.,0.,0.));
#7439=DIRECTION('center_axis',(0.,0.,1.));
#7440=DIRECTION('ref_axis',(1.,0.,0.));
#7441=DIRECTION('',(0.,0.,1.));
#7442=DIRECTION('center_axis',(0.,0.,-1.));
#7443=DIRECTION('ref_axis',(1.,0.,0.));
#7444=DIRECTION('center_axis',(0.,0.,1.));
#7445=DIRECTION('ref_axis',(1.,0.,0.));
#7446=DIRECTION('center_axis',(0.,0.,1.));
#7447=DIRECTION('ref_axis',(1.,0.,0.));
#7448=DIRECTION('',(0.,0.,1.));
#7449=DIRECTION('center_axis',(0.,0.,-1.));
#7450=DIRECTION('ref_axis',(1.,0.,0.));
#7451=DIRECTION('center_axis',(0.,0.,1.));
#7452=DIRECTION('ref_axis',(1.,0.,0.));
#7453=DIRECTION('center_axis',(0.,0.,1.));
#7454=DIRECTION('ref_axis',(1.,0.,0.));
#7455=DIRECTION('',(0.,0.,1.));
#7456=DIRECTION('center_axis',(0.,0.,-1.));
#7457=DIRECTION('ref_axis',(1.,0.,0.));
#7458=DIRECTION('center_axis',(0.,0.,1.));
#7459=DIRECTION('ref_axis',(1.,0.,0.));
#7460=DIRECTION('center_axis',(0.,0.,1.));
#7461=DIRECTION('ref_axis',(1.,0.,0.));
#7462=DIRECTION('',(0.,0.,1.));
#7463=DIRECTION('center_axis',(0.,0.,-1.));
#7464=DIRECTION('ref_axis',(1.,0.,0.));
#7465=DIRECTION('center_axis',(0.,0.,1.));
#7466=DIRECTION('ref_axis',(1.,0.,0.));
#7467=DIRECTION('center_axis',(0.,0.,1.));
#7468=DIRECTION('ref_axis',(1.,0.,0.));
#7469=DIRECTION('',(0.,0.,1.));
#7470=DIRECTION('center_axis',(0.,0.,-1.));
#7471=DIRECTION('ref_axis',(1.,0.,0.));
#7472=DIRECTION('center_axis',(0.,0.,1.));
#7473=DIRECTION('ref_axis',(1.,0.,0.));
#7474=DIRECTION('center_axis',(0.,0.,1.));
#7475=DIRECTION('ref_axis',(1.,0.,0.));
#7476=DIRECTION('',(0.,0.,1.));
#7477=DIRECTION('center_axis',(0.,0.,-1.));
#7478=DIRECTION('ref_axis',(1.,0.,0.));
#7479=DIRECTION('center_axis',(0.,0.,1.));
#7480=DIRECTION('ref_axis',(1.,0.,0.));
#7481=DIRECTION('center_axis',(0.,0.,1.));
#7482=DIRECTION('ref_axis',(1.,0.,0.));
#7483=DIRECTION('',(0.,0.,1.));
#7484=DIRECTION('center_axis',(0.,0.,-1.));
#7485=DIRECTION('ref_axis',(1.,0.,0.));
#7486=DIRECTION('center_axis',(0.,0.,1.));
#7487=DIRECTION('ref_axis',(1.,0.,0.));
#7488=DIRECTION('center_axis',(0.,0.,1.));
#7489=DIRECTION('ref_axis',(1.,0.,0.));
#7490=DIRECTION('',(0.,0.,1.));
#7491=DIRECTION('center_axis',(0.,0.,-1.));
#7492=DIRECTION('ref_axis',(1.,0.,0.));
#7493=DIRECTION('center_axis',(0.,0.,1.));
#7494=DIRECTION('ref_axis',(1.,0.,0.));
#7495=DIRECTION('center_axis',(0.,0.,1.));
#7496=DIRECTION('ref_axis',(1.,0.,0.));
#7497=DIRECTION('',(0.,0.,1.));
#7498=DIRECTION('center_axis',(0.,0.,-1.));
#7499=DIRECTION('ref_axis',(1.,0.,0.));
#7500=DIRECTION('center_axis',(0.,0.,1.));
#7501=DIRECTION('ref_axis',(1.,0.,0.));
#7502=DIRECTION('center_axis',(0.,0.,1.));
#7503=DIRECTION('ref_axis',(1.,0.,0.));
#7504=DIRECTION('',(0.,0.,1.));
#7505=DIRECTION('center_axis',(0.,0.,-1.));
#7506=DIRECTION('ref_axis',(1.,0.,0.));
#7507=DIRECTION('center_axis',(0.,0.,1.));
#7508=DIRECTION('ref_axis',(1.,0.,0.));
#7509=DIRECTION('center_axis',(0.,0.,1.));
#7510=DIRECTION('ref_axis',(1.,0.,0.));
#7511=DIRECTION('',(0.,0.,1.));
#7512=DIRECTION('center_axis',(0.,0.,-1.));
#7513=DIRECTION('ref_axis',(1.,0.,0.));
#7514=DIRECTION('center_axis',(0.,0.,1.));
#7515=DIRECTION('ref_axis',(1.,0.,0.));
#7516=DIRECTION('center_axis',(0.,0.,1.));
#7517=DIRECTION('ref_axis',(1.,0.,0.));
#7518=DIRECTION('',(0.,0.,1.));
#7519=DIRECTION('center_axis',(0.,0.,-1.));
#7520=DIRECTION('ref_axis',(1.,0.,0.));
#7521=DIRECTION('center_axis',(0.,0.,1.));
#7522=DIRECTION('ref_axis',(1.,0.,0.));
#7523=DIRECTION('center_axis',(0.,0.,1.));
#7524=DIRECTION('ref_axis',(1.,0.,0.));
#7525=DIRECTION('',(0.,0.,1.));
#7526=DIRECTION('center_axis',(0.,0.,-1.));
#7527=DIRECTION('ref_axis',(1.,0.,0.));
#7528=DIRECTION('center_axis',(0.,0.,1.));
#7529=DIRECTION('ref_axis',(1.,0.,0.));
#7530=DIRECTION('center_axis',(0.,0.,1.));
#7531=DIRECTION('ref_axis',(1.,0.,0.));
#7532=DIRECTION('',(0.,0.,1.));
#7533=DIRECTION('center_axis',(0.,0.,-1.));
#7534=DIRECTION('ref_axis',(1.,0.,0.));
#7535=DIRECTION('center_axis',(0.,0.,1.));
#7536=DIRECTION('ref_axis',(1.,0.,0.));
#7537=DIRECTION('center_axis',(0.,0.,1.));
#7538=DIRECTION('ref_axis',(1.,0.,0.));
#7539=DIRECTION('',(0.,0.,1.));
#7540=DIRECTION('center_axis',(0.,0.,-1.));
#7541=DIRECTION('ref_axis',(1.,0.,0.));
#7542=DIRECTION('center_axis',(0.,0.,1.));
#7543=DIRECTION('ref_axis',(1.,0.,0.));
#7544=DIRECTION('center_axis',(0.,0.,1.));
#7545=DIRECTION('ref_axis',(1.,0.,0.));
#7546=DIRECTION('',(0.,0.,1.));
#7547=DIRECTION('center_axis',(0.,0.,-1.));
#7548=DIRECTION('ref_axis',(1.,0.,0.));
#7549=DIRECTION('center_axis',(0.,0.,1.));
#7550=DIRECTION('ref_axis',(1.,0.,0.));
#7551=DIRECTION('center_axis',(0.,0.,1.));
#7552=DIRECTION('ref_axis',(1.,0.,0.));
#7553=DIRECTION('',(0.,0.,1.));
#7554=DIRECTION('center_axis',(0.,0.,-1.));
#7555=DIRECTION('ref_axis',(1.,0.,0.));
#7556=DIRECTION('center_axis',(0.,0.,1.));
#7557=DIRECTION('ref_axis',(1.,0.,0.));
#7558=DIRECTION('center_axis',(0.,0.,1.));
#7559=DIRECTION('ref_axis',(1.,0.,0.));
#7560=DIRECTION('',(0.,0.,1.));
#7561=DIRECTION('center_axis',(0.,0.,-1.));
#7562=DIRECTION('ref_axis',(1.,0.,0.));
#7563=DIRECTION('center_axis',(0.,0.,1.));
#7564=DIRECTION('ref_axis',(1.,0.,0.));
#7565=DIRECTION('center_axis',(0.,0.,1.));
#7566=DIRECTION('ref_axis',(1.,0.,0.));
#7567=DIRECTION('',(0.,0.,1.));
#7568=DIRECTION('center_axis',(0.,0.,-1.));
#7569=DIRECTION('ref_axis',(1.,0.,0.));
#7570=DIRECTION('center_axis',(0.,0.,1.));
#7571=DIRECTION('ref_axis',(1.,0.,0.));
#7572=DIRECTION('center_axis',(0.,0.,1.));
#7573=DIRECTION('ref_axis',(1.,0.,0.));
#7574=DIRECTION('',(0.,0.,1.));
#7575=DIRECTION('center_axis',(0.,0.,-1.));
#7576=DIRECTION('ref_axis',(1.,0.,0.));
#7577=DIRECTION('center_axis',(0.,0.,1.));
#7578=DIRECTION('ref_axis',(1.,0.,0.));
#7579=DIRECTION('center_axis',(0.,0.,1.));
#7580=DIRECTION('ref_axis',(1.,0.,0.));
#7581=DIRECTION('',(0.,0.,1.));
#7582=DIRECTION('center_axis',(0.,0.,-1.));
#7583=DIRECTION('ref_axis',(1.,0.,0.));
#7584=DIRECTION('center_axis',(0.,0.,1.));
#7585=DIRECTION('ref_axis',(1.,0.,0.));
#7586=DIRECTION('center_axis',(0.,0.,1.));
#7587=DIRECTION('ref_axis',(1.,0.,0.));
#7588=DIRECTION('',(0.,0.,1.));
#7589=DIRECTION('center_axis',(0.,0.,-1.));
#7590=DIRECTION('ref_axis',(1.,0.,0.));
#7591=DIRECTION('center_axis',(0.,0.,1.));
#7592=DIRECTION('ref_axis',(1.,0.,0.));
#7593=DIRECTION('center_axis',(0.,0.,1.));
#7594=DIRECTION('ref_axis',(1.,0.,0.));
#7595=DIRECTION('',(0.,0.,1.));
#7596=DIRECTION('center_axis',(0.,0.,-1.));
#7597=DIRECTION('ref_axis',(1.,0.,0.));
#7598=DIRECTION('center_axis',(0.,0.,1.));
#7599=DIRECTION('ref_axis',(1.,0.,0.));
#7600=DIRECTION('center_axis',(0.,0.,1.));
#7601=DIRECTION('ref_axis',(1.,0.,0.));
#7602=DIRECTION('',(0.,0.,1.));
#7603=DIRECTION('center_axis',(0.,0.,-1.));
#7604=DIRECTION('ref_axis',(1.,0.,0.));
#7605=DIRECTION('center_axis',(0.,0.,1.));
#7606=DIRECTION('ref_axis',(1.,0.,0.));
#7607=DIRECTION('center_axis',(0.,0.,1.));
#7608=DIRECTION('ref_axis',(1.,0.,0.));
#7609=DIRECTION('',(0.,0.,1.));
#7610=DIRECTION('center_axis',(0.,0.,-1.));
#7611=DIRECTION('ref_axis',(1.,0.,0.));
#7612=DIRECTION('center_axis',(0.,0.,1.));
#7613=DIRECTION('ref_axis',(1.,0.,0.));
#7614=DIRECTION('center_axis',(0.,0.,1.));
#7615=DIRECTION('ref_axis',(1.,0.,0.));
#7616=DIRECTION('',(0.,0.,1.));
#7617=DIRECTION('center_axis',(0.,0.,-1.));
#7618=DIRECTION('ref_axis',(1.,0.,0.));
#7619=DIRECTION('center_axis',(0.,0.,1.));
#7620=DIRECTION('ref_axis',(1.,0.,0.));
#7621=DIRECTION('center_axis',(0.,0.,1.));
#7622=DIRECTION('ref_axis',(1.,0.,0.));
#7623=DIRECTION('',(0.,0.,1.));
#7624=DIRECTION('center_axis',(0.,0.,-1.));
#7625=DIRECTION('ref_axis',(1.,0.,0.));
#7626=DIRECTION('center_axis',(0.,0.,1.));
#7627=DIRECTION('ref_axis',(1.,0.,0.));
#7628=DIRECTION('center_axis',(0.,0.,1.));
#7629=DIRECTION('ref_axis',(1.,0.,0.));
#7630=DIRECTION('',(0.,0.,1.));
#7631=DIRECTION('center_axis',(0.,0.,-1.));
#7632=DIRECTION('ref_axis',(1.,0.,0.));
#7633=DIRECTION('center_axis',(0.,0.,1.));
#7634=DIRECTION('ref_axis',(1.,0.,0.));
#7635=DIRECTION('center_axis',(0.,0.,1.));
#7636=DIRECTION('ref_axis',(1.,0.,0.));
#7637=DIRECTION('',(0.,0.,1.));
#7638=DIRECTION('center_axis',(0.,0.,-1.));
#7639=DIRECTION('ref_axis',(1.,0.,0.));
#7640=DIRECTION('center_axis',(0.,0.,1.));
#7641=DIRECTION('ref_axis',(1.,0.,0.));
#7642=DIRECTION('center_axis',(0.,0.,1.));
#7643=DIRECTION('ref_axis',(1.,0.,0.));
#7644=DIRECTION('',(0.,0.,1.));
#7645=DIRECTION('center_axis',(0.,0.,-1.));
#7646=DIRECTION('ref_axis',(1.,0.,0.));
#7647=DIRECTION('center_axis',(0.,0.,1.));
#7648=DIRECTION('ref_axis',(1.,0.,0.));
#7649=DIRECTION('center_axis',(0.,0.,1.));
#7650=DIRECTION('ref_axis',(1.,0.,0.));
#7651=DIRECTION('',(0.,0.,1.));
#7652=DIRECTION('center_axis',(0.,0.,-1.));
#7653=DIRECTION('ref_axis',(1.,0.,0.));
#7654=DIRECTION('center_axis',(0.,0.,1.));
#7655=DIRECTION('ref_axis',(1.,0.,0.));
#7656=DIRECTION('center_axis',(0.,0.,1.));
#7657=DIRECTION('ref_axis',(1.,0.,0.));
#7658=DIRECTION('',(0.,0.,1.));
#7659=DIRECTION('center_axis',(0.,0.,-1.));
#7660=DIRECTION('ref_axis',(1.,0.,0.));
#7661=DIRECTION('center_axis',(0.,0.,1.));
#7662=DIRECTION('ref_axis',(1.,0.,0.));
#7663=DIRECTION('center_axis',(0.,0.,1.));
#7664=DIRECTION('ref_axis',(1.,0.,0.));
#7665=DIRECTION('',(0.,0.,1.));
#7666=DIRECTION('center_axis',(0.,0.,-1.));
#7667=DIRECTION('ref_axis',(1.,0.,0.));
#7668=DIRECTION('center_axis',(0.,0.,1.));
#7669=DIRECTION('ref_axis',(1.,0.,0.));
#7670=DIRECTION('center_axis',(0.,0.,1.));
#7671=DIRECTION('ref_axis',(1.,0.,0.));
#7672=DIRECTION('',(0.,0.,1.));
#7673=DIRECTION('center_axis',(0.,0.,-1.));
#7674=DIRECTION('ref_axis',(1.,0.,0.));
#7675=DIRECTION('center_axis',(0.,0.,1.));
#7676=DIRECTION('ref_axis',(1.,0.,0.));
#7677=DIRECTION('center_axis',(0.,0.,1.));
#7678=DIRECTION('ref_axis',(1.,0.,0.));
#7679=DIRECTION('',(0.,0.,1.));
#7680=DIRECTION('center_axis',(0.,0.,-1.));
#7681=DIRECTION('ref_axis',(1.,0.,0.));
#7682=DIRECTION('center_axis',(0.,0.,1.));
#7683=DIRECTION('ref_axis',(1.,0.,0.));
#7684=DIRECTION('center_axis',(0.,0.,1.));
#7685=DIRECTION('ref_axis',(1.,0.,0.));
#7686=DIRECTION('',(0.,0.,1.));
#7687=DIRECTION('center_axis',(0.,0.,-1.));
#7688=DIRECTION('ref_axis',(1.,0.,0.));
#7689=DIRECTION('center_axis',(0.,0.,1.));
#7690=DIRECTION('ref_axis',(1.,0.,0.));
#7691=DIRECTION('center_axis',(0.,0.,1.));
#7692=DIRECTION('ref_axis',(1.,0.,0.));
#7693=DIRECTION('',(0.,0.,1.));
#7694=DIRECTION('center_axis',(0.,0.,-1.));
#7695=DIRECTION('ref_axis',(1.,0.,0.));
#7696=DIRECTION('center_axis',(0.,0.,1.));
#7697=DIRECTION('ref_axis',(1.,0.,0.));
#7698=DIRECTION('center_axis',(0.,0.,1.));
#7699=DIRECTION('ref_axis',(1.,0.,0.));
#7700=DIRECTION('',(0.,0.,1.));
#7701=DIRECTION('center_axis',(0.,0.,-1.));
#7702=DIRECTION('ref_axis',(1.,0.,0.));
#7703=DIRECTION('center_axis',(0.,0.,1.));
#7704=DIRECTION('ref_axis',(1.,0.,0.));
#7705=DIRECTION('center_axis',(0.,0.,1.));
#7706=DIRECTION('ref_axis',(1.,0.,0.));
#7707=DIRECTION('',(0.,0.,1.));
#7708=DIRECTION('center_axis',(0.,0.,-1.));
#7709=DIRECTION('ref_axis',(1.,0.,0.));
#7710=DIRECTION('center_axis',(0.,0.,1.));
#7711=DIRECTION('ref_axis',(1.,0.,0.));
#7712=DIRECTION('center_axis',(0.,0.,1.));
#7713=DIRECTION('ref_axis',(1.,0.,0.));
#7714=DIRECTION('',(0.,0.,1.));
#7715=DIRECTION('center_axis',(0.,0.,-1.));
#7716=DIRECTION('ref_axis',(1.,0.,0.));
#7717=DIRECTION('center_axis',(0.,0.,1.));
#7718=DIRECTION('ref_axis',(1.,0.,0.));
#7719=DIRECTION('center_axis',(0.,0.,1.));
#7720=DIRECTION('ref_axis',(1.,0.,0.));
#7721=DIRECTION('',(0.,0.,1.));
#7722=DIRECTION('center_axis',(0.,0.,-1.));
#7723=DIRECTION('ref_axis',(1.,0.,0.));
#7724=DIRECTION('center_axis',(0.,0.,1.));
#7725=DIRECTION('ref_axis',(1.,0.,0.));
#7726=DIRECTION('center_axis',(0.,0.,1.));
#7727=DIRECTION('ref_axis',(1.,0.,0.));
#7728=DIRECTION('',(0.,0.,1.));
#7729=DIRECTION('center_axis',(0.,0.,-1.));
#7730=DIRECTION('ref_axis',(1.,0.,0.));
#7731=DIRECTION('center_axis',(0.,0.,1.));
#7732=DIRECTION('ref_axis',(1.,0.,0.));
#7733=DIRECTION('center_axis',(0.,0.,1.));
#7734=DIRECTION('ref_axis',(1.,0.,0.));
#7735=DIRECTION('',(0.,0.,1.));
#7736=DIRECTION('center_axis',(0.,0.,-1.));
#7737=DIRECTION('ref_axis',(1.,0.,0.));
#7738=DIRECTION('center_axis',(0.,0.,1.));
#7739=DIRECTION('ref_axis',(1.,0.,0.));
#7740=DIRECTION('center_axis',(0.,0.,1.));
#7741=DIRECTION('ref_axis',(1.,0.,0.));
#7742=DIRECTION('',(0.,0.,1.));
#7743=DIRECTION('center_axis',(0.,0.,-1.));
#7744=DIRECTION('ref_axis',(1.,0.,0.));
#7745=DIRECTION('center_axis',(0.,0.,1.));
#7746=DIRECTION('ref_axis',(1.,0.,0.));
#7747=DIRECTION('center_axis',(0.,0.,1.));
#7748=DIRECTION('ref_axis',(1.,0.,0.));
#7749=DIRECTION('',(0.,0.,1.));
#7750=DIRECTION('center_axis',(0.,0.,-1.));
#7751=DIRECTION('ref_axis',(1.,0.,0.));
#7752=DIRECTION('center_axis',(0.,0.,1.));
#7753=DIRECTION('ref_axis',(1.,0.,0.));
#7754=DIRECTION('center_axis',(0.,0.,1.));
#7755=DIRECTION('ref_axis',(1.,0.,0.));
#7756=DIRECTION('',(0.,0.,1.));
#7757=DIRECTION('center_axis',(0.,0.,-1.));
#7758=DIRECTION('ref_axis',(1.,0.,0.));
#7759=DIRECTION('center_axis',(0.,0.,1.));
#7760=DIRECTION('ref_axis',(1.,0.,0.));
#7761=DIRECTION('center_axis',(0.,0.,1.));
#7762=DIRECTION('ref_axis',(1.,0.,0.));
#7763=DIRECTION('',(0.,0.,1.));
#7764=DIRECTION('center_axis',(0.,0.,-1.));
#7765=DIRECTION('ref_axis',(1.,0.,0.));
#7766=DIRECTION('center_axis',(0.,0.,1.));
#7767=DIRECTION('ref_axis',(1.,0.,0.));
#7768=DIRECTION('center_axis',(0.,0.,1.));
#7769=DIRECTION('ref_axis',(1.,0.,0.));
#7770=DIRECTION('',(0.,0.,1.));
#7771=DIRECTION('center_axis',(0.,0.,-1.));
#7772=DIRECTION('ref_axis',(1.,0.,0.));
#7773=DIRECTION('center_axis',(0.,0.,1.));
#7774=DIRECTION('ref_axis',(1.,0.,0.));
#7775=DIRECTION('center_axis',(0.,0.,1.));
#7776=DIRECTION('ref_axis',(1.,0.,0.));
#7777=DIRECTION('',(0.,0.,1.));
#7778=DIRECTION('center_axis',(0.,0.,-1.));
#7779=DIRECTION('ref_axis',(1.,0.,0.));
#7780=DIRECTION('center_axis',(0.,0.,1.));
#7781=DIRECTION('ref_axis',(1.,0.,0.));
#7782=DIRECTION('center_axis',(0.,0.,1.));
#7783=DIRECTION('ref_axis',(1.,0.,0.));
#7784=DIRECTION('',(0.,0.,1.));
#7785=DIRECTION('center_axis',(0.,0.,-1.));
#7786=DIRECTION('ref_axis',(1.,0.,0.));
#7787=DIRECTION('center_axis',(0.,0.,1.));
#7788=DIRECTION('ref_axis',(1.,0.,0.));
#7789=DIRECTION('center_axis',(0.,0.,1.));
#7790=DIRECTION('ref_axis',(1.,0.,0.));
#7791=DIRECTION('',(0.,0.,1.));
#7792=DIRECTION('center_axis',(0.,0.,-1.));
#7793=DIRECTION('ref_axis',(1.,0.,0.));
#7794=DIRECTION('center_axis',(0.,0.,1.));
#7795=DIRECTION('ref_axis',(1.,0.,0.));
#7796=DIRECTION('center_axis',(0.,0.,1.));
#7797=DIRECTION('ref_axis',(1.,0.,0.));
#7798=DIRECTION('',(0.,0.,1.));
#7799=DIRECTION('center_axis',(0.,0.,-1.));
#7800=DIRECTION('ref_axis',(1.,0.,0.));
#7801=DIRECTION('center_axis',(0.,0.,1.));
#7802=DIRECTION('ref_axis',(1.,0.,0.));
#7803=DIRECTION('center_axis',(0.,0.,1.));
#7804=DIRECTION('ref_axis',(1.,0.,0.));
#7805=DIRECTION('',(0.,0.,1.));
#7806=DIRECTION('center_axis',(0.,0.,-1.));
#7807=DIRECTION('ref_axis',(1.,0.,0.));
#7808=DIRECTION('center_axis',(0.,0.,1.));
#7809=DIRECTION('ref_axis',(1.,0.,0.));
#7810=DIRECTION('center_axis',(0.,0.,1.));
#7811=DIRECTION('ref_axis',(1.,0.,0.));
#7812=DIRECTION('',(0.,0.,1.));
#7813=DIRECTION('center_axis',(0.,0.,-1.));
#7814=DIRECTION('ref_axis',(1.,0.,0.));
#7815=DIRECTION('center_axis',(0.,0.,1.));
#7816=DIRECTION('ref_axis',(1.,0.,0.));
#7817=DIRECTION('center_axis',(0.,0.,1.));
#7818=DIRECTION('ref_axis',(1.,0.,0.));
#7819=DIRECTION('',(0.,0.,1.));
#7820=DIRECTION('center_axis',(0.,0.,-1.));
#7821=DIRECTION('ref_axis',(1.,0.,0.));
#7822=DIRECTION('center_axis',(0.,0.,1.));
#7823=DIRECTION('ref_axis',(1.,0.,0.));
#7824=DIRECTION('center_axis',(0.,0.,1.));
#7825=DIRECTION('ref_axis',(1.,0.,0.));
#7826=DIRECTION('',(0.,0.,1.));
#7827=DIRECTION('center_axis',(0.,0.,-1.));
#7828=DIRECTION('ref_axis',(1.,0.,0.));
#7829=DIRECTION('center_axis',(0.,0.,1.));
#7830=DIRECTION('ref_axis',(1.,0.,0.));
#7831=DIRECTION('center_axis',(0.,0.,1.));
#7832=DIRECTION('ref_axis',(1.,0.,0.));
#7833=DIRECTION('',(0.,0.,1.));
#7834=DIRECTION('center_axis',(0.,0.,-1.));
#7835=DIRECTION('ref_axis',(1.,0.,0.));
#7836=DIRECTION('center_axis',(0.,0.,1.));
#7837=DIRECTION('ref_axis',(1.,0.,0.));
#7838=DIRECTION('center_axis',(0.,0.,1.));
#7839=DIRECTION('ref_axis',(1.,0.,0.));
#7840=DIRECTION('',(0.,0.,1.));
#7841=DIRECTION('center_axis',(0.,0.,-1.));
#7842=DIRECTION('ref_axis',(1.,0.,0.));
#7843=DIRECTION('center_axis',(0.,0.,1.));
#7844=DIRECTION('ref_axis',(1.,0.,0.));
#7845=DIRECTION('center_axis',(0.,0.,1.));
#7846=DIRECTION('ref_axis',(1.,0.,0.));
#7847=DIRECTION('',(0.,0.,1.));
#7848=DIRECTION('center_axis',(0.,0.,-1.));
#7849=DIRECTION('ref_axis',(1.,0.,0.));
#7850=DIRECTION('center_axis',(0.,0.,1.));
#7851=DIRECTION('ref_axis',(1.,0.,0.));
#7852=DIRECTION('center_axis',(0.,0.,1.));
#7853=DIRECTION('ref_axis',(1.,0.,0.));
#7854=DIRECTION('',(0.,0.,1.));
#7855=DIRECTION('center_axis',(0.,0.,-1.));
#7856=DIRECTION('ref_axis',(1.,0.,0.));
#7857=DIRECTION('center_axis',(0.,0.,1.));
#7858=DIRECTION('ref_axis',(1.,0.,0.));
#7859=DIRECTION('center_axis',(0.,0.,1.));
#7860=DIRECTION('ref_axis',(1.,0.,0.));
#7861=DIRECTION('',(0.,0.,1.));
#7862=DIRECTION('center_axis',(0.,0.,-1.));
#7863=DIRECTION('ref_axis',(1.,0.,0.));
#7864=DIRECTION('center_axis',(0.,0.,1.));
#7865=DIRECTION('ref_axis',(1.,0.,0.));
#7866=DIRECTION('center_axis',(0.,0.,1.));
#7867=DIRECTION('ref_axis',(1.,0.,0.));
#7868=DIRECTION('',(0.,0.,1.));
#7869=DIRECTION('center_axis',(0.,0.,-1.));
#7870=DIRECTION('ref_axis',(1.,0.,0.));
#7871=DIRECTION('center_axis',(0.,0.,1.));
#7872=DIRECTION('ref_axis',(1.,0.,0.));
#7873=DIRECTION('center_axis',(0.,0.,1.));
#7874=DIRECTION('ref_axis',(1.,0.,0.));
#7875=DIRECTION('',(0.,0.,1.));
#7876=DIRECTION('center_axis',(0.,0.,-1.));
#7877=DIRECTION('ref_axis',(1.,0.,0.));
#7878=DIRECTION('center_axis',(0.,0.,1.));
#7879=DIRECTION('ref_axis',(1.,0.,0.));
#7880=DIRECTION('center_axis',(0.,0.,1.));
#7881=DIRECTION('ref_axis',(1.,0.,0.));
#7882=DIRECTION('',(0.,0.,1.));
#7883=DIRECTION('center_axis',(0.,0.,-1.));
#7884=DIRECTION('ref_axis',(1.,0.,0.));
#7885=DIRECTION('center_axis',(0.,0.,1.));
#7886=DIRECTION('ref_axis',(1.,0.,0.));
#7887=DIRECTION('center_axis',(0.,0.,1.));
#7888=DIRECTION('ref_axis',(1.,0.,0.));
#7889=DIRECTION('',(0.,0.,1.));
#7890=DIRECTION('center_axis',(0.,0.,-1.));
#7891=DIRECTION('ref_axis',(1.,0.,0.));
#7892=DIRECTION('center_axis',(0.,0.,1.));
#7893=DIRECTION('ref_axis',(1.,0.,0.));
#7894=DIRECTION('center_axis',(0.,0.,1.));
#7895=DIRECTION('ref_axis',(1.,0.,0.));
#7896=DIRECTION('',(0.,0.,1.));
#7897=DIRECTION('center_axis',(0.,0.,-1.));
#7898=DIRECTION('ref_axis',(1.,0.,0.));
#7899=DIRECTION('center_axis',(0.,0.,1.));
#7900=DIRECTION('ref_axis',(1.,0.,0.));
#7901=DIRECTION('center_axis',(0.,0.,1.));
#7902=DIRECTION('ref_axis',(1.,0.,0.));
#7903=DIRECTION('',(0.,0.,1.));
#7904=DIRECTION('center_axis',(0.,0.,-1.));
#7905=DIRECTION('ref_axis',(1.,0.,0.));
#7906=DIRECTION('center_axis',(0.,0.,1.));
#7907=DIRECTION('ref_axis',(1.,0.,0.));
#7908=DIRECTION('center_axis',(0.,0.,1.));
#7909=DIRECTION('ref_axis',(1.,0.,0.));
#7910=DIRECTION('',(0.,0.,1.));
#7911=DIRECTION('center_axis',(0.,0.,-1.));
#7912=DIRECTION('ref_axis',(1.,0.,0.));
#7913=DIRECTION('center_axis',(0.,0.,1.));
#7914=DIRECTION('ref_axis',(1.,0.,0.));
#7915=DIRECTION('center_axis',(0.,0.,1.));
#7916=DIRECTION('ref_axis',(1.,0.,0.));
#7917=DIRECTION('',(0.,0.,1.));
#7918=DIRECTION('center_axis',(0.,0.,-1.));
#7919=DIRECTION('ref_axis',(1.,0.,0.));
#7920=DIRECTION('center_axis',(0.,0.,1.));
#7921=DIRECTION('ref_axis',(1.,0.,0.));
#7922=DIRECTION('center_axis',(0.,0.,1.));
#7923=DIRECTION('ref_axis',(1.,0.,0.));
#7924=DIRECTION('',(0.,0.,1.));
#7925=DIRECTION('center_axis',(0.,0.,-1.));
#7926=DIRECTION('ref_axis',(1.,0.,0.));
#7927=DIRECTION('center_axis',(0.,0.,1.));
#7928=DIRECTION('ref_axis',(1.,0.,0.));
#7929=DIRECTION('center_axis',(0.,0.,1.));
#7930=DIRECTION('ref_axis',(1.,0.,0.));
#7931=DIRECTION('',(0.,0.,1.));
#7932=DIRECTION('center_axis',(0.,0.,-1.));
#7933=DIRECTION('ref_axis',(1.,0.,0.));
#7934=DIRECTION('center_axis',(0.,0.,1.));
#7935=DIRECTION('ref_axis',(1.,0.,0.));
#7936=DIRECTION('center_axis',(0.,0.,1.));
#7937=DIRECTION('ref_axis',(1.,0.,0.));
#7938=DIRECTION('',(0.,0.,1.));
#7939=DIRECTION('center_axis',(0.,0.,-1.));
#7940=DIRECTION('ref_axis',(1.,0.,0.));
#7941=DIRECTION('center_axis',(0.,0.,1.));
#7942=DIRECTION('ref_axis',(1.,0.,0.));
#7943=DIRECTION('center_axis',(0.,0.,1.));
#7944=DIRECTION('ref_axis',(1.,0.,0.));
#7945=DIRECTION('',(0.,0.,1.));
#7946=DIRECTION('center_axis',(0.,0.,-1.));
#7947=DIRECTION('ref_axis',(1.,0.,0.));
#7948=DIRECTION('center_axis',(0.,0.,1.));
#7949=DIRECTION('ref_axis',(1.,0.,0.));
#7950=DIRECTION('center_axis',(0.,0.,1.));
#7951=DIRECTION('ref_axis',(1.,0.,0.));
#7952=DIRECTION('',(0.,0.,1.));
#7953=DIRECTION('center_axis',(0.,0.,-1.));
#7954=DIRECTION('ref_axis',(1.,0.,0.));
#7955=DIRECTION('center_axis',(0.,0.,1.));
#7956=DIRECTION('ref_axis',(1.,0.,0.));
#7957=DIRECTION('center_axis',(0.,0.,1.));
#7958=DIRECTION('ref_axis',(1.,0.,0.));
#7959=DIRECTION('',(0.,0.,1.));
#7960=DIRECTION('center_axis',(0.,0.,-1.));
#7961=DIRECTION('ref_axis',(1.,0.,0.));
#7962=DIRECTION('center_axis',(0.,0.,1.));
#7963=DIRECTION('ref_axis',(1.,0.,0.));
#7964=DIRECTION('center_axis',(0.,0.,1.));
#7965=DIRECTION('ref_axis',(1.,0.,0.));
#7966=DIRECTION('',(0.,0.,1.));
#7967=DIRECTION('center_axis',(0.,0.,-1.));
#7968=DIRECTION('ref_axis',(1.,0.,0.));
#7969=DIRECTION('center_axis',(0.,0.,1.));
#7970=DIRECTION('ref_axis',(1.,0.,0.));
#7971=DIRECTION('center_axis',(0.,0.,1.));
#7972=DIRECTION('ref_axis',(1.,0.,0.));
#7973=DIRECTION('',(0.,0.,1.));
#7974=DIRECTION('center_axis',(0.,0.,-1.));
#7975=DIRECTION('ref_axis',(1.,0.,0.));
#7976=DIRECTION('center_axis',(0.,0.,1.));
#7977=DIRECTION('ref_axis',(1.,0.,0.));
#7978=DIRECTION('center_axis',(0.,0.,1.));
#7979=DIRECTION('ref_axis',(1.,0.,0.));
#7980=DIRECTION('',(0.,0.,1.));
#7981=DIRECTION('center_axis',(0.,0.,-1.));
#7982=DIRECTION('ref_axis',(1.,0.,0.));
#7983=DIRECTION('center_axis',(0.,0.,1.));
#7984=DIRECTION('ref_axis',(1.,0.,0.));
#7985=DIRECTION('center_axis',(0.,0.,1.));
#7986=DIRECTION('ref_axis',(1.,0.,0.));
#7987=DIRECTION('',(0.,0.,1.));
#7988=DIRECTION('center_axis',(0.,0.,-1.));
#7989=DIRECTION('ref_axis',(1.,0.,0.));
#7990=DIRECTION('center_axis',(0.,0.,1.));
#7991=DIRECTION('ref_axis',(1.,0.,0.));
#7992=DIRECTION('center_axis',(0.,0.,1.));
#7993=DIRECTION('ref_axis',(1.,0.,0.));
#7994=DIRECTION('',(0.,0.,1.));
#7995=DIRECTION('center_axis',(0.,0.,-1.));
#7996=DIRECTION('ref_axis',(1.,0.,0.));
#7997=DIRECTION('center_axis',(0.,0.,1.));
#7998=DIRECTION('ref_axis',(1.,0.,0.));
#7999=DIRECTION('center_axis',(0.,0.,1.));
#8000=DIRECTION('ref_axis',(1.,0.,0.));
#8001=DIRECTION('',(0.,0.,1.));
#8002=DIRECTION('center_axis',(0.,0.,-1.));
#8003=DIRECTION('ref_axis',(1.,0.,0.));
#8004=DIRECTION('center_axis',(0.,0.,1.));
#8005=DIRECTION('ref_axis',(1.,0.,0.));
#8006=DIRECTION('center_axis',(0.,0.,1.));
#8007=DIRECTION('ref_axis',(1.,0.,0.));
#8008=DIRECTION('',(0.,0.,1.));
#8009=DIRECTION('center_axis',(0.,0.,-1.));
#8010=DIRECTION('ref_axis',(1.,0.,0.));
#8011=DIRECTION('center_axis',(0.,0.,1.));
#8012=DIRECTION('ref_axis',(1.,0.,0.));
#8013=DIRECTION('center_axis',(0.,0.,1.));
#8014=DIRECTION('ref_axis',(1.,0.,0.));
#8015=DIRECTION('',(0.,0.,1.));
#8016=DIRECTION('center_axis',(0.,0.,-1.));
#8017=DIRECTION('ref_axis',(1.,0.,0.));
#8018=DIRECTION('center_axis',(0.,0.,1.));
#8019=DIRECTION('ref_axis',(1.,0.,0.));
#8020=DIRECTION('center_axis',(0.,0.,1.));
#8021=DIRECTION('ref_axis',(1.,0.,0.));
#8022=DIRECTION('',(0.,0.,1.));
#8023=DIRECTION('center_axis',(0.,0.,-1.));
#8024=DIRECTION('ref_axis',(1.,0.,0.));
#8025=DIRECTION('center_axis',(0.,0.,1.));
#8026=DIRECTION('ref_axis',(1.,0.,0.));
#8027=DIRECTION('center_axis',(0.,0.,1.));
#8028=DIRECTION('ref_axis',(1.,0.,0.));
#8029=DIRECTION('',(0.,0.,1.));
#8030=DIRECTION('center_axis',(0.,0.,-1.));
#8031=DIRECTION('ref_axis',(1.,0.,0.));
#8032=DIRECTION('center_axis',(0.,0.,1.));
#8033=DIRECTION('ref_axis',(1.,0.,0.));
#8034=DIRECTION('center_axis',(0.,0.,1.));
#8035=DIRECTION('ref_axis',(1.,0.,0.));
#8036=DIRECTION('',(0.,0.,1.));
#8037=DIRECTION('center_axis',(0.,0.,-1.));
#8038=DIRECTION('ref_axis',(1.,0.,0.));
#8039=DIRECTION('center_axis',(0.,0.,1.));
#8040=DIRECTION('ref_axis',(1.,0.,0.));
#8041=DIRECTION('center_axis',(0.,0.,1.));
#8042=DIRECTION('ref_axis',(1.,0.,0.));
#8043=DIRECTION('',(0.,0.,1.));
#8044=DIRECTION('center_axis',(0.,0.,-1.));
#8045=DIRECTION('ref_axis',(1.,0.,0.));
#8046=DIRECTION('center_axis',(0.,0.,1.));
#8047=DIRECTION('ref_axis',(1.,0.,0.));
#8048=DIRECTION('center_axis',(0.,0.,1.));
#8049=DIRECTION('ref_axis',(1.,0.,0.));
#8050=DIRECTION('',(0.,0.,1.));
#8051=DIRECTION('center_axis',(0.,0.,-1.));
#8052=DIRECTION('ref_axis',(1.,0.,0.));
#8053=DIRECTION('center_axis',(0.,0.,1.));
#8054=DIRECTION('ref_axis',(1.,0.,0.));
#8055=DIRECTION('center_axis',(0.,0.,1.));
#8056=DIRECTION('ref_axis',(1.,0.,0.));
#8057=DIRECTION('',(0.,0.,1.));
#8058=DIRECTION('center_axis',(0.,0.,-1.));
#8059=DIRECTION('ref_axis',(1.,0.,0.));
#8060=DIRECTION('center_axis',(0.,0.,1.));
#8061=DIRECTION('ref_axis',(1.,0.,0.));
#8062=DIRECTION('center_axis',(0.,0.,1.));
#8063=DIRECTION('ref_axis',(1.,0.,0.));
#8064=DIRECTION('',(0.,0.,1.));
#8065=DIRECTION('center_axis',(0.,0.,-1.));
#8066=DIRECTION('ref_axis',(1.,0.,0.));
#8067=DIRECTION('center_axis',(0.,0.,1.));
#8068=DIRECTION('ref_axis',(1.,0.,0.));
#8069=DIRECTION('center_axis',(0.,0.,1.));
#8070=DIRECTION('ref_axis',(1.,0.,0.));
#8071=DIRECTION('',(0.,0.,1.));
#8072=DIRECTION('center_axis',(0.,0.,-1.));
#8073=DIRECTION('ref_axis',(1.,0.,0.));
#8074=DIRECTION('center_axis',(0.,0.,1.));
#8075=DIRECTION('ref_axis',(1.,0.,0.));
#8076=DIRECTION('center_axis',(0.,0.,1.));
#8077=DIRECTION('ref_axis',(1.,0.,0.));
#8078=DIRECTION('',(0.,0.,1.));
#8079=DIRECTION('center_axis',(0.,0.,-1.));
#8080=DIRECTION('ref_axis',(1.,0.,0.));
#8081=DIRECTION('center_axis',(0.,0.,1.));
#8082=DIRECTION('ref_axis',(1.,0.,0.));
#8083=DIRECTION('center_axis',(0.,0.,1.));
#8084=DIRECTION('ref_axis',(1.,0.,0.));
#8085=DIRECTION('',(0.,0.,1.));
#8086=DIRECTION('center_axis',(0.,0.,-1.));
#8087=DIRECTION('ref_axis',(1.,0.,0.));
#8088=DIRECTION('center_axis',(0.,0.,1.));
#8089=DIRECTION('ref_axis',(1.,0.,0.));
#8090=DIRECTION('center_axis',(0.,0.,1.));
#8091=DIRECTION('ref_axis',(1.,0.,0.));
#8092=DIRECTION('',(0.,0.,1.));
#8093=DIRECTION('center_axis',(0.,0.,-1.));
#8094=DIRECTION('ref_axis',(1.,0.,0.));
#8095=DIRECTION('center_axis',(0.,0.,1.));
#8096=DIRECTION('ref_axis',(1.,0.,0.));
#8097=DIRECTION('center_axis',(0.,0.,1.));
#8098=DIRECTION('ref_axis',(1.,0.,0.));
#8099=DIRECTION('',(0.,0.,1.));
#8100=DIRECTION('center_axis',(0.,0.,-1.));
#8101=DIRECTION('ref_axis',(1.,0.,0.));
#8102=DIRECTION('center_axis',(0.,0.,1.));
#8103=DIRECTION('ref_axis',(1.,0.,0.));
#8104=DIRECTION('center_axis',(0.,0.,1.));
#8105=DIRECTION('ref_axis',(1.,0.,0.));
#8106=DIRECTION('',(0.,0.,1.));
#8107=DIRECTION('center_axis',(0.,0.,-1.));
#8108=DIRECTION('ref_axis',(1.,0.,0.));
#8109=DIRECTION('center_axis',(0.,0.,1.));
#8110=DIRECTION('ref_axis',(1.,0.,0.));
#8111=DIRECTION('center_axis',(0.,0.,1.));
#8112=DIRECTION('ref_axis',(1.,0.,0.));
#8113=DIRECTION('',(0.,0.,1.));
#8114=DIRECTION('center_axis',(0.,0.,-1.));
#8115=DIRECTION('ref_axis',(1.,0.,0.));
#8116=DIRECTION('center_axis',(0.,0.,1.));
#8117=DIRECTION('ref_axis',(1.,0.,0.));
#8118=DIRECTION('center_axis',(0.,0.,1.));
#8119=DIRECTION('ref_axis',(1.,0.,0.));
#8120=DIRECTION('',(0.,0.,1.));
#8121=DIRECTION('center_axis',(0.,0.,-1.));
#8122=DIRECTION('ref_axis',(1.,0.,0.));
#8123=DIRECTION('center_axis',(0.,0.,1.));
#8124=DIRECTION('ref_axis',(1.,0.,0.));
#8125=DIRECTION('center_axis',(0.,0.,1.));
#8126=DIRECTION('ref_axis',(1.,0.,0.));
#8127=DIRECTION('',(0.,0.,1.));
#8128=DIRECTION('center_axis',(0.,0.,-1.));
#8129=DIRECTION('ref_axis',(1.,0.,0.));
#8130=DIRECTION('center_axis',(0.,0.,1.));
#8131=DIRECTION('ref_axis',(1.,0.,0.));
#8132=DIRECTION('center_axis',(0.,0.,1.));
#8133=DIRECTION('ref_axis',(1.,0.,0.));
#8134=DIRECTION('',(0.,0.,1.));
#8135=DIRECTION('center_axis',(0.,0.,-1.));
#8136=DIRECTION('ref_axis',(1.,0.,0.));
#8137=DIRECTION('center_axis',(0.,0.,1.));
#8138=DIRECTION('ref_axis',(1.,0.,0.));
#8139=DIRECTION('center_axis',(0.,0.,1.));
#8140=DIRECTION('ref_axis',(1.,0.,0.));
#8141=DIRECTION('',(0.,0.,1.));
#8142=DIRECTION('center_axis',(0.,0.,-1.));
#8143=DIRECTION('ref_axis',(1.,0.,0.));
#8144=DIRECTION('center_axis',(0.,0.,1.));
#8145=DIRECTION('ref_axis',(1.,0.,0.));
#8146=DIRECTION('center_axis',(0.,0.,1.));
#8147=DIRECTION('ref_axis',(1.,0.,0.));
#8148=DIRECTION('',(0.,0.,1.));
#8149=DIRECTION('center_axis',(0.,0.,-1.));
#8150=DIRECTION('ref_axis',(1.,0.,0.));
#8151=DIRECTION('center_axis',(0.,0.,1.));
#8152=DIRECTION('ref_axis',(1.,0.,0.));
#8153=DIRECTION('center_axis',(0.,0.,1.));
#8154=DIRECTION('ref_axis',(1.,0.,0.));
#8155=DIRECTION('',(0.,0.,1.));
#8156=DIRECTION('center_axis',(0.,0.,-1.));
#8157=DIRECTION('ref_axis',(1.,0.,0.));
#8158=DIRECTION('center_axis',(0.,0.,1.));
#8159=DIRECTION('ref_axis',(1.,0.,0.));
#8160=DIRECTION('center_axis',(0.,0.,1.));
#8161=DIRECTION('ref_axis',(1.,0.,0.));
#8162=DIRECTION('',(0.,0.,1.));
#8163=DIRECTION('center_axis',(0.,0.,-1.));
#8164=DIRECTION('ref_axis',(1.,0.,0.));
#8165=DIRECTION('center_axis',(0.,0.,1.));
#8166=DIRECTION('ref_axis',(1.,0.,0.));
#8167=DIRECTION('center_axis',(0.,0.,1.));
#8168=DIRECTION('ref_axis',(1.,0.,0.));
#8169=DIRECTION('',(0.,0.,1.));
#8170=DIRECTION('center_axis',(0.,0.,-1.));
#8171=DIRECTION('ref_axis',(1.,0.,0.));
#8172=DIRECTION('center_axis',(0.,0.,1.));
#8173=DIRECTION('ref_axis',(1.,0.,0.));
#8174=DIRECTION('center_axis',(0.,0.,1.));
#8175=DIRECTION('ref_axis',(1.,0.,0.));
#8176=DIRECTION('',(0.,0.,1.));
#8177=DIRECTION('center_axis',(0.,0.,-1.));
#8178=DIRECTION('ref_axis',(1.,0.,0.));
#8179=DIRECTION('center_axis',(0.,0.,1.));
#8180=DIRECTION('ref_axis',(1.,0.,0.));
#8181=DIRECTION('center_axis',(0.,0.,1.));
#8182=DIRECTION('ref_axis',(1.,0.,0.));
#8183=DIRECTION('',(0.,0.,1.));
#8184=DIRECTION('center_axis',(0.,0.,-1.));
#8185=DIRECTION('ref_axis',(1.,0.,0.));
#8186=DIRECTION('center_axis',(0.,0.,1.));
#8187=DIRECTION('ref_axis',(1.,0.,0.));
#8188=DIRECTION('center_axis',(0.,0.,1.));
#8189=DIRECTION('ref_axis',(1.,0.,0.));
#8190=DIRECTION('',(0.,0.,1.));
#8191=DIRECTION('center_axis',(0.,0.,-1.));
#8192=DIRECTION('ref_axis',(1.,0.,0.));
#8193=DIRECTION('center_axis',(0.,0.,1.));
#8194=DIRECTION('ref_axis',(1.,0.,0.));
#8195=DIRECTION('center_axis',(0.,0.,1.));
#8196=DIRECTION('ref_axis',(1.,0.,0.));
#8197=DIRECTION('',(0.,0.,1.));
#8198=DIRECTION('center_axis',(0.,0.,-1.));
#8199=DIRECTION('ref_axis',(1.,0.,0.));
#8200=DIRECTION('center_axis',(0.,0.,1.));
#8201=DIRECTION('ref_axis',(1.,0.,0.));
#8202=DIRECTION('center_axis',(0.,0.,1.));
#8203=DIRECTION('ref_axis',(1.,0.,0.));
#8204=DIRECTION('',(0.,0.,1.));
#8205=DIRECTION('center_axis',(0.,0.,-1.));
#8206=DIRECTION('ref_axis',(1.,0.,0.));
#8207=DIRECTION('center_axis',(0.,0.,1.));
#8208=DIRECTION('ref_axis',(1.,0.,0.));
#8209=DIRECTION('center_axis',(0.,0.,1.));
#8210=DIRECTION('ref_axis',(1.,0.,0.));
#8211=DIRECTION('',(0.,0.,1.));
#8212=DIRECTION('center_axis',(0.,0.,-1.));
#8213=DIRECTION('ref_axis',(1.,0.,0.));
#8214=DIRECTION('center_axis',(0.,0.,1.));
#8215=DIRECTION('ref_axis',(1.,0.,0.));
#8216=DIRECTION('center_axis',(0.,0.,1.));
#8217=DIRECTION('ref_axis',(1.,0.,0.));
#8218=DIRECTION('',(0.,0.,1.));
#8219=DIRECTION('center_axis',(0.,0.,-1.));
#8220=DIRECTION('ref_axis',(1.,0.,0.));
#8221=DIRECTION('center_axis',(0.,0.,1.));
#8222=DIRECTION('ref_axis',(1.,0.,0.));
#8223=DIRECTION('center_axis',(0.,0.,1.));
#8224=DIRECTION('ref_axis',(1.,0.,0.));
#8225=DIRECTION('',(0.,0.,1.));
#8226=DIRECTION('center_axis',(0.,0.,-1.));
#8227=DIRECTION('ref_axis',(1.,0.,0.));
#8228=DIRECTION('center_axis',(0.,0.,1.));
#8229=DIRECTION('ref_axis',(1.,0.,0.));
#8230=DIRECTION('center_axis',(0.,0.,1.));
#8231=DIRECTION('ref_axis',(1.,0.,0.));
#8232=DIRECTION('',(0.,0.,1.));
#8233=DIRECTION('center_axis',(0.,0.,-1.));
#8234=DIRECTION('ref_axis',(1.,0.,0.));
#8235=DIRECTION('center_axis',(0.,0.,1.));
#8236=DIRECTION('ref_axis',(1.,0.,0.));
#8237=DIRECTION('center_axis',(0.,0.,1.));
#8238=DIRECTION('ref_axis',(1.,0.,0.));
#8239=DIRECTION('',(0.,0.,1.));
#8240=DIRECTION('center_axis',(0.,0.,-1.));
#8241=DIRECTION('ref_axis',(1.,0.,0.));
#8242=DIRECTION('center_axis',(0.,0.,1.));
#8243=DIRECTION('ref_axis',(1.,0.,0.));
#8244=DIRECTION('center_axis',(0.,0.,1.));
#8245=DIRECTION('ref_axis',(1.,0.,0.));
#8246=DIRECTION('',(0.,0.,1.));
#8247=DIRECTION('center_axis',(0.,0.,-1.));
#8248=DIRECTION('ref_axis',(1.,0.,0.));
#8249=DIRECTION('center_axis',(0.,0.,1.));
#8250=DIRECTION('ref_axis',(1.,0.,0.));
#8251=DIRECTION('center_axis',(0.,0.,1.));
#8252=DIRECTION('ref_axis',(1.,0.,0.));
#8253=DIRECTION('',(0.,0.,1.));
#8254=DIRECTION('center_axis',(0.,0.,-1.));
#8255=DIRECTION('ref_axis',(1.,0.,0.));
#8256=DIRECTION('center_axis',(0.,0.,1.));
#8257=DIRECTION('ref_axis',(1.,0.,0.));
#8258=DIRECTION('center_axis',(0.,0.,1.));
#8259=DIRECTION('ref_axis',(1.,0.,0.));
#8260=DIRECTION('',(0.,0.,1.));
#8261=DIRECTION('center_axis',(0.,0.,-1.));
#8262=DIRECTION('ref_axis',(1.,0.,0.));
#8263=DIRECTION('center_axis',(0.,0.,1.));
#8264=DIRECTION('ref_axis',(1.,0.,0.));
#8265=DIRECTION('center_axis',(0.,0.,1.));
#8266=DIRECTION('ref_axis',(1.,0.,0.));
#8267=DIRECTION('',(0.,0.,1.));
#8268=DIRECTION('center_axis',(0.,0.,-1.));
#8269=DIRECTION('ref_axis',(1.,0.,0.));
#8270=DIRECTION('center_axis',(0.,0.,1.));
#8271=DIRECTION('ref_axis',(1.,0.,0.));
#8272=DIRECTION('center_axis',(0.,0.,1.));
#8273=DIRECTION('ref_axis',(1.,0.,0.));
#8274=DIRECTION('',(0.,0.,1.));
#8275=DIRECTION('center_axis',(0.,0.,-1.));
#8276=DIRECTION('ref_axis',(1.,0.,0.));
#8277=DIRECTION('center_axis',(0.,0.,1.));
#8278=DIRECTION('ref_axis',(1.,0.,0.));
#8279=DIRECTION('center_axis',(0.,0.,1.));
#8280=DIRECTION('ref_axis',(1.,0.,0.));
#8281=DIRECTION('',(0.,0.,1.));
#8282=DIRECTION('center_axis',(0.,0.,-1.));
#8283=DIRECTION('ref_axis',(1.,0.,0.));
#8284=DIRECTION('center_axis',(0.,0.,1.));
#8285=DIRECTION('ref_axis',(1.,0.,0.));
#8286=DIRECTION('center_axis',(0.,0.,1.));
#8287=DIRECTION('ref_axis',(1.,0.,0.));
#8288=DIRECTION('',(0.,0.,1.));
#8289=DIRECTION('center_axis',(0.,0.,-1.));
#8290=DIRECTION('ref_axis',(1.,0.,0.));
#8291=DIRECTION('center_axis',(0.,0.,1.));
#8292=DIRECTION('ref_axis',(1.,0.,0.));
#8293=DIRECTION('center_axis',(0.,0.,1.));
#8294=DIRECTION('ref_axis',(1.,0.,0.));
#8295=DIRECTION('',(0.,0.,1.));
#8296=DIRECTION('center_axis',(0.,0.,-1.));
#8297=DIRECTION('ref_axis',(1.,0.,0.));
#8298=DIRECTION('center_axis',(0.,0.,1.));
#8299=DIRECTION('ref_axis',(1.,0.,0.));
#8300=DIRECTION('center_axis',(0.,0.,1.));
#8301=DIRECTION('ref_axis',(1.,0.,0.));
#8302=DIRECTION('',(0.,0.,1.));
#8303=DIRECTION('center_axis',(0.,0.,-1.));
#8304=DIRECTION('ref_axis',(1.,0.,0.));
#8305=DIRECTION('center_axis',(0.,0.,1.));
#8306=DIRECTION('ref_axis',(1.,0.,0.));
#8307=DIRECTION('center_axis',(0.,0.,1.));
#8308=DIRECTION('ref_axis',(1.,0.,0.));
#8309=DIRECTION('',(0.,0.,1.));
#8310=DIRECTION('center_axis',(0.,0.,-1.));
#8311=DIRECTION('ref_axis',(1.,0.,0.));
#8312=DIRECTION('center_axis',(0.,0.,1.));
#8313=DIRECTION('ref_axis',(1.,0.,0.));
#8314=DIRECTION('center_axis',(0.,0.,1.));
#8315=DIRECTION('ref_axis',(1.,0.,0.));
#8316=DIRECTION('',(0.,0.,1.));
#8317=DIRECTION('center_axis',(0.,0.,-1.));
#8318=DIRECTION('ref_axis',(1.,0.,0.));
#8319=DIRECTION('center_axis',(0.,0.,1.));
#8320=DIRECTION('ref_axis',(1.,0.,0.));
#8321=DIRECTION('center_axis',(0.,0.,1.));
#8322=DIRECTION('ref_axis',(1.,0.,0.));
#8323=DIRECTION('',(0.,0.,1.));
#8324=DIRECTION('center_axis',(0.,0.,-1.));
#8325=DIRECTION('ref_axis',(1.,0.,0.));
#8326=DIRECTION('center_axis',(0.,0.,1.));
#8327=DIRECTION('ref_axis',(1.,0.,0.));
#8328=DIRECTION('center_axis',(0.,0.,1.));
#8329=DIRECTION('ref_axis',(1.,0.,0.));
#8330=DIRECTION('',(0.,0.,1.));
#8331=DIRECTION('center_axis',(0.,0.,-1.));
#8332=DIRECTION('ref_axis',(1.,0.,0.));
#8333=DIRECTION('center_axis',(0.,0.,1.));
#8334=DIRECTION('ref_axis',(1.,0.,0.));
#8335=DIRECTION('center_axis',(0.,0.,1.));
#8336=DIRECTION('ref_axis',(1.,0.,0.));
#8337=DIRECTION('',(0.,0.,1.));
#8338=DIRECTION('center_axis',(0.,0.,-1.));
#8339=DIRECTION('ref_axis',(1.,0.,0.));
#8340=DIRECTION('center_axis',(0.,0.,1.));
#8341=DIRECTION('ref_axis',(1.,0.,0.));
#8342=DIRECTION('center_axis',(0.,0.,1.));
#8343=DIRECTION('ref_axis',(1.,0.,0.));
#8344=DIRECTION('',(0.,0.,1.));
#8345=DIRECTION('center_axis',(0.,0.,-1.));
#8346=DIRECTION('ref_axis',(1.,0.,0.));
#8347=DIRECTION('center_axis',(0.,0.,1.));
#8348=DIRECTION('ref_axis',(1.,0.,0.));
#8349=DIRECTION('center_axis',(0.,0.,1.));
#8350=DIRECTION('ref_axis',(1.,0.,0.));
#8351=DIRECTION('',(0.,0.,1.));
#8352=DIRECTION('center_axis',(0.,0.,-1.));
#8353=DIRECTION('ref_axis',(1.,0.,0.));
#8354=DIRECTION('center_axis',(0.,0.,1.));
#8355=DIRECTION('ref_axis',(1.,0.,0.));
#8356=DIRECTION('center_axis',(0.,0.,1.));
#8357=DIRECTION('ref_axis',(1.,0.,0.));
#8358=DIRECTION('',(0.,0.,1.));
#8359=DIRECTION('center_axis',(0.,0.,-1.));
#8360=DIRECTION('ref_axis',(1.,0.,0.));
#8361=DIRECTION('center_axis',(0.,0.,1.));
#8362=DIRECTION('ref_axis',(1.,0.,0.));
#8363=DIRECTION('center_axis',(0.,0.,1.));
#8364=DIRECTION('ref_axis',(1.,0.,0.));
#8365=DIRECTION('',(0.,0.,1.));
#8366=DIRECTION('center_axis',(0.,0.,-1.));
#8367=DIRECTION('ref_axis',(1.,0.,0.));
#8368=DIRECTION('center_axis',(0.,0.,1.));
#8369=DIRECTION('ref_axis',(1.,0.,0.));
#8370=DIRECTION('center_axis',(0.,0.,1.));
#8371=DIRECTION('ref_axis',(1.,0.,0.));
#8372=DIRECTION('',(0.,0.,1.));
#8373=DIRECTION('center_axis',(0.,0.,-1.));
#8374=DIRECTION('ref_axis',(1.,0.,0.));
#8375=DIRECTION('center_axis',(0.,0.,1.));
#8376=DIRECTION('ref_axis',(1.,0.,0.));
#8377=DIRECTION('center_axis',(0.,0.,1.));
#8378=DIRECTION('ref_axis',(1.,0.,0.));
#8379=DIRECTION('',(0.,0.,1.));
#8380=DIRECTION('center_axis',(0.,0.,-1.));
#8381=DIRECTION('ref_axis',(1.,0.,0.));
#8382=DIRECTION('center_axis',(0.,0.,1.));
#8383=DIRECTION('ref_axis',(1.,0.,0.));
#8384=DIRECTION('center_axis',(0.,0.,1.));
#8385=DIRECTION('ref_axis',(1.,0.,0.));
#8386=DIRECTION('',(0.,0.,1.));
#8387=DIRECTION('center_axis',(0.,0.,-1.));
#8388=DIRECTION('ref_axis',(1.,0.,0.));
#8389=DIRECTION('center_axis',(0.,0.,1.));
#8390=DIRECTION('ref_axis',(1.,0.,0.));
#8391=DIRECTION('center_axis',(0.,0.,1.));
#8392=DIRECTION('ref_axis',(1.,0.,0.));
#8393=DIRECTION('',(0.,0.,1.));
#8394=DIRECTION('center_axis',(0.,0.,-1.));
#8395=DIRECTION('ref_axis',(1.,0.,0.));
#8396=DIRECTION('center_axis',(0.,0.,1.));
#8397=DIRECTION('ref_axis',(1.,0.,0.));
#8398=DIRECTION('center_axis',(0.,0.,1.));
#8399=DIRECTION('ref_axis',(1.,0.,0.));
#8400=DIRECTION('',(0.,0.,1.));
#8401=DIRECTION('center_axis',(0.,0.,-1.));
#8402=DIRECTION('ref_axis',(1.,0.,0.));
#8403=DIRECTION('center_axis',(0.,0.,1.));
#8404=DIRECTION('ref_axis',(1.,0.,0.));
#8405=DIRECTION('center_axis',(0.,0.,1.));
#8406=DIRECTION('ref_axis',(1.,0.,0.));
#8407=DIRECTION('',(0.,0.,1.));
#8408=DIRECTION('center_axis',(0.,0.,-1.));
#8409=DIRECTION('ref_axis',(1.,0.,0.));
#8410=DIRECTION('center_axis',(0.,0.,1.));
#8411=DIRECTION('ref_axis',(1.,0.,0.));
#8412=DIRECTION('center_axis',(0.,0.,1.));
#8413=DIRECTION('ref_axis',(1.,0.,0.));
#8414=DIRECTION('',(0.,0.,1.));
#8415=DIRECTION('center_axis',(0.,0.,-1.));
#8416=DIRECTION('ref_axis',(1.,0.,0.));
#8417=DIRECTION('center_axis',(0.,0.,1.));
#8418=DIRECTION('ref_axis',(1.,0.,0.));
#8419=DIRECTION('center_axis',(0.,0.,1.));
#8420=DIRECTION('ref_axis',(1.,0.,0.));
#8421=DIRECTION('',(0.,0.,1.));
#8422=DIRECTION('center_axis',(0.,0.,-1.));
#8423=DIRECTION('ref_axis',(1.,0.,0.));
#8424=DIRECTION('center_axis',(0.,0.,1.));
#8425=DIRECTION('ref_axis',(1.,0.,0.));
#8426=DIRECTION('center_axis',(0.,0.,1.));
#8427=DIRECTION('ref_axis',(1.,0.,0.));
#8428=DIRECTION('',(0.,0.,1.));
#8429=DIRECTION('center_axis',(0.,0.,-1.));
#8430=DIRECTION('ref_axis',(1.,0.,0.));
#8431=DIRECTION('center_axis',(0.,0.,1.));
#8432=DIRECTION('ref_axis',(1.,0.,0.));
#8433=DIRECTION('center_axis',(0.,0.,1.));
#8434=DIRECTION('ref_axis',(1.,0.,0.));
#8435=DIRECTION('',(0.,0.,1.));
#8436=DIRECTION('center_axis',(0.,0.,-1.));
#8437=DIRECTION('ref_axis',(1.,0.,0.));
#8438=DIRECTION('center_axis',(0.,0.,1.));
#8439=DIRECTION('ref_axis',(1.,0.,0.));
#8440=DIRECTION('center_axis',(0.,0.,1.));
#8441=DIRECTION('ref_axis',(1.,0.,0.));
#8442=DIRECTION('',(0.,0.,1.));
#8443=DIRECTION('center_axis',(0.,0.,-1.));
#8444=DIRECTION('ref_axis',(1.,0.,0.));
#8445=DIRECTION('center_axis',(0.,0.,1.));
#8446=DIRECTION('ref_axis',(1.,0.,0.));
#8447=DIRECTION('center_axis',(0.,0.,1.));
#8448=DIRECTION('ref_axis',(1.,0.,0.));
#8449=DIRECTION('',(0.,0.,1.));
#8450=DIRECTION('center_axis',(0.,0.,-1.));
#8451=DIRECTION('ref_axis',(1.,0.,0.));
#8452=DIRECTION('center_axis',(0.,0.,1.));
#8453=DIRECTION('ref_axis',(1.,0.,0.));
#8454=DIRECTION('center_axis',(0.,0.,1.));
#8455=DIRECTION('ref_axis',(1.,0.,0.));
#8456=DIRECTION('',(0.,0.,1.));
#8457=DIRECTION('center_axis',(0.,0.,-1.));
#8458=DIRECTION('ref_axis',(1.,0.,0.));
#8459=DIRECTION('center_axis',(0.,0.,1.));
#8460=DIRECTION('ref_axis',(1.,0.,0.));
#8461=DIRECTION('center_axis',(0.,0.,1.));
#8462=DIRECTION('ref_axis',(1.,0.,0.));
#8463=DIRECTION('',(0.,0.,1.));
#8464=DIRECTION('center_axis',(0.,0.,-1.));
#8465=DIRECTION('ref_axis',(1.,0.,0.));
#8466=DIRECTION('center_axis',(0.,0.,1.));
#8467=DIRECTION('ref_axis',(1.,0.,0.));
#8468=DIRECTION('center_axis',(0.,0.,1.));
#8469=DIRECTION('ref_axis',(1.,0.,0.));
#8470=DIRECTION('',(0.,0.,1.));
#8471=DIRECTION('center_axis',(0.,0.,-1.));
#8472=DIRECTION('ref_axis',(1.,0.,0.));
#8473=DIRECTION('center_axis',(0.,0.,1.));
#8474=DIRECTION('ref_axis',(1.,0.,0.));
#8475=DIRECTION('center_axis',(0.,0.,1.));
#8476=DIRECTION('ref_axis',(1.,0.,0.));
#8477=DIRECTION('',(0.,0.,1.));
#8478=DIRECTION('center_axis',(0.,0.,-1.));
#8479=DIRECTION('ref_axis',(1.,0.,0.));
#8480=DIRECTION('center_axis',(0.,0.,1.));
#8481=DIRECTION('ref_axis',(1.,0.,0.));
#8482=DIRECTION('center_axis',(0.,0.,1.));
#8483=DIRECTION('ref_axis',(1.,0.,0.));
#8484=DIRECTION('',(0.,0.,1.));
#8485=DIRECTION('center_axis',(0.,0.,-1.));
#8486=DIRECTION('ref_axis',(1.,0.,0.));
#8487=DIRECTION('center_axis',(0.,0.,1.));
#8488=DIRECTION('ref_axis',(1.,0.,0.));
#8489=DIRECTION('center_axis',(0.,0.,1.));
#8490=DIRECTION('ref_axis',(1.,0.,0.));
#8491=DIRECTION('',(0.,0.,1.));
#8492=DIRECTION('center_axis',(0.,0.,-1.));
#8493=DIRECTION('ref_axis',(1.,0.,0.));
#8494=DIRECTION('center_axis',(0.,0.,1.));
#8495=DIRECTION('ref_axis',(1.,0.,0.));
#8496=DIRECTION('center_axis',(0.,0.,1.));
#8497=DIRECTION('ref_axis',(1.,0.,0.));
#8498=DIRECTION('',(0.,0.,1.));
#8499=DIRECTION('center_axis',(0.,0.,-1.));
#8500=DIRECTION('ref_axis',(1.,0.,0.));
#8501=DIRECTION('center_axis',(0.,0.,1.));
#8502=DIRECTION('ref_axis',(1.,0.,0.));
#8503=DIRECTION('center_axis',(0.,0.,1.));
#8504=DIRECTION('ref_axis',(1.,0.,0.));
#8505=DIRECTION('',(0.,0.,1.));
#8506=DIRECTION('center_axis',(0.,0.,-1.));
#8507=DIRECTION('ref_axis',(1.,0.,0.));
#8508=DIRECTION('center_axis',(0.,0.,1.));
#8509=DIRECTION('ref_axis',(1.,0.,0.));
#8510=DIRECTION('center_axis',(0.,0.,1.));
#8511=DIRECTION('ref_axis',(1.,0.,0.));
#8512=DIRECTION('',(0.,0.,1.));
#8513=DIRECTION('center_axis',(0.,0.,-1.));
#8514=DIRECTION('ref_axis',(1.,0.,0.));
#8515=DIRECTION('center_axis',(0.,0.,1.));
#8516=DIRECTION('ref_axis',(1.,0.,0.));
#8517=DIRECTION('center_axis',(0.,0.,1.));
#8518=DIRECTION('ref_axis',(1.,0.,0.));
#8519=DIRECTION('',(0.,0.,1.));
#8520=DIRECTION('center_axis',(0.,0.,-1.));
#8521=DIRECTION('ref_axis',(1.,0.,0.));
#8522=DIRECTION('center_axis',(0.,0.,1.));
#8523=DIRECTION('ref_axis',(1.,0.,0.));
#8524=DIRECTION('center_axis',(0.,0.,1.));
#8525=DIRECTION('ref_axis',(1.,0.,0.));
#8526=DIRECTION('',(0.,0.,1.));
#8527=DIRECTION('center_axis',(0.,0.,-1.));
#8528=DIRECTION('ref_axis',(1.,0.,0.));
#8529=DIRECTION('center_axis',(0.,0.,1.));
#8530=DIRECTION('ref_axis',(1.,0.,0.));
#8531=DIRECTION('center_axis',(0.,0.,1.));
#8532=DIRECTION('ref_axis',(1.,0.,0.));
#8533=DIRECTION('',(0.,0.,1.));
#8534=DIRECTION('center_axis',(0.,0.,-1.));
#8535=DIRECTION('ref_axis',(1.,0.,0.));
#8536=DIRECTION('center_axis',(0.,0.,1.));
#8537=DIRECTION('ref_axis',(1.,0.,0.));
#8538=DIRECTION('center_axis',(0.,0.,1.));
#8539=DIRECTION('ref_axis',(1.,0.,0.));
#8540=DIRECTION('',(0.,0.,1.));
#8541=DIRECTION('center_axis',(0.,0.,-1.));
#8542=DIRECTION('ref_axis',(1.,0.,0.));
#8543=DIRECTION('center_axis',(0.,0.,1.));
#8544=DIRECTION('ref_axis',(1.,0.,0.));
#8545=DIRECTION('center_axis',(0.,0.,1.));
#8546=DIRECTION('ref_axis',(1.,0.,0.));
#8547=DIRECTION('',(0.,0.,1.));
#8548=DIRECTION('center_axis',(0.,0.,-1.));
#8549=DIRECTION('ref_axis',(1.,0.,0.));
#8550=DIRECTION('center_axis',(0.,0.,1.));
#8551=DIRECTION('ref_axis',(1.,0.,0.));
#8552=DIRECTION('center_axis',(0.,0.,1.));
#8553=DIRECTION('ref_axis',(1.,0.,0.));
#8554=DIRECTION('',(0.,0.,1.));
#8555=DIRECTION('center_axis',(0.,0.,-1.));
#8556=DIRECTION('ref_axis',(1.,0.,0.));
#8557=DIRECTION('center_axis',(0.,0.,1.));
#8558=DIRECTION('ref_axis',(1.,0.,0.));
#8559=DIRECTION('center_axis',(0.,0.,1.));
#8560=DIRECTION('ref_axis',(1.,0.,0.));
#8561=DIRECTION('',(0.,0.,1.));
#8562=DIRECTION('center_axis',(0.,0.,-1.));
#8563=DIRECTION('ref_axis',(1.,0.,0.));
#8564=DIRECTION('center_axis',(0.,0.,1.));
#8565=DIRECTION('ref_axis',(1.,0.,0.));
#8566=DIRECTION('center_axis',(0.,0.,1.));
#8567=DIRECTION('ref_axis',(1.,0.,0.));
#8568=DIRECTION('',(0.,0.,1.));
#8569=DIRECTION('center_axis',(0.,0.,-1.));
#8570=DIRECTION('ref_axis',(1.,0.,0.));
#8571=DIRECTION('center_axis',(0.,0.,1.));
#8572=DIRECTION('ref_axis',(1.,0.,0.));
#8573=DIRECTION('center_axis',(0.,0.,1.));
#8574=DIRECTION('ref_axis',(1.,0.,0.));
#8575=DIRECTION('',(0.,0.,1.));
#8576=DIRECTION('center_axis',(0.,0.,-1.));
#8577=DIRECTION('ref_axis',(1.,0.,0.));
#8578=DIRECTION('center_axis',(0.,0.,1.));
#8579=DIRECTION('ref_axis',(1.,0.,0.));
#8580=DIRECTION('center_axis',(0.,0.,1.));
#8581=DIRECTION('ref_axis',(1.,0.,0.));
#8582=DIRECTION('',(0.,0.,1.));
#8583=DIRECTION('center_axis',(0.,0.,-1.));
#8584=DIRECTION('ref_axis',(1.,0.,0.));
#8585=DIRECTION('center_axis',(0.,0.,1.));
#8586=DIRECTION('ref_axis',(1.,0.,0.));
#8587=DIRECTION('center_axis',(0.,0.,1.));
#8588=DIRECTION('ref_axis',(1.,0.,0.));
#8589=DIRECTION('',(0.,0.,1.));
#8590=DIRECTION('center_axis',(0.,0.,-1.));
#8591=DIRECTION('ref_axis',(1.,0.,0.));
#8592=DIRECTION('center_axis',(0.,0.,1.));
#8593=DIRECTION('ref_axis',(1.,0.,0.));
#8594=DIRECTION('center_axis',(0.,0.,1.));
#8595=DIRECTION('ref_axis',(1.,0.,0.));
#8596=DIRECTION('',(0.,0.,1.));
#8597=DIRECTION('center_axis',(0.,0.,-1.));
#8598=DIRECTION('ref_axis',(1.,0.,0.));
#8599=DIRECTION('center_axis',(0.,0.,1.));
#8600=DIRECTION('ref_axis',(1.,0.,0.));
#8601=DIRECTION('center_axis',(0.,0.,1.));
#8602=DIRECTION('ref_axis',(1.,0.,0.));
#8603=DIRECTION('',(0.,0.,1.));
#8604=DIRECTION('center_axis',(0.,0.,-1.));
#8605=DIRECTION('ref_axis',(1.,0.,0.));
#8606=DIRECTION('center_axis',(0.,0.,1.));
#8607=DIRECTION('ref_axis',(1.,0.,0.));
#8608=DIRECTION('center_axis',(0.,0.,1.));
#8609=DIRECTION('ref_axis',(1.,0.,0.));
#8610=DIRECTION('',(0.,0.,1.));
#8611=DIRECTION('center_axis',(0.,0.,-1.));
#8612=DIRECTION('ref_axis',(1.,0.,0.));
#8613=DIRECTION('center_axis',(0.,0.,1.));
#8614=DIRECTION('ref_axis',(1.,0.,0.));
#8615=DIRECTION('center_axis',(0.,0.,1.));
#8616=DIRECTION('ref_axis',(1.,0.,0.));
#8617=DIRECTION('',(0.,0.,1.));
#8618=DIRECTION('center_axis',(0.,0.,-1.));
#8619=DIRECTION('ref_axis',(1.,0.,0.));
#8620=DIRECTION('center_axis',(0.,0.,1.));
#8621=DIRECTION('ref_axis',(1.,0.,0.));
#8622=DIRECTION('center_axis',(0.,0.,1.));
#8623=DIRECTION('ref_axis',(1.,0.,0.));
#8624=DIRECTION('',(0.,0.,1.));
#8625=DIRECTION('center_axis',(0.,0.,-1.));
#8626=DIRECTION('ref_axis',(1.,0.,0.));
#8627=DIRECTION('center_axis',(0.,0.,1.));
#8628=DIRECTION('ref_axis',(1.,0.,0.));
#8629=DIRECTION('center_axis',(0.,0.,1.));
#8630=DIRECTION('ref_axis',(1.,0.,0.));
#8631=DIRECTION('',(0.,0.,1.));
#8632=DIRECTION('center_axis',(0.,0.,-1.));
#8633=DIRECTION('ref_axis',(1.,0.,0.));
#8634=DIRECTION('center_axis',(0.,0.,1.));
#8635=DIRECTION('ref_axis',(1.,0.,0.));
#8636=DIRECTION('center_axis',(0.,0.,1.));
#8637=DIRECTION('ref_axis',(1.,0.,0.));
#8638=DIRECTION('',(0.,0.,1.));
#8639=DIRECTION('center_axis',(0.,0.,-1.));
#8640=DIRECTION('ref_axis',(1.,0.,0.));
#8641=DIRECTION('center_axis',(0.,0.,1.));
#8642=DIRECTION('ref_axis',(1.,0.,0.));
#8643=DIRECTION('center_axis',(0.,0.,1.));
#8644=DIRECTION('ref_axis',(1.,0.,0.));
#8645=DIRECTION('',(0.,0.,1.));
#8646=DIRECTION('center_axis',(0.,0.,-1.));
#8647=DIRECTION('ref_axis',(1.,0.,0.));
#8648=DIRECTION('center_axis',(0.,0.,1.));
#8649=DIRECTION('ref_axis',(1.,0.,0.));
#8650=DIRECTION('center_axis',(0.,0.,1.));
#8651=DIRECTION('ref_axis',(1.,0.,0.));
#8652=DIRECTION('',(0.,0.,1.));
#8653=DIRECTION('center_axis',(0.,0.,-1.));
#8654=DIRECTION('ref_axis',(1.,0.,0.));
#8655=DIRECTION('center_axis',(0.,0.,1.));
#8656=DIRECTION('ref_axis',(1.,0.,0.));
#8657=DIRECTION('center_axis',(0.,0.,1.));
#8658=DIRECTION('ref_axis',(1.,0.,0.));
#8659=DIRECTION('',(0.,0.,1.));
#8660=DIRECTION('center_axis',(0.,0.,-1.));
#8661=DIRECTION('ref_axis',(1.,0.,0.));
#8662=DIRECTION('center_axis',(0.,0.,1.));
#8663=DIRECTION('ref_axis',(1.,0.,0.));
#8664=DIRECTION('center_axis',(0.,0.,1.));
#8665=DIRECTION('ref_axis',(1.,0.,0.));
#8666=DIRECTION('',(0.,0.,1.));
#8667=DIRECTION('center_axis',(0.,0.,-1.));
#8668=DIRECTION('ref_axis',(1.,0.,0.));
#8669=DIRECTION('center_axis',(0.,0.,1.));
#8670=DIRECTION('ref_axis',(1.,0.,0.));
#8671=DIRECTION('center_axis',(0.,0.,1.));
#8672=DIRECTION('ref_axis',(1.,0.,0.));
#8673=DIRECTION('',(0.,0.,1.));
#8674=DIRECTION('center_axis',(0.,0.,-1.));
#8675=DIRECTION('ref_axis',(1.,0.,0.));
#8676=DIRECTION('center_axis',(0.,0.,1.));
#8677=DIRECTION('ref_axis',(1.,0.,0.));
#8678=DIRECTION('center_axis',(0.,0.,1.));
#8679=DIRECTION('ref_axis',(1.,0.,0.));
#8680=DIRECTION('',(0.,0.,1.));
#8681=DIRECTION('center_axis',(0.,0.,-1.));
#8682=DIRECTION('ref_axis',(1.,0.,0.));
#8683=DIRECTION('center_axis',(0.,0.,1.));
#8684=DIRECTION('ref_axis',(1.,0.,0.));
#8685=DIRECTION('center_axis',(0.,0.,1.));
#8686=DIRECTION('ref_axis',(1.,0.,0.));
#8687=DIRECTION('',(0.,0.,1.));
#8688=DIRECTION('center_axis',(0.,0.,-1.));
#8689=DIRECTION('ref_axis',(1.,0.,0.));
#8690=DIRECTION('center_axis',(0.,0.,1.));
#8691=DIRECTION('ref_axis',(1.,0.,0.));
#8692=DIRECTION('center_axis',(0.,0.,1.));
#8693=DIRECTION('ref_axis',(1.,0.,0.));
#8694=DIRECTION('',(0.,0.,1.));
#8695=DIRECTION('center_axis',(0.,0.,-1.));
#8696=DIRECTION('ref_axis',(1.,0.,0.));
#8697=DIRECTION('center_axis',(0.,0.,1.));
#8698=DIRECTION('ref_axis',(1.,0.,0.));
#8699=DIRECTION('center_axis',(0.,0.,1.));
#8700=DIRECTION('ref_axis',(1.,0.,0.));
#8701=DIRECTION('',(0.,0.,1.));
#8702=DIRECTION('center_axis',(0.,0.,-1.));
#8703=DIRECTION('ref_axis',(1.,0.,0.));
#8704=DIRECTION('center_axis',(0.,0.,1.));
#8705=DIRECTION('ref_axis',(1.,0.,0.));
#8706=DIRECTION('center_axis',(0.,0.,1.));
#8707=DIRECTION('ref_axis',(1.,0.,0.));
#8708=DIRECTION('',(0.,0.,1.));
#8709=DIRECTION('center_axis',(0.,0.,-1.));
#8710=DIRECTION('ref_axis',(1.,0.,0.));
#8711=DIRECTION('center_axis',(0.,0.,1.));
#8712=DIRECTION('ref_axis',(1.,0.,0.));
#8713=DIRECTION('center_axis',(0.,0.,1.));
#8714=DIRECTION('ref_axis',(1.,0.,0.));
#8715=DIRECTION('',(0.,0.,1.));
#8716=DIRECTION('center_axis',(0.,0.,-1.));
#8717=DIRECTION('ref_axis',(1.,0.,0.));
#8718=DIRECTION('center_axis',(0.,0.,1.));
#8719=DIRECTION('ref_axis',(1.,0.,0.));
#8720=DIRECTION('center_axis',(0.,0.,1.));
#8721=DIRECTION('ref_axis',(1.,0.,0.));
#8722=DIRECTION('',(0.,0.,1.));
#8723=DIRECTION('center_axis',(0.,0.,-1.));
#8724=DIRECTION('ref_axis',(1.,0.,0.));
#8725=DIRECTION('center_axis',(0.,0.,1.));
#8726=DIRECTION('ref_axis',(1.,0.,0.));
#8727=DIRECTION('center_axis',(0.,0.,1.));
#8728=DIRECTION('ref_axis',(1.,0.,0.));
#8729=DIRECTION('',(0.,0.,1.));
#8730=DIRECTION('center_axis',(0.,0.,-1.));
#8731=DIRECTION('ref_axis',(1.,0.,0.));
#8732=DIRECTION('center_axis',(0.,0.,1.));
#8733=DIRECTION('ref_axis',(1.,0.,0.));
#8734=DIRECTION('center_axis',(0.,0.,1.));
#8735=DIRECTION('ref_axis',(1.,0.,0.));
#8736=DIRECTION('',(0.,0.,1.));
#8737=DIRECTION('center_axis',(0.,0.,-1.));
#8738=DIRECTION('ref_axis',(1.,0.,0.));
#8739=DIRECTION('center_axis',(0.,0.,1.));
#8740=DIRECTION('ref_axis',(1.,0.,0.));
#8741=DIRECTION('center_axis',(0.,0.,1.));
#8742=DIRECTION('ref_axis',(1.,0.,0.));
#8743=DIRECTION('',(0.,0.,1.));
#8744=DIRECTION('center_axis',(0.,0.,-1.));
#8745=DIRECTION('ref_axis',(1.,0.,0.));
#8746=DIRECTION('center_axis',(0.,0.,1.));
#8747=DIRECTION('ref_axis',(1.,0.,0.));
#8748=DIRECTION('center_axis',(0.,0.,1.));
#8749=DIRECTION('ref_axis',(1.,0.,0.));
#8750=DIRECTION('',(0.,0.,1.));
#8751=DIRECTION('center_axis',(0.,0.,-1.));
#8752=DIRECTION('ref_axis',(1.,0.,0.));
#8753=DIRECTION('center_axis',(0.,0.,1.));
#8754=DIRECTION('ref_axis',(1.,0.,0.));
#8755=DIRECTION('center_axis',(0.,0.,1.));
#8756=DIRECTION('ref_axis',(1.,0.,0.));
#8757=DIRECTION('',(0.,0.,1.));
#8758=DIRECTION('center_axis',(0.,0.,-1.));
#8759=DIRECTION('ref_axis',(1.,0.,0.));
#8760=DIRECTION('center_axis',(0.,0.,1.));
#8761=DIRECTION('ref_axis',(1.,0.,0.));
#8762=DIRECTION('center_axis',(0.,0.,1.));
#8763=DIRECTION('ref_axis',(1.,0.,0.));
#8764=DIRECTION('',(0.,0.,1.));
#8765=DIRECTION('center_axis',(0.,0.,-1.));
#8766=DIRECTION('ref_axis',(1.,0.,0.));
#8767=DIRECTION('center_axis',(0.,0.,1.));
#8768=DIRECTION('ref_axis',(1.,0.,0.));
#8769=DIRECTION('center_axis',(0.,0.,1.));
#8770=DIRECTION('ref_axis',(1.,0.,0.));
#8771=DIRECTION('',(0.,0.,1.));
#8772=DIRECTION('center_axis',(0.,0.,-1.));
#8773=DIRECTION('ref_axis',(1.,0.,0.));
#8774=DIRECTION('center_axis',(0.,0.,1.));
#8775=DIRECTION('ref_axis',(1.,0.,0.));
#8776=DIRECTION('center_axis',(0.,0.,1.));
#8777=DIRECTION('ref_axis',(1.,0.,0.));
#8778=DIRECTION('',(0.,0.,1.));
#8779=DIRECTION('center_axis',(0.,0.,-1.));
#8780=DIRECTION('ref_axis',(1.,0.,0.));
#8781=DIRECTION('center_axis',(0.,0.,1.));
#8782=DIRECTION('ref_axis',(1.,0.,0.));
#8783=DIRECTION('center_axis',(0.,0.,1.));
#8784=DIRECTION('ref_axis',(1.,0.,0.));
#8785=DIRECTION('',(0.,0.,1.));
#8786=DIRECTION('center_axis',(0.,0.,-1.));
#8787=DIRECTION('ref_axis',(1.,0.,0.));
#8788=DIRECTION('center_axis',(0.,0.,1.));
#8789=DIRECTION('ref_axis',(1.,0.,0.));
#8790=DIRECTION('center_axis',(0.,0.,1.));
#8791=DIRECTION('ref_axis',(1.,0.,0.));
#8792=DIRECTION('',(0.,0.,1.));
#8793=DIRECTION('center_axis',(0.,0.,-1.));
#8794=DIRECTION('ref_axis',(1.,0.,0.));
#8795=DIRECTION('center_axis',(0.,0.,1.));
#8796=DIRECTION('ref_axis',(1.,0.,0.));
#8797=DIRECTION('center_axis',(0.,0.,1.));
#8798=DIRECTION('ref_axis',(1.,0.,0.));
#8799=DIRECTION('',(0.,0.,1.));
#8800=DIRECTION('center_axis',(0.,0.,-1.));
#8801=DIRECTION('ref_axis',(1.,0.,0.));
#8802=DIRECTION('center_axis',(0.,0.,1.));
#8803=DIRECTION('ref_axis',(1.,0.,0.));
#8804=DIRECTION('center_axis',(0.,0.,1.));
#8805=DIRECTION('ref_axis',(1.,0.,0.));
#8806=DIRECTION('',(0.,0.,1.));
#8807=DIRECTION('center_axis',(0.,0.,-1.));
#8808=DIRECTION('ref_axis',(1.,0.,0.));
#8809=DIRECTION('center_axis',(0.,0.,1.));
#8810=DIRECTION('ref_axis',(1.,0.,0.));
#8811=DIRECTION('center_axis',(0.,0.,1.));
#8812=DIRECTION('ref_axis',(1.,0.,0.));
#8813=DIRECTION('',(0.,0.,1.));
#8814=DIRECTION('center_axis',(0.,0.,-1.));
#8815=DIRECTION('ref_axis',(1.,0.,0.));
#8816=DIRECTION('center_axis',(0.,0.,1.));
#8817=DIRECTION('ref_axis',(1.,0.,0.));
#8818=DIRECTION('center_axis',(0.,0.,1.));
#8819=DIRECTION('ref_axis',(1.,0.,0.));
#8820=DIRECTION('',(0.,0.,1.));
#8821=DIRECTION('center_axis',(0.,0.,-1.));
#8822=DIRECTION('ref_axis',(1.,0.,0.));
#8823=DIRECTION('center_axis',(0.,0.,1.));
#8824=DIRECTION('ref_axis',(1.,0.,0.));
#8825=DIRECTION('center_axis',(0.,0.,1.));
#8826=DIRECTION('ref_axis',(1.,0.,0.));
#8827=DIRECTION('',(0.,0.,1.));
#8828=DIRECTION('center_axis',(0.,0.,-1.));
#8829=DIRECTION('ref_axis',(1.,0.,0.));
#8830=DIRECTION('center_axis',(0.,0.,1.));
#8831=DIRECTION('ref_axis',(1.,0.,0.));
#8832=DIRECTION('center_axis',(0.,0.,1.));
#8833=DIRECTION('ref_axis',(1.,0.,0.));
#8834=DIRECTION('',(0.,0.,1.));
#8835=DIRECTION('center_axis',(0.,0.,-1.));
#8836=DIRECTION('ref_axis',(1.,0.,0.));
#8837=DIRECTION('center_axis',(0.,0.,1.));
#8838=DIRECTION('ref_axis',(1.,0.,0.));
#8839=DIRECTION('center_axis',(0.,0.,1.));
#8840=DIRECTION('ref_axis',(1.,0.,0.));
#8841=DIRECTION('',(0.,0.,1.));
#8842=DIRECTION('center_axis',(0.,0.,-1.));
#8843=DIRECTION('ref_axis',(1.,0.,0.));
#8844=DIRECTION('center_axis',(0.,0.,1.));
#8845=DIRECTION('ref_axis',(1.,0.,0.));
#8846=DIRECTION('center_axis',(0.,0.,1.));
#8847=DIRECTION('ref_axis',(1.,0.,0.));
#8848=DIRECTION('',(0.,0.,1.));
#8849=DIRECTION('center_axis',(0.,0.,-1.));
#8850=DIRECTION('ref_axis',(1.,0.,0.));
#8851=DIRECTION('center_axis',(0.,0.,1.));
#8852=DIRECTION('ref_axis',(1.,0.,0.));
#8853=DIRECTION('center_axis',(0.,0.,1.));
#8854=DIRECTION('ref_axis',(1.,0.,0.));
#8855=DIRECTION('',(0.,0.,1.));
#8856=DIRECTION('center_axis',(0.,0.,-1.));
#8857=DIRECTION('ref_axis',(1.,0.,0.));
#8858=DIRECTION('center_axis',(0.,0.,1.));
#8859=DIRECTION('ref_axis',(1.,0.,0.));
#8860=DIRECTION('center_axis',(0.,0.,1.));
#8861=DIRECTION('ref_axis',(1.,0.,0.));
#8862=DIRECTION('',(0.,0.,1.));
#8863=DIRECTION('center_axis',(0.,0.,-1.));
#8864=DIRECTION('ref_axis',(1.,0.,0.));
#8865=DIRECTION('center_axis',(0.,0.,1.));
#8866=DIRECTION('ref_axis',(1.,0.,0.));
#8867=DIRECTION('center_axis',(0.,0.,1.));
#8868=DIRECTION('ref_axis',(1.,0.,0.));
#8869=DIRECTION('',(0.,0.,1.));
#8870=DIRECTION('center_axis',(0.,0.,-1.));
#8871=DIRECTION('ref_axis',(1.,0.,0.));
#8872=DIRECTION('center_axis',(0.,0.,1.));
#8873=DIRECTION('ref_axis',(1.,0.,0.));
#8874=DIRECTION('center_axis',(0.,0.,1.));
#8875=DIRECTION('ref_axis',(1.,0.,0.));
#8876=DIRECTION('',(0.,0.,1.));
#8877=DIRECTION('center_axis',(0.,0.,-1.));
#8878=DIRECTION('ref_axis',(1.,0.,0.));
#8879=DIRECTION('center_axis',(0.,0.,1.));
#8880=DIRECTION('ref_axis',(1.,0.,0.));
#8881=DIRECTION('center_axis',(0.,0.,1.));
#8882=DIRECTION('ref_axis',(1.,0.,0.));
#8883=DIRECTION('',(0.,0.,1.));
#8884=DIRECTION('center_axis',(0.,0.,-1.));
#8885=DIRECTION('ref_axis',(1.,0.,0.));
#8886=DIRECTION('center_axis',(0.,0.,1.));
#8887=DIRECTION('ref_axis',(1.,0.,0.));
#8888=DIRECTION('center_axis',(0.,0.,1.));
#8889=DIRECTION('ref_axis',(1.,0.,0.));
#8890=DIRECTION('',(0.,0.,1.));
#8891=DIRECTION('center_axis',(0.,0.,-1.));
#8892=DIRECTION('ref_axis',(1.,0.,0.));
#8893=DIRECTION('center_axis',(0.,0.,1.));
#8894=DIRECTION('ref_axis',(1.,0.,0.));
#8895=DIRECTION('center_axis',(0.,0.,1.));
#8896=DIRECTION('ref_axis',(1.,0.,0.));
#8897=DIRECTION('',(0.,0.,1.));
#8898=DIRECTION('center_axis',(0.,0.,-1.));
#8899=DIRECTION('ref_axis',(1.,0.,0.));
#8900=DIRECTION('center_axis',(0.,0.,1.));
#8901=DIRECTION('ref_axis',(1.,0.,0.));
#8902=DIRECTION('center_axis',(0.,0.,1.));
#8903=DIRECTION('ref_axis',(1.,0.,0.));
#8904=DIRECTION('',(0.,0.,1.));
#8905=DIRECTION('center_axis',(0.,0.,-1.));
#8906=DIRECTION('ref_axis',(1.,0.,0.));
#8907=DIRECTION('center_axis',(0.,0.,1.));
#8908=DIRECTION('ref_axis',(1.,0.,0.));
#8909=DIRECTION('center_axis',(0.,0.,1.));
#8910=DIRECTION('ref_axis',(1.,0.,0.));
#8911=DIRECTION('',(0.,0.,1.));
#8912=DIRECTION('center_axis',(0.,0.,-1.));
#8913=DIRECTION('ref_axis',(1.,0.,0.));
#8914=DIRECTION('center_axis',(0.,0.,1.));
#8915=DIRECTION('ref_axis',(1.,0.,0.));
#8916=DIRECTION('center_axis',(0.,0.,1.));
#8917=DIRECTION('ref_axis',(1.,0.,0.));
#8918=DIRECTION('',(0.,0.,1.));
#8919=DIRECTION('center_axis',(0.,0.,-1.));
#8920=DIRECTION('ref_axis',(1.,0.,0.));
#8921=DIRECTION('center_axis',(0.,0.,1.));
#8922=DIRECTION('ref_axis',(1.,0.,0.));
#8923=DIRECTION('center_axis',(0.,0.,1.));
#8924=DIRECTION('ref_axis',(1.,0.,0.));
#8925=DIRECTION('',(0.,0.,1.));
#8926=DIRECTION('center_axis',(0.,0.,-1.));
#8927=DIRECTION('ref_axis',(1.,0.,0.));
#8928=DIRECTION('center_axis',(0.,0.,1.));
#8929=DIRECTION('ref_axis',(1.,0.,0.));
#8930=DIRECTION('center_axis',(0.,0.,1.));
#8931=DIRECTION('ref_axis',(1.,0.,0.));
#8932=DIRECTION('',(0.,0.,1.));
#8933=DIRECTION('center_axis',(0.,0.,-1.));
#8934=DIRECTION('ref_axis',(1.,0.,0.));
#8935=DIRECTION('center_axis',(0.,0.,1.));
#8936=DIRECTION('ref_axis',(1.,0.,0.));
#8937=DIRECTION('center_axis',(0.,0.,1.));
#8938=DIRECTION('ref_axis',(1.,0.,0.));
#8939=DIRECTION('',(0.,0.,1.));
#8940=DIRECTION('center_axis',(0.,0.,-1.));
#8941=DIRECTION('ref_axis',(1.,0.,0.));
#8942=DIRECTION('center_axis',(0.,-1.,0.));
#8943=DIRECTION('ref_axis',(-1.,0.,0.));
#8944=DIRECTION('',(1.,0.,0.));
#8945=DIRECTION('',(0.,0.,-1.));
#8946=DIRECTION('',(-1.,0.,0.));
#8947=DIRECTION('',(0.,0.,-1.));
#8948=DIRECTION('center_axis',(0.,0.,-1.));
#8949=DIRECTION('ref_axis',(-1.,0.,0.));
#8950=DIRECTION('',(0.,-1.,0.));
#8951=DIRECTION('',(1.,0.,0.));
#8952=DIRECTION('',(0.,1.,0.));
#8953=DIRECTION('center_axis',(0.,-1.,0.));
#8954=DIRECTION('ref_axis',(1.,0.,0.));
#8955=DIRECTION('',(0.,0.,-1.));
#8956=DIRECTION('',(1.,0.,0.));
#8957=DIRECTION('',(0.,0.,1.));
#8958=DIRECTION('',(1.,0.,0.));
#8959=DIRECTION('center_axis',(0.,-1.,0.));
#8960=DIRECTION('ref_axis',(1.,0.,0.));
#8961=DIRECTION('',(0.,0.,1.));
#8962=DIRECTION('',(1.,0.,0.));
#8963=DIRECTION('',(0.,0.,1.));
#8964=DIRECTION('',(1.,0.,0.));
#8965=DIRECTION('center_axis',(0.,1.,0.));
#8966=DIRECTION('ref_axis',(-1.,0.,0.));
#8967=DIRECTION('',(0.,0.,-1.));
#8968=DIRECTION('',(0.,0.,1.));
#8969=DIRECTION('',(-1.,0.,0.));
#8970=DIRECTION('',(0.,0.,1.));
#8971=DIRECTION('',(-1.,0.,0.));
#8972=DIRECTION('',(0.,0.,-1.));
#8973=DIRECTION('',(-1.,0.,0.));
#8974=DIRECTION('center_axis',(0.,0.,1.));
#8975=DIRECTION('ref_axis',(0.707106781186547,0.707106781186547,0.));
#8976=DIRECTION('center_axis',(0.,0.,-1.));
#8977=DIRECTION('ref_axis',(0.707106781186547,0.707106781186547,0.));
#8978=DIRECTION('',(0.,0.,-1.));
#8979=DIRECTION('center_axis',(0.,0.,1.));
#8980=DIRECTION('ref_axis',(0.707106781186547,0.707106781186547,0.));
#8981=DIRECTION('center_axis',(0.,0.,1.));
#8982=DIRECTION('ref_axis',(1.,0.,0.));
#8983=DIRECTION('',(0.,-1.,0.));
#8984=DIRECTION('',(0.,-1.,0.));
#8985=DIRECTION('',(-1.,0.,0.));
#8986=DIRECTION('',(0.,1.,0.));
#8987=DIRECTION('',(0.,1.,0.));
#8988=DIRECTION('center_axis',(0.,0.,-1.));
#8989=DIRECTION('ref_axis',(-0.707106781186547,0.707106781186548,0.));
#8990=DIRECTION('',(0.,-1.,0.));
#8991=DIRECTION('center_axis',(0.,0.,-1.));
#8992=DIRECTION('ref_axis',(-0.707106781186548,-0.707106781186547,0.));
#8993=DIRECTION('',(1.,0.,0.));
#8994=DIRECTION('center_axis',(0.,0.,-1.));
#8995=DIRECTION('ref_axis',(0.707106781186547,-0.707106781186547,0.));
#8996=DIRECTION('',(0.,1.,0.));
#8997=DIRECTION('center_axis',(0.,0.,-1.));
#8998=DIRECTION('ref_axis',(1.,0.,0.));
#8999=DIRECTION('center_axis',(0.,0.,-1.));
#9000=DIRECTION('ref_axis',(1.,0.,0.));
#9001=DIRECTION('center_axis',(0.,0.,-1.));
#9002=DIRECTION('ref_axis',(1.,0.,0.));
#9003=DIRECTION('center_axis',(0.,0.,-1.));
#9004=DIRECTION('ref_axis',(1.,0.,0.));
#9005=DIRECTION('center_axis',(0.,0.,1.));
#9006=DIRECTION('ref_axis',(-0.707106781186547,0.707106781186548,0.));
#9007=DIRECTION('center_axis',(0.,0.,1.));
#9008=DIRECTION('ref_axis',(-0.707106781186547,0.707106781186548,0.));
#9009=DIRECTION('',(0.,0.,1.));
#9010=DIRECTION('center_axis',(0.,0.,1.));
#9011=DIRECTION('ref_axis',(-0.707106781186548,-0.707106781186547,0.));
#9012=DIRECTION('',(0.,0.,-1.));
#9013=DIRECTION('center_axis',(0.,0.,1.));
#9014=DIRECTION('ref_axis',(-0.707106781186548,-0.707106781186547,0.));
#9015=DIRECTION('',(0.,0.,1.));
#9016=DIRECTION('center_axis',(0.,-1.,0.));
#9017=DIRECTION('ref_axis',(1.,0.,0.));
#9018=DIRECTION('',(1.,0.,0.));
#9019=DIRECTION('',(0.,0.,-1.));
#9020=DIRECTION('center_axis',(0.,0.,1.));
#9021=DIRECTION('ref_axis',(0.707106781186547,-0.707106781186547,0.));
#9022=DIRECTION('center_axis',(0.,0.,1.));
#9023=DIRECTION('ref_axis',(0.707106781186547,-0.707106781186547,0.));
#9024=DIRECTION('',(0.,0.,1.));
#9025=DIRECTION('center_axis',(1.,0.,0.));
#9026=DIRECTION('ref_axis',(0.,-1.,0.));
#9027=DIRECTION('center_axis',(-1.,0.,0.));
#9028=DIRECTION('ref_axis',(0.,1.,0.));
#9029=DIRECTION('center_axis',(0.,0.,1.));
#9030=DIRECTION('ref_axis',(1.,0.,0.));
#9031=DIRECTION('',(0.,1.,0.));
#9032=DIRECTION('',(-1.,0.,0.));
#9033=DIRECTION('',(0.,-1.,0.));
#9034=DIRECTION('center_axis',(-1.,0.,0.));
#9035=DIRECTION('ref_axis',(0.,-1.,0.));
#9036=DIRECTION('',(0.,0.,1.));
#9037=DIRECTION('center_axis',(0.,1.,0.));
#9038=DIRECTION('ref_axis',(-1.,0.,0.));
#9039=DIRECTION('',(0.,0.,1.));
#9040=DIRECTION('center_axis',(0.,0.,1.));
#9041=DIRECTION('ref_axis',(1.,0.,0.));
#9042=DIRECTION('center_axis',(0.,0.,1.));
#9043=DIRECTION('ref_axis',(1.,0.,0.));
#9044=DIRECTION('',(0.,0.,-1.));
#9045=DIRECTION('center_axis',(0.,0.,-1.));
#9046=DIRECTION('ref_axis',(1.,0.,0.));
#9047=DIRECTION('center_axis',(0.,0.,1.));
#9048=DIRECTION('ref_axis',(1.,0.,0.));
#9049=DIRECTION('center_axis',(0.,0.,1.));
#9050=DIRECTION('ref_axis',(1.,0.,0.));
#9051=DIRECTION('',(0.,0.,-1.));
#9052=DIRECTION('center_axis',(0.,0.,-1.));
#9053=DIRECTION('ref_axis',(1.,0.,0.));
#9054=DIRECTION('center_axis',(1.,0.,0.));
#9055=DIRECTION('ref_axis',(0.,1.,0.));
#9056=DIRECTION('center_axis',(1.,0.,0.));
#9057=DIRECTION('ref_axis',(0.,1.,0.));
#9058=DIRECTION('',(0.,1.,0.));
#9059=DIRECTION('center_axis',(-1.,0.,0.));
#9060=DIRECTION('ref_axis',(0.,-1.,0.));
#9061=DIRECTION('',(0.,-1.,0.));
#9062=DIRECTION('center_axis',(0.,0.,1.));
#9063=DIRECTION('ref_axis',(1.,0.,0.));
#9064=DIRECTION('center_axis',(0.,0.,1.));
#9065=DIRECTION('ref_axis',(1.,0.,0.));
#9066=DIRECTION('',(0.,0.,-1.));
#9067=DIRECTION('center_axis',(0.,0.,-1.));
#9068=DIRECTION('ref_axis',(1.,0.,0.));
#9069=DIRECTION('center_axis',(0.,0.,1.));
#9070=DIRECTION('ref_axis',(1.,0.,0.));
#9071=DIRECTION('center_axis',(0.,0.,1.));
#9072=DIRECTION('ref_axis',(1.,0.,0.));
#9073=DIRECTION('',(0.,0.,-1.));
#9074=DIRECTION('center_axis',(0.,0.,-1.));
#9075=DIRECTION('ref_axis',(1.,0.,0.));
#9076=DIRECTION('center_axis',(0.,0.,1.));
#9077=DIRECTION('ref_axis',(1.,0.,0.));
#9078=DIRECTION('center_axis',(0.,0.,1.));
#9079=DIRECTION('ref_axis',(1.,0.,0.));
#9080=DIRECTION('',(0.,0.,-1.));
#9081=DIRECTION('center_axis',(0.,0.,-1.));
#9082=DIRECTION('ref_axis',(1.,0.,0.));
#9083=DIRECTION('center_axis',(0.,0.,1.));
#9084=DIRECTION('ref_axis',(1.,0.,0.));
#9085=DIRECTION('center_axis',(0.,0.,1.));
#9086=DIRECTION('ref_axis',(1.,0.,0.));
#9087=DIRECTION('',(0.,0.,-1.));
#9088=DIRECTION('center_axis',(0.,0.,-1.));
#9089=DIRECTION('ref_axis',(1.,0.,0.));
#9090=DIRECTION('center_axis',(0.,0.,1.));
#9091=DIRECTION('ref_axis',(1.,0.,0.));
#9092=CARTESIAN_POINT('',(0.,0.,0.));
#9093=CARTESIAN_POINT('Origin',(-4.,-4.,0.));
#9094=CARTESIAN_POINT('',(-7.,-4.,3.1));
#9095=CARTESIAN_POINT('Origin',(-4.,-4.,3.1));
#9096=CARTESIAN_POINT('',(-7.,-4.,0.));
#9097=CARTESIAN_POINT('',(-7.,-4.,0.));
#9098=CARTESIAN_POINT('Origin',(-4.,-4.,0.));
#9099=CARTESIAN_POINT('Origin',(104.,-4.,0.));
#9100=CARTESIAN_POINT('',(101.,-4.,3.1));
#9101=CARTESIAN_POINT('Origin',(104.,-4.,3.1));
#9102=CARTESIAN_POINT('',(101.,-4.,0.));
#9103=CARTESIAN_POINT('',(101.,-4.,0.));
#9104=CARTESIAN_POINT('Origin',(104.,-4.,0.));
#9105=CARTESIAN_POINT('Origin',(22.0689669924563,92.3103463028012,0.));
#9106=CARTESIAN_POINT('',(21.3189669924563,92.3103463028012,0.));
#9107=CARTESIAN_POINT('Origin',(22.0689669924563,92.3103463028012,0.));
#9108=CARTESIAN_POINT('',(21.3189669924563,92.3103463028012,3.));
#9109=CARTESIAN_POINT('',(21.3189669924563,92.3103463028012,0.));
#9110=CARTESIAN_POINT('Origin',(22.0689669924563,92.3103463028012,3.));
#9111=CARTESIAN_POINT('Origin',(5.34482906142181,55.4827600959046,0.));
#9112=CARTESIAN_POINT('',(4.59482906142181,55.4827600959046,0.));
#9113=CARTESIAN_POINT('Origin',(5.34482906142181,55.4827600959046,0.));
#9114=CARTESIAN_POINT('',(4.59482906142181,55.4827600959046,3.));
#9115=CARTESIAN_POINT('',(4.59482906142181,55.4827600959046,0.));
#9116=CARTESIAN_POINT('Origin',(5.34482906142181,55.4827600959046,3.));
#9117=CARTESIAN_POINT('Origin',(15.3448290614218,99.000001475215,0.));
#9118=CARTESIAN_POINT('',(14.5948290614219,99.000001475215,0.));
#9119=CARTESIAN_POINT('Origin',(15.3448290614218,99.000001475215,0.));
#9120=CARTESIAN_POINT('',(14.5948290614219,99.000001475215,3.));
#9121=CARTESIAN_POINT('',(14.5948290614219,99.000001475215,0.));
#9122=CARTESIAN_POINT('Origin',(15.3448290614218,99.000001475215,3.));
#9123=CARTESIAN_POINT('Origin',(8.68965664762871,42.1379325096977,0.));
#9124=CARTESIAN_POINT('',(7.93965664762871,42.1379325096977,0.));
#9125=CARTESIAN_POINT('Origin',(8.68965664762871,42.1379325096977,0.));
#9126=CARTESIAN_POINT('',(7.93965664762871,42.1379325096977,3.));
#9127=CARTESIAN_POINT('',(7.93965664762871,42.1379325096977,0.));
#9128=CARTESIAN_POINT('Origin',(8.68965664762871,42.1379325096977,3.));
#9129=CARTESIAN_POINT('Origin',(2.00000147521492,62.2068980269391,0.));
#9130=CARTESIAN_POINT('',(1.25000147521493,62.2068980269391,0.));
#9131=CARTESIAN_POINT('Origin',(2.00000147521492,62.2068980269391,0.));
#9132=CARTESIAN_POINT('',(1.25000147521493,62.2068980269391,3.));
#9133=CARTESIAN_POINT('',(1.25000147521493,62.2068980269391,0.));
#9134=CARTESIAN_POINT('Origin',(2.00000147521492,62.2068980269391,3.));
#9135=CARTESIAN_POINT('Origin',(5.34482906142181,62.2068980269391,0.));
#9136=CARTESIAN_POINT('',(4.59482906142182,62.2068980269391,0.));
#9137=CARTESIAN_POINT('Origin',(5.34482906142181,62.2068980269391,0.));
#9138=CARTESIAN_POINT('',(4.59482906142182,62.2068980269391,3.));
#9139=CARTESIAN_POINT('',(4.59482906142182,62.2068980269391,0.));
#9140=CARTESIAN_POINT('Origin',(5.34482906142181,62.2068980269391,3.));
#9141=CARTESIAN_POINT('Origin',(85.5862083717666,92.3103463028012,0.));
#9142=CARTESIAN_POINT('',(84.8362083717667,92.3103463028012,0.));
#9143=CARTESIAN_POINT('Origin',(85.5862083717666,92.3103463028012,0.));
#9144=CARTESIAN_POINT('',(84.8362083717667,92.3103463028012,3.));
#9145=CARTESIAN_POINT('',(84.8362083717667,92.3103463028012,0.));
#9146=CARTESIAN_POINT('Origin',(85.5862083717666,92.3103463028012,3.));
#9147=CARTESIAN_POINT('Origin',(92.3103463028012,82.2758635441805,0.));
#9148=CARTESIAN_POINT('',(91.5603463028012,82.2758635441805,0.));
#9149=CARTESIAN_POINT('Origin',(92.3103463028012,82.2758635441805,0.));
#9150=CARTESIAN_POINT('',(91.5603463028012,82.2758635441805,3.));
#9151=CARTESIAN_POINT('',(91.5603463028012,82.2758635441805,0.));
#9152=CARTESIAN_POINT('Origin',(92.3103463028012,82.2758635441805,3.));
#9153=CARTESIAN_POINT('Origin',(82.2758635441804,95.6551738890081,0.));
#9154=CARTESIAN_POINT('',(81.5258635441805,95.6551738890081,0.));
#9155=CARTESIAN_POINT('Origin',(82.2758635441804,95.6551738890081,0.));
#9156=CARTESIAN_POINT('',(81.5258635441805,95.6551738890081,3.));
#9157=CARTESIAN_POINT('',(81.5258635441805,95.6551738890081,0.));
#9158=CARTESIAN_POINT('Origin',(82.2758635441804,95.6551738890081,3.));
#9159=CARTESIAN_POINT('Origin',(92.3103463028012,75.5862083717667,0.));
#9160=CARTESIAN_POINT('',(91.5603463028012,75.5862083717667,0.));
#9161=CARTESIAN_POINT('Origin',(92.3103463028012,75.5862083717667,0.));
#9162=CARTESIAN_POINT('',(91.5603463028012,75.5862083717667,3.));
#9163=CARTESIAN_POINT('',(91.5603463028012,75.5862083717667,0.));
#9164=CARTESIAN_POINT('Origin',(92.3103463028012,75.5862083717667,3.));
#9165=CARTESIAN_POINT('Origin',(99.000001475215,2.00000147521494,0.));
#9166=CARTESIAN_POINT('',(98.250001475215,2.00000147521494,0.));
#9167=CARTESIAN_POINT('Origin',(99.000001475215,2.00000147521494,0.));
#9168=CARTESIAN_POINT('',(98.250001475215,2.00000147521494,3.));
#9169=CARTESIAN_POINT('',(98.250001475215,2.00000147521494,0.));
#9170=CARTESIAN_POINT('Origin',(99.000001475215,2.00000147521494,3.));
#9171=CARTESIAN_POINT('Origin',(75.5862083717667,8.68965664762871,0.));
#9172=CARTESIAN_POINT('',(74.8362083717667,8.68965664762871,0.));
#9173=CARTESIAN_POINT('Origin',(75.5862083717667,8.68965664762871,0.));
#9174=CARTESIAN_POINT('',(74.8362083717667,8.68965664762871,3.));
#9175=CARTESIAN_POINT('',(74.8362083717667,8.68965664762871,0.));
#9176=CARTESIAN_POINT('Origin',(75.5862083717667,8.68965664762871,3.));
#9177=CARTESIAN_POINT('Origin',(95.655173889008,95.655173889008,0.));
#9178=CARTESIAN_POINT('',(94.9051738890081,95.655173889008,0.));
#9179=CARTESIAN_POINT('Origin',(95.655173889008,95.655173889008,0.));
#9180=CARTESIAN_POINT('',(94.9051738890081,95.655173889008,3.));
#9181=CARTESIAN_POINT('',(94.9051738890081,95.655173889008,0.));
#9182=CARTESIAN_POINT('Origin',(95.655173889008,95.655173889008,3.));
#9183=CARTESIAN_POINT('Origin',(45.4827600959046,92.3103463028012,0.));
#9184=CARTESIAN_POINT('',(44.7327600959046,92.3103463028012,0.));
#9185=CARTESIAN_POINT('Origin',(45.4827600959046,92.3103463028012,0.));
#9186=CARTESIAN_POINT('',(44.7327600959046,92.3103463028012,3.));
#9187=CARTESIAN_POINT('',(44.7327600959046,92.3103463028012,0.));
#9188=CARTESIAN_POINT('Origin',(45.4827600959046,92.3103463028012,3.));
#9189=CARTESIAN_POINT('Origin',(92.3103463028012,88.9310359579736,0.));
#9190=CARTESIAN_POINT('',(91.5603463028012,88.9310359579736,0.));
#9191=CARTESIAN_POINT('Origin',(92.3103463028012,88.9310359579736,0.));
#9192=CARTESIAN_POINT('',(91.5603463028012,88.9310359579736,3.));
#9193=CARTESIAN_POINT('',(91.5603463028012,88.9310359579736,0.));
#9194=CARTESIAN_POINT('Origin',(92.3103463028012,88.9310359579736,3.));
#9195=CARTESIAN_POINT('Origin',(45.4827600959046,99.000001475215,0.));
#9196=CARTESIAN_POINT('',(44.7327600959046,99.000001475215,0.));
#9197=CARTESIAN_POINT('Origin',(45.4827600959046,99.000001475215,0.));
#9198=CARTESIAN_POINT('',(44.7327600959046,99.000001475215,3.));
#9199=CARTESIAN_POINT('',(44.7327600959046,99.000001475215,0.));
#9200=CARTESIAN_POINT('Origin',(45.4827600959046,99.000001475215,3.));
#9201=CARTESIAN_POINT('Origin',(99.000001475215,62.2068980269391,0.));
#9202=CARTESIAN_POINT('',(98.250001475215,62.2068980269391,0.));
#9203=CARTESIAN_POINT('Origin',(99.000001475215,62.2068980269391,0.));
#9204=CARTESIAN_POINT('',(98.250001475215,62.2068980269391,3.));
#9205=CARTESIAN_POINT('',(98.250001475215,62.2068980269391,0.));
#9206=CARTESIAN_POINT('Origin',(99.000001475215,62.2068980269391,3.));
#9207=CARTESIAN_POINT('Origin',(99.000001475215,82.2758635441805,0.));
#9208=CARTESIAN_POINT('',(98.250001475215,82.2758635441805,0.));
#9209=CARTESIAN_POINT('Origin',(99.000001475215,82.2758635441805,0.));
#9210=CARTESIAN_POINT('',(98.250001475215,82.2758635441805,3.));
#9211=CARTESIAN_POINT('',(98.250001475215,82.2758635441805,0.));
#9212=CARTESIAN_POINT('Origin',(99.000001475215,82.2758635441805,3.));
#9213=CARTESIAN_POINT('Origin',(38.7931049234908,92.3103463028012,0.));
#9214=CARTESIAN_POINT('',(38.0431049234908,92.3103463028012,0.));
#9215=CARTESIAN_POINT('Origin',(38.7931049234908,92.3103463028012,0.));
#9216=CARTESIAN_POINT('',(38.0431049234908,92.3103463028012,3.));
#9217=CARTESIAN_POINT('',(38.0431049234908,92.3103463028012,0.));
#9218=CARTESIAN_POINT('Origin',(38.7931049234908,92.3103463028012,3.));
#9219=CARTESIAN_POINT('Origin',(48.7931049234908,99.000001475215,0.));
#9220=CARTESIAN_POINT('',(48.0431049234908,99.000001475215,0.));
#9221=CARTESIAN_POINT('Origin',(48.7931049234908,99.000001475215,0.));
#9222=CARTESIAN_POINT('',(48.0431049234908,99.000001475215,3.));
#9223=CARTESIAN_POINT('',(48.0431049234908,99.000001475215,0.));
#9224=CARTESIAN_POINT('Origin',(48.7931049234908,99.000001475215,3.));
#9225=CARTESIAN_POINT('Origin',(95.6551738890081,52.1379325096977,0.));
#9226=CARTESIAN_POINT('',(94.9051738890081,52.1379325096977,0.));
#9227=CARTESIAN_POINT('Origin',(95.6551738890081,52.1379325096977,0.));
#9228=CARTESIAN_POINT('',(94.9051738890081,52.1379325096977,3.));
#9229=CARTESIAN_POINT('',(94.9051738890081,52.1379325096977,0.));
#9230=CARTESIAN_POINT('Origin',(95.6551738890081,52.1379325096977,3.));
#9231=CARTESIAN_POINT('Origin',(95.6551738890081,58.8620704407322,0.));
#9232=CARTESIAN_POINT('',(94.9051738890081,58.8620704407322,0.));
#9233=CARTESIAN_POINT('Origin',(95.6551738890081,58.8620704407322,0.));
#9234=CARTESIAN_POINT('',(94.9051738890081,58.8620704407322,3.));
#9235=CARTESIAN_POINT('',(94.9051738890081,58.8620704407322,0.));
#9236=CARTESIAN_POINT('Origin',(95.6551738890081,58.8620704407322,3.));
#9237=CARTESIAN_POINT('Origin',(92.3103463028012,55.4827600959046,0.));
#9238=CARTESIAN_POINT('',(91.5603463028012,55.4827600959046,0.));
#9239=CARTESIAN_POINT('Origin',(92.3103463028012,55.4827600959046,0.));
#9240=CARTESIAN_POINT('',(91.5603463028012,55.4827600959046,3.));
#9241=CARTESIAN_POINT('',(91.5603463028012,55.4827600959046,0.));
#9242=CARTESIAN_POINT('Origin',(92.3103463028012,55.4827600959046,3.));
#9243=CARTESIAN_POINT('Origin',(99.000001475215,38.7931049234908,0.));
#9244=CARTESIAN_POINT('',(98.250001475215,38.7931049234908,0.));
#9245=CARTESIAN_POINT('Origin',(99.000001475215,38.7931049234908,0.));
#9246=CARTESIAN_POINT('',(98.250001475215,38.7931049234908,3.));
#9247=CARTESIAN_POINT('',(98.250001475215,38.7931049234908,0.));
#9248=CARTESIAN_POINT('Origin',(99.000001475215,38.7931049234908,3.));
#9249=CARTESIAN_POINT('Origin',(58.8620704407322,99.000001475215,0.));
#9250=CARTESIAN_POINT('',(58.1120704407322,99.000001475215,0.));
#9251=CARTESIAN_POINT('Origin',(58.8620704407322,99.000001475215,0.));
#9252=CARTESIAN_POINT('',(58.1120704407322,99.000001475215,3.));
#9253=CARTESIAN_POINT('',(58.1120704407322,99.000001475215,0.));
#9254=CARTESIAN_POINT('Origin',(58.8620704407322,99.000001475215,3.));
#9255=CARTESIAN_POINT('Origin',(48.8275876821115,5.34482906142183,0.));
#9256=CARTESIAN_POINT('',(48.0775876821115,5.34482906142183,0.));
#9257=CARTESIAN_POINT('Origin',(48.8275876821115,5.34482906142183,0.));
#9258=CARTESIAN_POINT('',(48.0775876821115,5.34482906142183,3.));
#9259=CARTESIAN_POINT('',(48.0775876821115,5.34482906142183,0.));
#9260=CARTESIAN_POINT('Origin',(48.8275876821115,5.34482906142183,3.));
#9261=CARTESIAN_POINT('Origin',(55.4827600959046,99.000001475215,0.));
#9262=CARTESIAN_POINT('',(54.7327600959046,99.000001475215,0.));
#9263=CARTESIAN_POINT('Origin',(55.4827600959046,99.000001475215,0.));
#9264=CARTESIAN_POINT('',(54.7327600959046,99.000001475215,3.));
#9265=CARTESIAN_POINT('',(54.7327600959046,99.000001475215,0.));
#9266=CARTESIAN_POINT('Origin',(55.4827600959046,99.000001475215,3.));
#9267=CARTESIAN_POINT('Origin',(55.5172428545253,2.00000147521494,0.));
#9268=CARTESIAN_POINT('',(54.7672428545253,2.00000147521494,0.));
#9269=CARTESIAN_POINT('Origin',(55.5172428545253,2.00000147521494,0.));
#9270=CARTESIAN_POINT('',(54.7672428545253,2.00000147521494,3.));
#9271=CARTESIAN_POINT('',(54.7672428545253,2.00000147521494,0.));
#9272=CARTESIAN_POINT('Origin',(55.5172428545253,2.00000147521494,3.));
#9273=CARTESIAN_POINT('Origin',(95.6551738890081,48.8275876821115,0.));
#9274=CARTESIAN_POINT('',(94.9051738890081,48.8275876821115,0.));
#9275=CARTESIAN_POINT('Origin',(95.6551738890081,48.8275876821115,0.));
#9276=CARTESIAN_POINT('',(94.9051738890081,48.8275876821115,3.));
#9277=CARTESIAN_POINT('',(94.9051738890081,48.8275876821115,0.));
#9278=CARTESIAN_POINT('Origin',(95.6551738890081,48.8275876821115,3.));
#9279=CARTESIAN_POINT('Origin',(42.1379325096977,92.3103463028012,0.));
#9280=CARTESIAN_POINT('',(41.3879325096977,92.3103463028012,0.));
#9281=CARTESIAN_POINT('Origin',(42.1379325096977,92.3103463028012,0.));
#9282=CARTESIAN_POINT('',(41.3879325096977,92.3103463028012,3.));
#9283=CARTESIAN_POINT('',(41.3879325096977,92.3103463028012,0.));
#9284=CARTESIAN_POINT('Origin',(42.1379325096977,92.3103463028012,3.));
#9285=CARTESIAN_POINT('Origin',(92.3103463028012,58.8620704407322,0.));
#9286=CARTESIAN_POINT('',(91.5603463028012,58.8620704407322,0.));
#9287=CARTESIAN_POINT('Origin',(92.3103463028012,58.8620704407322,0.));
#9288=CARTESIAN_POINT('',(91.5603463028012,58.8620704407322,3.));
#9289=CARTESIAN_POINT('',(91.5603463028012,58.8620704407322,0.));
#9290=CARTESIAN_POINT('Origin',(92.3103463028012,58.8620704407322,3.));
#9291=CARTESIAN_POINT('Origin',(58.8620704407322,92.3103463028012,0.));
#9292=CARTESIAN_POINT('',(58.1120704407322,92.3103463028012,0.));
#9293=CARTESIAN_POINT('Origin',(58.8620704407322,92.3103463028012,0.));
#9294=CARTESIAN_POINT('',(58.1120704407322,92.3103463028012,3.));
#9295=CARTESIAN_POINT('',(58.1120704407322,92.3103463028012,0.));
#9296=CARTESIAN_POINT('Origin',(58.8620704407322,92.3103463028012,3.));
#9297=CARTESIAN_POINT('Origin',(62.2068980269391,2.00000147521493,0.));
#9298=CARTESIAN_POINT('',(61.4568980269391,2.00000147521493,0.));
#9299=CARTESIAN_POINT('Origin',(62.2068980269391,2.00000147521493,0.));
#9300=CARTESIAN_POINT('',(61.4568980269391,2.00000147521493,3.));
#9301=CARTESIAN_POINT('',(61.4568980269391,2.00000147521493,0.));
#9302=CARTESIAN_POINT('Origin',(62.2068980269391,2.00000147521493,3.));
#9303=CARTESIAN_POINT('Origin',(55.4827600959046,8.68965664762873,0.));
#9304=CARTESIAN_POINT('',(54.7327600959046,8.68965664762873,0.));
#9305=CARTESIAN_POINT('Origin',(55.4827600959046,8.68965664762873,0.));
#9306=CARTESIAN_POINT('',(54.7327600959046,8.68965664762873,3.));
#9307=CARTESIAN_POINT('',(54.7327600959046,8.68965664762873,0.));
#9308=CARTESIAN_POINT('Origin',(55.4827600959046,8.68965664762873,3.));
#9309=CARTESIAN_POINT('Origin',(45.4827600959046,2.00000147521494,0.));
#9310=CARTESIAN_POINT('',(44.7327600959046,2.00000147521494,0.));
#9311=CARTESIAN_POINT('Origin',(45.4827600959046,2.00000147521494,0.));
#9312=CARTESIAN_POINT('',(44.7327600959046,2.00000147521494,3.));
#9313=CARTESIAN_POINT('',(44.7327600959046,2.00000147521494,0.));
#9314=CARTESIAN_POINT('Origin',(45.4827600959046,2.00000147521494,3.));
#9315=CARTESIAN_POINT('Origin',(58.8620704407322,2.00000147521494,0.));
#9316=CARTESIAN_POINT('',(58.1120704407322,2.00000147521494,0.));
#9317=CARTESIAN_POINT('Origin',(58.8620704407322,2.00000147521494,0.));
#9318=CARTESIAN_POINT('',(58.1120704407322,2.00000147521494,3.));
#9319=CARTESIAN_POINT('',(58.1120704407322,2.00000147521494,0.));
#9320=CARTESIAN_POINT('Origin',(58.8620704407322,2.00000147521494,3.));
#9321=CARTESIAN_POINT('Origin',(42.1379325096977,8.68965664762873,0.));
#9322=CARTESIAN_POINT('',(41.3879325096977,8.68965664762873,0.));
#9323=CARTESIAN_POINT('Origin',(42.1379325096977,8.68965664762873,0.));
#9324=CARTESIAN_POINT('',(41.3879325096977,8.68965664762873,3.));
#9325=CARTESIAN_POINT('',(41.3879325096977,8.68965664762873,0.));
#9326=CARTESIAN_POINT('Origin',(42.1379325096977,8.68965664762873,3.));
#9327=CARTESIAN_POINT('Origin',(25.4137945786632,95.6551738890081,0.));
#9328=CARTESIAN_POINT('',(24.6637945786632,95.6551738890081,0.));
#9329=CARTESIAN_POINT('Origin',(25.4137945786632,95.6551738890081,0.));
#9330=CARTESIAN_POINT('',(24.6637945786632,95.6551738890081,3.));
#9331=CARTESIAN_POINT('',(24.6637945786632,95.6551738890081,0.));
#9332=CARTESIAN_POINT('Origin',(25.4137945786632,95.6551738890081,3.));
#9333=CARTESIAN_POINT('Origin',(5.34482906142184,92.2758635441805,0.));
#9334=CARTESIAN_POINT('',(4.59482906142184,92.2758635441805,0.));
#9335=CARTESIAN_POINT('Origin',(5.34482906142184,92.2758635441805,0.));
#9336=CARTESIAN_POINT('',(4.59482906142184,92.2758635441805,3.));
#9337=CARTESIAN_POINT('',(4.59482906142184,92.2758635441805,0.));
#9338=CARTESIAN_POINT('Origin',(5.34482906142184,92.2758635441805,3.));
#9339=CARTESIAN_POINT('Origin',(5.34482906142184,75.5862083717667,0.));
#9340=CARTESIAN_POINT('',(4.59482906142184,75.5862083717667,0.));
#9341=CARTESIAN_POINT('Origin',(5.34482906142184,75.5862083717667,0.));
#9342=CARTESIAN_POINT('',(4.59482906142184,75.5862083717667,3.));
#9343=CARTESIAN_POINT('',(4.59482906142184,75.5862083717667,0.));
#9344=CARTESIAN_POINT('Origin',(5.34482906142184,75.5862083717667,3.));
#9345=CARTESIAN_POINT('Origin',(8.68965664762873,95.6551738890081,0.));
#9346=CARTESIAN_POINT('',(7.93965664762873,95.6551738890081,0.));
#9347=CARTESIAN_POINT('Origin',(8.68965664762873,95.6551738890081,0.));
#9348=CARTESIAN_POINT('',(7.93965664762873,95.6551738890081,3.));
#9349=CARTESIAN_POINT('',(7.93965664762873,95.6551738890081,0.));
#9350=CARTESIAN_POINT('Origin',(8.68965664762873,95.6551738890081,3.));
#9351=CARTESIAN_POINT('Origin',(15.3448290614218,95.6551738890081,0.));
#9352=CARTESIAN_POINT('',(14.5948290614218,95.6551738890081,0.));
#9353=CARTESIAN_POINT('Origin',(15.3448290614218,95.6551738890081,0.));
#9354=CARTESIAN_POINT('',(14.5948290614218,95.6551738890081,3.));
#9355=CARTESIAN_POINT('',(14.5948290614218,95.6551738890081,0.));
#9356=CARTESIAN_POINT('Origin',(15.3448290614218,95.6551738890081,3.));
#9357=CARTESIAN_POINT('Origin',(2.00000147521495,92.2758635441805,0.));
#9358=CARTESIAN_POINT('',(1.25000147521495,92.2758635441805,0.));
#9359=CARTESIAN_POINT('Origin',(2.00000147521495,92.2758635441805,0.));
#9360=CARTESIAN_POINT('',(1.25000147521495,92.2758635441805,3.));
#9361=CARTESIAN_POINT('',(1.25000147521495,92.2758635441805,0.));
#9362=CARTESIAN_POINT('Origin',(2.00000147521495,92.2758635441805,3.));
#9363=CARTESIAN_POINT('Origin',(8.68965664762873,82.2758635441805,0.));
#9364=CARTESIAN_POINT('',(7.93965664762873,82.2758635441805,0.));
#9365=CARTESIAN_POINT('Origin',(8.68965664762873,82.2758635441805,0.));
#9366=CARTESIAN_POINT('',(7.93965664762873,82.2758635441805,3.));
#9367=CARTESIAN_POINT('',(7.93965664762873,82.2758635441805,0.));
#9368=CARTESIAN_POINT('Origin',(8.68965664762873,82.2758635441805,3.));
#9369=CARTESIAN_POINT('Origin',(88.9655187165943,5.34482906142182,0.));
#9370=CARTESIAN_POINT('',(88.2155187165943,5.34482906142182,0.));
#9371=CARTESIAN_POINT('Origin',(88.9655187165943,5.34482906142182,0.));
#9372=CARTESIAN_POINT('',(88.2155187165943,5.34482906142182,3.));
#9373=CARTESIAN_POINT('',(88.2155187165943,5.34482906142182,0.));
#9374=CARTESIAN_POINT('Origin',(88.9655187165943,5.34482906142182,3.));
#9375=CARTESIAN_POINT('Origin',(78.9310359579735,95.6551738890081,0.));
#9376=CARTESIAN_POINT('',(78.1810359579735,95.6551738890081,0.));
#9377=CARTESIAN_POINT('Origin',(78.9310359579735,95.6551738890081,0.));
#9378=CARTESIAN_POINT('',(78.1810359579735,95.6551738890081,3.));
#9379=CARTESIAN_POINT('',(78.1810359579735,95.6551738890081,0.));
#9380=CARTESIAN_POINT('Origin',(78.9310359579735,95.6551738890081,3.));
#9381=CARTESIAN_POINT('Origin',(78.9655187165943,2.00000147521492,0.));
#9382=CARTESIAN_POINT('',(78.2155187165943,2.00000147521492,0.));
#9383=CARTESIAN_POINT('Origin',(78.9655187165943,2.00000147521492,0.));
#9384=CARTESIAN_POINT('',(78.2155187165943,2.00000147521492,3.));
#9385=CARTESIAN_POINT('',(78.2155187165943,2.00000147521492,0.));
#9386=CARTESIAN_POINT('Origin',(78.9655187165943,2.00000147521492,3.));
#9387=CARTESIAN_POINT('Origin',(95.6551738890081,12.0344842338356,0.));
#9388=CARTESIAN_POINT('',(94.9051738890081,12.0344842338356,0.));
#9389=CARTESIAN_POINT('Origin',(95.6551738890081,12.0344842338356,0.));
#9390=CARTESIAN_POINT('',(94.9051738890081,12.0344842338356,3.));
#9391=CARTESIAN_POINT('',(94.9051738890081,12.0344842338356,0.));
#9392=CARTESIAN_POINT('Origin',(95.6551738890081,12.0344842338356,3.));
#9393=CARTESIAN_POINT('Origin',(92.3103463028012,8.68965664762873,0.));
#9394=CARTESIAN_POINT('',(91.5603463028012,8.68965664762873,0.));
#9395=CARTESIAN_POINT('Origin',(92.3103463028012,8.68965664762873,0.));
#9396=CARTESIAN_POINT('',(91.5603463028012,8.68965664762873,3.));
#9397=CARTESIAN_POINT('',(91.5603463028012,8.68965664762873,0.));
#9398=CARTESIAN_POINT('Origin',(92.3103463028012,8.68965664762873,3.));
#9399=CARTESIAN_POINT('Origin',(92.3103463028012,12.0000014752149,0.));
#9400=CARTESIAN_POINT('',(91.5603463028012,12.0000014752149,0.));
#9401=CARTESIAN_POINT('Origin',(92.3103463028012,12.0000014752149,0.));
#9402=CARTESIAN_POINT('',(91.5603463028012,12.0000014752149,3.));
#9403=CARTESIAN_POINT('',(91.5603463028012,12.0000014752149,0.));
#9404=CARTESIAN_POINT('Origin',(92.3103463028012,12.0000014752149,3.));
#9405=CARTESIAN_POINT('Origin',(75.5862083717667,95.6551738890081,0.));
#9406=CARTESIAN_POINT('',(74.8362083717667,95.6551738890081,0.));
#9407=CARTESIAN_POINT('Origin',(75.5862083717667,95.6551738890081,0.));
#9408=CARTESIAN_POINT('',(74.8362083717667,95.6551738890081,3.));
#9409=CARTESIAN_POINT('',(74.8362083717667,95.6551738890081,0.));
#9410=CARTESIAN_POINT('Origin',(75.5862083717667,95.6551738890081,3.));
#9411=CARTESIAN_POINT('Origin',(8.68965664762873,15.3448290614219,0.));
#9412=CARTESIAN_POINT('',(7.93965664762874,15.3448290614219,0.));
#9413=CARTESIAN_POINT('Origin',(8.68965664762873,15.3448290614219,0.));
#9414=CARTESIAN_POINT('',(7.93965664762874,15.3448290614219,3.));
#9415=CARTESIAN_POINT('',(7.93965664762874,15.3448290614219,0.));
#9416=CARTESIAN_POINT('Origin',(8.68965664762873,15.3448290614219,3.));
#9417=CARTESIAN_POINT('Origin',(8.68965664762873,22.0689669924564,0.));
#9418=CARTESIAN_POINT('',(7.93965664762872,22.0689669924564,0.));
#9419=CARTESIAN_POINT('Origin',(8.68965664762873,22.0689669924564,0.));
#9420=CARTESIAN_POINT('',(7.93965664762872,22.0689669924564,3.));
#9421=CARTESIAN_POINT('',(7.93965664762872,22.0689669924564,0.));
#9422=CARTESIAN_POINT('Origin',(8.68965664762873,22.0689669924564,3.));
#9423=CARTESIAN_POINT('Origin',(15.3793118200425,8.68965664762873,0.));
#9424=CARTESIAN_POINT('',(14.6293118200425,8.68965664762873,0.));
#9425=CARTESIAN_POINT('Origin',(15.3793118200425,8.68965664762873,0.));
#9426=CARTESIAN_POINT('',(14.6293118200425,8.68965664762873,3.));
#9427=CARTESIAN_POINT('',(14.6293118200425,8.68965664762873,0.));
#9428=CARTESIAN_POINT('Origin',(15.3793118200425,8.68965664762873,3.));
#9429=CARTESIAN_POINT('Origin',(25.3793118200425,8.6896566476287,0.));
#9430=CARTESIAN_POINT('',(24.6293118200425,8.6896566476287,0.));
#9431=CARTESIAN_POINT('Origin',(25.3793118200425,8.6896566476287,0.));
#9432=CARTESIAN_POINT('',(24.6293118200425,8.6896566476287,3.));
#9433=CARTESIAN_POINT('',(24.6293118200425,8.6896566476287,0.));
#9434=CARTESIAN_POINT('Origin',(25.3793118200425,8.6896566476287,3.));
#9435=CARTESIAN_POINT('Origin',(8.68965664762873,5.34482906142188,0.));
#9436=CARTESIAN_POINT('',(7.93965664762873,5.34482906142188,0.));
#9437=CARTESIAN_POINT('Origin',(8.68965664762873,5.34482906142188,0.));
#9438=CARTESIAN_POINT('',(7.93965664762873,5.34482906142188,3.));
#9439=CARTESIAN_POINT('',(7.93965664762873,5.34482906142188,0.));
#9440=CARTESIAN_POINT('Origin',(8.68965664762873,5.34482906142188,3.));
#9441=CARTESIAN_POINT('Origin',(2.00000147521494,18.6896566476288,0.));
#9442=CARTESIAN_POINT('',(1.25000147521495,18.6896566476288,0.));
#9443=CARTESIAN_POINT('Origin',(2.00000147521494,18.6896566476288,0.));
#9444=CARTESIAN_POINT('',(1.25000147521495,18.6896566476288,3.));
#9445=CARTESIAN_POINT('',(1.25000147521495,18.6896566476288,0.));
#9446=CARTESIAN_POINT('Origin',(2.00000147521494,18.6896566476288,3.));
#9447=CARTESIAN_POINT('Origin',(5.34482906142184,15.3448290614219,0.));
#9448=CARTESIAN_POINT('',(4.59482906142183,15.3448290614219,0.));
#9449=CARTESIAN_POINT('Origin',(5.34482906142184,15.3448290614219,0.));
#9450=CARTESIAN_POINT('',(4.59482906142183,15.3448290614219,3.));
#9451=CARTESIAN_POINT('',(4.59482906142183,15.3448290614219,0.));
#9452=CARTESIAN_POINT('Origin',(5.34482906142184,15.3448290614219,3.));
#9453=CARTESIAN_POINT('Origin',(12.0344842338356,2.00000147521495,0.));
#9454=CARTESIAN_POINT('',(11.2844842338356,2.00000147521495,0.));
#9455=CARTESIAN_POINT('Origin',(12.0344842338356,2.00000147521495,0.));
#9456=CARTESIAN_POINT('',(11.2844842338356,2.00000147521495,3.));
#9457=CARTESIAN_POINT('',(11.2844842338356,2.00000147521495,0.));
#9458=CARTESIAN_POINT('Origin',(12.0344842338356,2.00000147521495,3.));
#9459=CARTESIAN_POINT('Origin',(2.00000147521494,22.0689669924564,0.));
#9460=CARTESIAN_POINT('',(1.25000147521495,22.0689669924564,0.));
#9461=CARTESIAN_POINT('Origin',(2.00000147521494,22.0689669924564,0.));
#9462=CARTESIAN_POINT('',(1.25000147521495,22.0689669924564,3.));
#9463=CARTESIAN_POINT('',(1.25000147521495,22.0689669924564,0.));
#9464=CARTESIAN_POINT('Origin',(2.00000147521494,22.0689669924564,3.));
#9465=CARTESIAN_POINT('Origin',(15.3793118200425,2.00000147521495,0.));
#9466=CARTESIAN_POINT('',(14.6293118200425,2.00000147521495,0.));
#9467=CARTESIAN_POINT('Origin',(15.3793118200425,2.00000147521495,0.));
#9468=CARTESIAN_POINT('',(14.6293118200425,2.00000147521495,3.));
#9469=CARTESIAN_POINT('',(14.6293118200425,2.00000147521495,0.));
#9470=CARTESIAN_POINT('Origin',(15.3793118200425,2.00000147521495,3.));
#9471=CARTESIAN_POINT('Origin',(8.68965664762871,58.8620704407322,0.));
#9472=CARTESIAN_POINT('',(7.9396566476287,58.8620704407322,0.));
#9473=CARTESIAN_POINT('Origin',(8.68965664762871,58.8620704407322,0.));
#9474=CARTESIAN_POINT('',(7.9396566476287,58.8620704407322,3.));
#9475=CARTESIAN_POINT('',(7.9396566476287,58.8620704407322,0.));
#9476=CARTESIAN_POINT('Origin',(8.68965664762871,58.8620704407322,3.));
#9477=CARTESIAN_POINT('Origin',(5.34482906142184,5.34482906142188,0.));
#9478=CARTESIAN_POINT('',(4.59482906142185,5.34482906142188,0.));
#9479=CARTESIAN_POINT('Origin',(5.34482906142184,5.34482906142188,0.));
#9480=CARTESIAN_POINT('',(4.59482906142185,5.34482906142188,3.));
#9481=CARTESIAN_POINT('',(4.59482906142185,5.34482906142188,0.));
#9482=CARTESIAN_POINT('Origin',(5.34482906142184,5.34482906142188,3.));
#9483=CARTESIAN_POINT('Origin',(5.34482906142181,42.1379325096977,0.));
#9484=CARTESIAN_POINT('',(4.59482906142182,42.1379325096977,0.));
#9485=CARTESIAN_POINT('Origin',(5.34482906142181,42.1379325096977,0.));
#9486=CARTESIAN_POINT('',(4.59482906142182,42.1379325096977,3.));
#9487=CARTESIAN_POINT('',(4.59482906142182,42.1379325096977,0.));
#9488=CARTESIAN_POINT('Origin',(5.34482906142181,42.1379325096977,3.));
#9489=CARTESIAN_POINT('Origin',(2.00000147521494,25.4137945786632,0.));
#9490=CARTESIAN_POINT('',(1.25000147521495,25.4137945786632,0.));
#9491=CARTESIAN_POINT('Origin',(2.00000147521494,25.4137945786632,0.));
#9492=CARTESIAN_POINT('',(1.25000147521495,25.4137945786632,3.));
#9493=CARTESIAN_POINT('',(1.25000147521495,25.4137945786632,0.));
#9494=CARTESIAN_POINT('Origin',(2.00000147521494,25.4137945786632,3.));
#9495=CARTESIAN_POINT('Origin',(2.00000147521492,38.7931049234908,0.));
#9496=CARTESIAN_POINT('',(1.25000147521492,38.7931049234908,0.));
#9497=CARTESIAN_POINT('Origin',(2.00000147521492,38.7931049234908,0.));
#9498=CARTESIAN_POINT('',(1.25000147521492,38.7931049234908,3.));
#9499=CARTESIAN_POINT('',(1.25000147521492,38.7931049234908,0.));
#9500=CARTESIAN_POINT('Origin',(2.00000147521492,38.7931049234908,3.));
#9501=CARTESIAN_POINT('Origin',(8.68965664762873,2.00000147521498,0.));
#9502=CARTESIAN_POINT('',(7.93965664762873,2.00000147521498,0.));
#9503=CARTESIAN_POINT('Origin',(8.68965664762873,2.00000147521498,0.));
#9504=CARTESIAN_POINT('',(7.93965664762873,2.00000147521498,3.));
#9505=CARTESIAN_POINT('',(7.93965664762873,2.00000147521498,0.));
#9506=CARTESIAN_POINT('Origin',(8.68965664762873,2.00000147521498,3.));
#9507=CARTESIAN_POINT('Origin',(18.7241394062494,2.00000147521495,0.));
#9508=CARTESIAN_POINT('',(17.9741394062494,2.00000147521495,0.));
#9509=CARTESIAN_POINT('Origin',(18.7241394062494,2.00000147521495,0.));
#9510=CARTESIAN_POINT('',(17.9741394062494,2.00000147521495,3.));
#9511=CARTESIAN_POINT('',(17.9741394062494,2.00000147521495,0.));
#9512=CARTESIAN_POINT('Origin',(18.7241394062494,2.00000147521495,3.));
#9513=CARTESIAN_POINT('Origin',(25.3793118200425,2.00000147521492,0.));
#9514=CARTESIAN_POINT('',(24.6293118200425,2.00000147521492,0.));
#9515=CARTESIAN_POINT('Origin',(25.3793118200425,2.00000147521492,0.));
#9516=CARTESIAN_POINT('',(24.6293118200425,2.00000147521492,3.));
#9517=CARTESIAN_POINT('',(24.6293118200425,2.00000147521492,0.));
#9518=CARTESIAN_POINT('Origin',(25.3793118200425,2.00000147521492,3.));
#9519=CARTESIAN_POINT('Origin',(8.68965664762873,25.4137945786632,0.));
#9520=CARTESIAN_POINT('',(7.93965664762873,25.4137945786632,0.));
#9521=CARTESIAN_POINT('Origin',(8.68965664762873,25.4137945786632,0.));
#9522=CARTESIAN_POINT('',(7.93965664762873,25.4137945786632,3.));
#9523=CARTESIAN_POINT('',(7.93965664762873,25.4137945786632,0.));
#9524=CARTESIAN_POINT('Origin',(8.68965664762873,25.4137945786632,3.));
#9525=CARTESIAN_POINT('Origin',(5.34482906142184,12.0344842338357,0.));
#9526=CARTESIAN_POINT('',(4.59482906142184,12.0344842338357,0.));
#9527=CARTESIAN_POINT('Origin',(5.34482906142184,12.0344842338357,0.));
#9528=CARTESIAN_POINT('',(4.59482906142184,12.0344842338357,3.));
#9529=CARTESIAN_POINT('',(4.59482906142184,12.0344842338357,0.));
#9530=CARTESIAN_POINT('Origin',(5.34482906142184,12.0344842338357,3.));
#9531=CARTESIAN_POINT('Origin',(12.0344842338356,5.34482906142184,0.));
#9532=CARTESIAN_POINT('',(11.2844842338356,5.34482906142184,0.));
#9533=CARTESIAN_POINT('Origin',(12.0344842338356,5.34482906142184,0.));
#9534=CARTESIAN_POINT('',(11.2844842338356,5.34482906142184,3.));
#9535=CARTESIAN_POINT('',(11.2844842338356,5.34482906142184,0.));
#9536=CARTESIAN_POINT('Origin',(12.0344842338356,5.34482906142184,3.));
#9537=CARTESIAN_POINT('Origin',(2.00000147521495,2.00000147521497,0.));
#9538=CARTESIAN_POINT('',(1.25000147521495,2.00000147521497,0.));
#9539=CARTESIAN_POINT('Origin',(2.00000147521495,2.00000147521497,0.));
#9540=CARTESIAN_POINT('',(1.25000147521495,2.00000147521497,3.));
#9541=CARTESIAN_POINT('',(1.25000147521495,2.00000147521497,0.));
#9542=CARTESIAN_POINT('Origin',(2.00000147521495,2.00000147521497,3.));
#9543=CARTESIAN_POINT('Origin',(15.3793118200425,5.34482906142184,0.));
#9544=CARTESIAN_POINT('',(14.6293118200425,5.34482906142184,0.));
#9545=CARTESIAN_POINT('Origin',(15.3793118200425,5.34482906142184,0.));
#9546=CARTESIAN_POINT('',(14.6293118200425,5.34482906142184,3.));
#9547=CARTESIAN_POINT('',(14.6293118200425,5.34482906142184,0.));
#9548=CARTESIAN_POINT('Origin',(15.3793118200425,5.34482906142184,3.));
#9549=CARTESIAN_POINT('Origin',(82.2413807855598,99.000001475215,0.));
#9550=CARTESIAN_POINT('',(81.4913807855598,99.000001475215,0.));
#9551=CARTESIAN_POINT('Origin',(82.2413807855598,99.000001475215,0.));
#9552=CARTESIAN_POINT('',(81.4913807855598,99.000001475215,3.));
#9553=CARTESIAN_POINT('',(81.4913807855598,99.000001475215,0.));
#9554=CARTESIAN_POINT('Origin',(82.2413807855598,99.000001475215,3.));
#9555=CARTESIAN_POINT('Origin',(88.9655187165942,92.3103463028012,0.));
#9556=CARTESIAN_POINT('',(88.2155187165942,92.3103463028012,0.));
#9557=CARTESIAN_POINT('Origin',(88.9655187165942,92.3103463028012,0.));
#9558=CARTESIAN_POINT('',(88.2155187165942,92.3103463028012,3.));
#9559=CARTESIAN_POINT('',(88.2155187165942,92.3103463028012,0.));
#9560=CARTESIAN_POINT('Origin',(88.9655187165942,92.3103463028012,3.));
#9561=CARTESIAN_POINT('Origin',(78.9655187165943,5.34482906142181,0.));
#9562=CARTESIAN_POINT('',(78.2155187165943,5.34482906142181,0.));
#9563=CARTESIAN_POINT('Origin',(78.9655187165943,5.34482906142181,0.));
#9564=CARTESIAN_POINT('',(78.2155187165943,5.34482906142181,3.));
#9565=CARTESIAN_POINT('',(78.2155187165943,5.34482906142181,0.));
#9566=CARTESIAN_POINT('Origin',(78.9655187165943,5.34482906142181,3.));
#9567=CARTESIAN_POINT('Origin',(82.3103463028012,2.00000147521491,0.));
#9568=CARTESIAN_POINT('',(81.5603463028012,2.00000147521491,0.));
#9569=CARTESIAN_POINT('Origin',(82.3103463028012,2.00000147521491,0.));
#9570=CARTESIAN_POINT('',(81.5603463028012,2.00000147521491,3.));
#9571=CARTESIAN_POINT('',(81.5603463028012,2.00000147521491,0.));
#9572=CARTESIAN_POINT('Origin',(82.3103463028012,2.00000147521491,3.));
#9573=CARTESIAN_POINT('Origin',(88.9310359579735,99.000001475215,0.));
#9574=CARTESIAN_POINT('',(88.1810359579735,99.000001475215,0.));
#9575=CARTESIAN_POINT('Origin',(88.9310359579735,99.000001475215,0.));
#9576=CARTESIAN_POINT('',(88.1810359579735,99.000001475215,3.));
#9577=CARTESIAN_POINT('',(88.1810359579735,99.000001475215,0.));
#9578=CARTESIAN_POINT('Origin',(88.9310359579735,99.000001475215,3.));
#9579=CARTESIAN_POINT('Origin',(75.5862083717667,99.000001475215,0.));
#9580=CARTESIAN_POINT('',(74.8362083717667,99.000001475215,0.));
#9581=CARTESIAN_POINT('Origin',(75.5862083717667,99.000001475215,0.));
#9582=CARTESIAN_POINT('',(74.8362083717667,99.000001475215,3.));
#9583=CARTESIAN_POINT('',(74.8362083717667,99.000001475215,0.));
#9584=CARTESIAN_POINT('Origin',(75.5862083717667,99.000001475215,3.));
#9585=CARTESIAN_POINT('Origin',(95.6551738890081,8.68965664762873,0.));
#9586=CARTESIAN_POINT('',(94.9051738890081,8.68965664762873,0.));
#9587=CARTESIAN_POINT('Origin',(95.6551738890081,8.68965664762873,0.));
#9588=CARTESIAN_POINT('',(94.9051738890081,8.68965664762873,3.));
#9589=CARTESIAN_POINT('',(94.9051738890081,8.68965664762873,0.));
#9590=CARTESIAN_POINT('Origin',(95.6551738890081,8.68965664762873,3.));
#9591=CARTESIAN_POINT('Origin',(5.34482906142184,85.6206911303874,0.));
#9592=CARTESIAN_POINT('',(4.59482906142184,85.6206911303874,0.));
#9593=CARTESIAN_POINT('Origin',(5.34482906142184,85.6206911303874,0.));
#9594=CARTESIAN_POINT('',(4.59482906142184,85.6206911303874,3.));
#9595=CARTESIAN_POINT('',(4.59482906142184,85.6206911303874,0.));
#9596=CARTESIAN_POINT('Origin',(5.34482906142184,85.6206911303874,3.));
#9597=CARTESIAN_POINT('Origin',(2.00000147521495,78.9310359579736,0.));
#9598=CARTESIAN_POINT('',(1.25000147521495,78.9310359579736,0.));
#9599=CARTESIAN_POINT('Origin',(2.00000147521495,78.9310359579736,0.));
#9600=CARTESIAN_POINT('',(1.25000147521495,78.9310359579736,3.));
#9601=CARTESIAN_POINT('',(1.25000147521495,78.9310359579736,0.));
#9602=CARTESIAN_POINT('Origin',(2.00000147521495,78.9310359579736,3.));
#9603=CARTESIAN_POINT('Origin',(2.00000147521495,85.5862083717667,0.));
#9604=CARTESIAN_POINT('',(1.25000147521495,85.5862083717667,0.));
#9605=CARTESIAN_POINT('Origin',(2.00000147521495,85.5862083717667,0.));
#9606=CARTESIAN_POINT('',(1.25000147521495,85.5862083717667,3.));
#9607=CARTESIAN_POINT('',(1.25000147521495,85.5862083717667,0.));
#9608=CARTESIAN_POINT('Origin',(2.00000147521495,85.5862083717667,3.));
#9609=CARTESIAN_POINT('Origin',(5.34482906142184,88.9310359579736,0.));
#9610=CARTESIAN_POINT('',(4.59482906142184,88.9310359579736,0.));
#9611=CARTESIAN_POINT('Origin',(5.34482906142184,88.9310359579736,0.));
#9612=CARTESIAN_POINT('',(4.59482906142184,88.9310359579736,3.));
#9613=CARTESIAN_POINT('',(4.59482906142184,88.9310359579736,0.));
#9614=CARTESIAN_POINT('Origin',(5.34482906142184,88.9310359579736,3.));
#9615=CARTESIAN_POINT('Origin',(2.00000147521495,75.5862083717667,0.));
#9616=CARTESIAN_POINT('',(1.25000147521495,75.5862083717667,0.));
#9617=CARTESIAN_POINT('Origin',(2.00000147521495,75.5862083717667,0.));
#9618=CARTESIAN_POINT('',(1.25000147521495,75.5862083717667,3.));
#9619=CARTESIAN_POINT('',(1.25000147521495,75.5862083717667,0.));
#9620=CARTESIAN_POINT('Origin',(2.00000147521495,75.5862083717667,3.));
#9621=CARTESIAN_POINT('Origin',(8.68965664762873,85.6206911303874,0.));
#9622=CARTESIAN_POINT('',(7.93965664762874,85.6206911303874,0.));
#9623=CARTESIAN_POINT('Origin',(8.68965664762873,85.6206911303874,0.));
#9624=CARTESIAN_POINT('',(7.93965664762874,85.6206911303874,3.));
#9625=CARTESIAN_POINT('',(7.93965664762874,85.6206911303874,0.));
#9626=CARTESIAN_POINT('Origin',(8.68965664762873,85.6206911303874,3.));
#9627=CARTESIAN_POINT('Origin',(8.68965664762873,75.5862083717667,0.));
#9628=CARTESIAN_POINT('',(7.93965664762873,75.5862083717667,0.));
#9629=CARTESIAN_POINT('Origin',(8.68965664762873,75.5862083717667,0.));
#9630=CARTESIAN_POINT('',(7.93965664762873,75.5862083717667,3.));
#9631=CARTESIAN_POINT('',(7.93965664762873,75.5862083717667,0.));
#9632=CARTESIAN_POINT('Origin',(8.68965664762873,75.5862083717667,3.));
#9633=CARTESIAN_POINT('Origin',(38.7931049234908,5.34482906142183,0.));
#9634=CARTESIAN_POINT('',(38.0431049234908,5.34482906142183,0.));
#9635=CARTESIAN_POINT('Origin',(38.7931049234908,5.34482906142183,0.));
#9636=CARTESIAN_POINT('',(38.0431049234908,5.34482906142183,3.));
#9637=CARTESIAN_POINT('',(38.0431049234908,5.34482906142183,0.));
#9638=CARTESIAN_POINT('Origin',(38.7931049234908,5.34482906142183,3.));
#9639=CARTESIAN_POINT('Origin',(12.0344842338356,95.6551738890081,0.));
#9640=CARTESIAN_POINT('',(11.2844842338356,95.6551738890081,0.));
#9641=CARTESIAN_POINT('Origin',(12.0344842338356,95.6551738890081,0.));
#9642=CARTESIAN_POINT('',(11.2844842338356,95.6551738890081,3.));
#9643=CARTESIAN_POINT('',(11.2844842338356,95.6551738890081,0.));
#9644=CARTESIAN_POINT('Origin',(12.0344842338356,95.6551738890081,3.));
#9645=CARTESIAN_POINT('Origin',(48.7931049234908,8.68965664762873,0.));
#9646=CARTESIAN_POINT('',(48.0431049234908,8.68965664762873,0.));
#9647=CARTESIAN_POINT('Origin',(48.7931049234908,8.68965664762873,0.));
#9648=CARTESIAN_POINT('',(48.0431049234908,8.68965664762873,3.));
#9649=CARTESIAN_POINT('',(48.0431049234908,8.68965664762873,0.));
#9650=CARTESIAN_POINT('Origin',(48.7931049234908,8.68965664762873,3.));
#9651=CARTESIAN_POINT('Origin',(52.1379325096977,8.68965664762873,0.));
#9652=CARTESIAN_POINT('',(51.3879325096977,8.68965664762873,0.));
#9653=CARTESIAN_POINT('Origin',(52.1379325096977,8.68965664762873,0.));
#9654=CARTESIAN_POINT('',(51.3879325096977,8.68965664762873,3.));
#9655=CARTESIAN_POINT('',(51.3879325096977,8.68965664762873,0.));
#9656=CARTESIAN_POINT('Origin',(52.1379325096977,8.68965664762873,3.));
#9657=CARTESIAN_POINT('Origin',(42.1379325096977,5.34482906142183,0.));
#9658=CARTESIAN_POINT('',(41.3879325096977,5.34482906142183,0.));
#9659=CARTESIAN_POINT('Origin',(42.1379325096977,5.34482906142183,0.));
#9660=CARTESIAN_POINT('',(41.3879325096977,5.34482906142183,3.));
#9661=CARTESIAN_POINT('',(41.3879325096977,5.34482906142183,0.));
#9662=CARTESIAN_POINT('Origin',(42.1379325096977,5.34482906142183,3.));
#9663=CARTESIAN_POINT('Origin',(52.1379325096977,5.34482906142183,0.));
#9664=CARTESIAN_POINT('',(51.3879325096977,5.34482906142183,0.));
#9665=CARTESIAN_POINT('Origin',(52.1379325096977,5.34482906142183,0.));
#9666=CARTESIAN_POINT('',(51.3879325096977,5.34482906142183,3.));
#9667=CARTESIAN_POINT('',(51.3879325096977,5.34482906142183,0.));
#9668=CARTESIAN_POINT('Origin',(52.1379325096977,5.34482906142183,3.));
#9669=CARTESIAN_POINT('Origin',(52.1379325096977,95.6551738890081,0.));
#9670=CARTESIAN_POINT('',(51.3879325096977,95.6551738890081,0.));
#9671=CARTESIAN_POINT('Origin',(52.1379325096977,95.6551738890081,0.));
#9672=CARTESIAN_POINT('',(51.3879325096977,95.6551738890081,3.));
#9673=CARTESIAN_POINT('',(51.3879325096977,95.6551738890081,0.));
#9674=CARTESIAN_POINT('Origin',(52.1379325096977,95.6551738890081,3.));
#9675=CARTESIAN_POINT('Origin',(62.2068980269391,92.3103463028012,0.));
#9676=CARTESIAN_POINT('',(61.4568980269391,92.3103463028012,0.));
#9677=CARTESIAN_POINT('Origin',(62.2068980269391,92.3103463028012,0.));
#9678=CARTESIAN_POINT('',(61.4568980269391,92.3103463028012,3.));
#9679=CARTESIAN_POINT('',(61.4568980269391,92.3103463028012,0.));
#9680=CARTESIAN_POINT('Origin',(62.2068980269391,92.3103463028012,3.));
#9681=CARTESIAN_POINT('Origin',(99.000001475215,45.4827600959046,0.));
#9682=CARTESIAN_POINT('',(98.250001475215,45.4827600959046,0.));
#9683=CARTESIAN_POINT('Origin',(99.000001475215,45.4827600959046,0.));
#9684=CARTESIAN_POINT('',(98.250001475215,45.4827600959046,3.));
#9685=CARTESIAN_POINT('',(98.250001475215,45.4827600959046,0.));
#9686=CARTESIAN_POINT('Origin',(99.000001475215,45.4827600959046,3.));
#9687=CARTESIAN_POINT('Origin',(75.6206911303874,2.00000147521492,0.));
#9688=CARTESIAN_POINT('',(74.8706911303874,2.00000147521492,0.));
#9689=CARTESIAN_POINT('Origin',(75.6206911303874,2.00000147521492,0.));
#9690=CARTESIAN_POINT('',(74.8706911303874,2.00000147521492,3.));
#9691=CARTESIAN_POINT('',(74.8706911303874,2.00000147521492,0.));
#9692=CARTESIAN_POINT('Origin',(75.6206911303874,2.00000147521492,3.));
#9693=CARTESIAN_POINT('Origin',(92.3103463028012,48.7931049234908,0.));
#9694=CARTESIAN_POINT('',(91.5603463028012,48.7931049234908,0.));
#9695=CARTESIAN_POINT('Origin',(92.3103463028012,48.7931049234908,0.));
#9696=CARTESIAN_POINT('',(91.5603463028012,48.7931049234908,3.));
#9697=CARTESIAN_POINT('',(91.5603463028012,48.7931049234908,0.));
#9698=CARTESIAN_POINT('Origin',(92.3103463028012,48.7931049234908,3.));
#9699=CARTESIAN_POINT('Origin',(99.000001475215,55.5172428545253,0.));
#9700=CARTESIAN_POINT('',(98.250001475215,55.5172428545253,0.));
#9701=CARTESIAN_POINT('Origin',(99.000001475215,55.5172428545253,0.));
#9702=CARTESIAN_POINT('',(98.250001475215,55.5172428545253,3.));
#9703=CARTESIAN_POINT('',(98.250001475215,55.5172428545253,0.));
#9704=CARTESIAN_POINT('Origin',(99.000001475215,55.5172428545253,3.));
#9705=CARTESIAN_POINT('Origin',(88.9655187165943,8.68965664762872,0.));
#9706=CARTESIAN_POINT('',(88.2155187165943,8.68965664762872,0.));
#9707=CARTESIAN_POINT('Origin',(88.9655187165943,8.68965664762872,0.));
#9708=CARTESIAN_POINT('',(88.2155187165943,8.68965664762872,3.));
#9709=CARTESIAN_POINT('',(88.2155187165943,8.68965664762872,0.));
#9710=CARTESIAN_POINT('Origin',(88.9655187165943,8.68965664762872,3.));
#9711=CARTESIAN_POINT('Origin',(99.000001475215,18.7241394062494,0.));
#9712=CARTESIAN_POINT('',(98.250001475215,18.7241394062494,0.));
#9713=CARTESIAN_POINT('Origin',(99.000001475215,18.7241394062494,0.));
#9714=CARTESIAN_POINT('',(98.250001475215,18.7241394062494,3.));
#9715=CARTESIAN_POINT('',(98.250001475215,18.7241394062494,0.));
#9716=CARTESIAN_POINT('Origin',(99.000001475215,18.7241394062494,3.));
#9717=CARTESIAN_POINT('Origin',(92.3103463028012,18.6896566476287,0.));
#9718=CARTESIAN_POINT('',(91.5603463028012,18.6896566476287,0.));
#9719=CARTESIAN_POINT('Origin',(92.3103463028012,18.6896566476287,0.));
#9720=CARTESIAN_POINT('',(91.5603463028012,18.6896566476287,3.));
#9721=CARTESIAN_POINT('',(91.5603463028012,18.6896566476287,0.));
#9722=CARTESIAN_POINT('Origin',(92.3103463028012,18.6896566476287,3.));
#9723=CARTESIAN_POINT('Origin',(95.6551738890081,38.7931049234908,0.));
#9724=CARTESIAN_POINT('',(94.9051738890081,38.7931049234908,0.));
#9725=CARTESIAN_POINT('Origin',(95.6551738890081,38.7931049234908,0.));
#9726=CARTESIAN_POINT('',(94.9051738890081,38.7931049234908,3.));
#9727=CARTESIAN_POINT('',(94.9051738890081,38.7931049234908,0.));
#9728=CARTESIAN_POINT('Origin',(95.6551738890081,38.7931049234908,3.));
#9729=CARTESIAN_POINT('Origin',(99.000001475215,58.8620704407322,0.));
#9730=CARTESIAN_POINT('',(98.2500014752149,58.8620704407322,0.));
#9731=CARTESIAN_POINT('Origin',(99.000001475215,58.8620704407322,0.));
#9732=CARTESIAN_POINT('',(98.2500014752149,58.8620704407322,3.));
#9733=CARTESIAN_POINT('',(98.2500014752149,58.8620704407322,0.));
#9734=CARTESIAN_POINT('Origin',(99.000001475215,58.8620704407322,3.));
#9735=CARTESIAN_POINT('Origin',(92.3103463028012,45.4827600959046,0.));
#9736=CARTESIAN_POINT('',(91.5603463028012,45.4827600959046,0.));
#9737=CARTESIAN_POINT('Origin',(92.3103463028012,45.4827600959046,0.));
#9738=CARTESIAN_POINT('',(91.5603463028012,45.4827600959046,3.));
#9739=CARTESIAN_POINT('',(91.5603463028012,45.4827600959046,0.));
#9740=CARTESIAN_POINT('Origin',(92.3103463028012,45.4827600959046,3.));
#9741=CARTESIAN_POINT('Origin',(92.3103463028012,62.2068980269391,0.));
#9742=CARTESIAN_POINT('',(91.5603463028012,62.2068980269391,0.));
#9743=CARTESIAN_POINT('Origin',(92.3103463028012,62.2068980269391,0.));
#9744=CARTESIAN_POINT('',(91.5603463028012,62.2068980269391,3.));
#9745=CARTESIAN_POINT('',(91.5603463028012,62.2068980269391,0.));
#9746=CARTESIAN_POINT('Origin',(92.3103463028012,62.2068980269391,3.));
#9747=CARTESIAN_POINT('Origin',(38.7931049234908,99.000001475215,0.));
#9748=CARTESIAN_POINT('',(38.0431049234908,99.000001475215,0.));
#9749=CARTESIAN_POINT('Origin',(38.7931049234908,99.000001475215,0.));
#9750=CARTESIAN_POINT('',(38.0431049234908,99.000001475215,3.));
#9751=CARTESIAN_POINT('',(38.0431049234908,99.000001475215,0.));
#9752=CARTESIAN_POINT('Origin',(38.7931049234908,99.000001475215,3.));
#9753=CARTESIAN_POINT('Origin',(95.6551738890081,2.00000147521494,0.));
#9754=CARTESIAN_POINT('',(94.9051738890081,2.00000147521494,0.));
#9755=CARTESIAN_POINT('Origin',(95.6551738890081,2.00000147521494,0.));
#9756=CARTESIAN_POINT('',(94.9051738890081,2.00000147521494,3.));
#9757=CARTESIAN_POINT('',(94.9051738890081,2.00000147521494,0.));
#9758=CARTESIAN_POINT('Origin',(95.6551738890081,2.00000147521494,3.));
#9759=CARTESIAN_POINT('Origin',(99.000001475215,12.0344842338356,0.));
#9760=CARTESIAN_POINT('',(98.250001475215,12.0344842338356,0.));
#9761=CARTESIAN_POINT('Origin',(99.000001475215,12.0344842338356,0.));
#9762=CARTESIAN_POINT('',(98.250001475215,12.0344842338356,3.));
#9763=CARTESIAN_POINT('',(98.250001475215,12.0344842338356,0.));
#9764=CARTESIAN_POINT('Origin',(99.000001475215,12.0344842338356,3.));
#9765=CARTESIAN_POINT('Origin',(48.8275876821115,92.3103463028012,0.));
#9766=CARTESIAN_POINT('',(48.0775876821115,92.3103463028012,0.));
#9767=CARTESIAN_POINT('Origin',(48.8275876821115,92.3103463028012,0.));
#9768=CARTESIAN_POINT('',(48.0775876821115,92.3103463028012,3.));
#9769=CARTESIAN_POINT('',(48.0775876821115,92.3103463028012,0.));
#9770=CARTESIAN_POINT('Origin',(48.8275876821115,92.3103463028012,3.));
#9771=CARTESIAN_POINT('Origin',(42.1379325096977,99.000001475215,0.));
#9772=CARTESIAN_POINT('',(41.3879325096977,99.000001475215,0.));
#9773=CARTESIAN_POINT('Origin',(42.1379325096977,99.000001475215,0.));
#9774=CARTESIAN_POINT('',(41.3879325096977,99.000001475215,3.));
#9775=CARTESIAN_POINT('',(41.3879325096977,99.000001475215,0.));
#9776=CARTESIAN_POINT('Origin',(42.1379325096977,99.000001475215,3.));
#9777=CARTESIAN_POINT('Origin',(95.6551738890081,62.2068980269391,0.));
#9778=CARTESIAN_POINT('',(94.9051738890081,62.2068980269391,0.));
#9779=CARTESIAN_POINT('Origin',(95.6551738890081,62.2068980269391,0.));
#9780=CARTESIAN_POINT('',(94.9051738890081,62.2068980269391,3.));
#9781=CARTESIAN_POINT('',(94.9051738890081,62.2068980269391,0.));
#9782=CARTESIAN_POINT('Origin',(95.6551738890081,62.2068980269391,3.));
#9783=CARTESIAN_POINT('Origin',(99.000001475215,78.9310359579736,0.));
#9784=CARTESIAN_POINT('',(98.250001475215,78.9310359579736,0.));
#9785=CARTESIAN_POINT('Origin',(99.000001475215,78.9310359579736,0.));
#9786=CARTESIAN_POINT('',(98.250001475215,78.9310359579736,3.));
#9787=CARTESIAN_POINT('',(98.250001475215,78.9310359579736,0.));
#9788=CARTESIAN_POINT('Origin',(99.000001475215,78.9310359579736,3.));
#9789=CARTESIAN_POINT('Origin',(99.000001475215,15.3448290614218,0.));
#9790=CARTESIAN_POINT('',(98.250001475215,15.3448290614218,0.));
#9791=CARTESIAN_POINT('Origin',(99.000001475215,15.3448290614218,0.));
#9792=CARTESIAN_POINT('',(98.250001475215,15.3448290614218,3.));
#9793=CARTESIAN_POINT('',(98.250001475215,15.3448290614218,0.));
#9794=CARTESIAN_POINT('Origin',(99.000001475215,15.3448290614218,3.));
#9795=CARTESIAN_POINT('Origin',(99.000001475215,25.4137945786632,0.));
#9796=CARTESIAN_POINT('',(98.250001475215,25.4137945786632,0.));
#9797=CARTESIAN_POINT('Origin',(99.000001475215,25.4137945786632,0.));
#9798=CARTESIAN_POINT('',(98.250001475215,25.4137945786632,3.));
#9799=CARTESIAN_POINT('',(98.250001475215,25.4137945786632,0.));
#9800=CARTESIAN_POINT('Origin',(99.000001475215,25.4137945786632,3.));
#9801=CARTESIAN_POINT('Origin',(99.000001475215,8.68965664762873,0.));
#9802=CARTESIAN_POINT('',(98.250001475215,8.68965664762873,0.));
#9803=CARTESIAN_POINT('Origin',(99.000001475215,8.68965664762873,0.));
#9804=CARTESIAN_POINT('',(98.250001475215,8.68965664762873,3.));
#9805=CARTESIAN_POINT('',(98.250001475215,8.68965664762873,0.));
#9806=CARTESIAN_POINT('Origin',(99.000001475215,8.68965664762873,3.));
#9807=CARTESIAN_POINT('Origin',(92.3103463028012,99.0000014752149,0.));
#9808=CARTESIAN_POINT('',(91.5603463028012,99.0000014752149,0.));
#9809=CARTESIAN_POINT('Origin',(92.3103463028012,99.0000014752149,0.));
#9810=CARTESIAN_POINT('',(91.5603463028012,99.0000014752149,3.));
#9811=CARTESIAN_POINT('',(91.5603463028012,99.0000014752149,0.));
#9812=CARTESIAN_POINT('Origin',(92.3103463028012,99.0000014752149,3.));
#9813=CARTESIAN_POINT('Origin',(78.9310359579735,99.000001475215,0.));
#9814=CARTESIAN_POINT('',(78.1810359579736,99.000001475215,0.));
#9815=CARTESIAN_POINT('Origin',(78.9310359579735,99.000001475215,0.));
#9816=CARTESIAN_POINT('',(78.1810359579736,99.000001475215,3.));
#9817=CARTESIAN_POINT('',(78.1810359579736,99.000001475215,0.));
#9818=CARTESIAN_POINT('Origin',(78.9310359579735,99.000001475215,3.));
#9819=CARTESIAN_POINT('Origin',(2.00000147521492,58.8620704407322,0.));
#9820=CARTESIAN_POINT('',(1.25000147521493,58.8620704407322,0.));
#9821=CARTESIAN_POINT('Origin',(2.00000147521492,58.8620704407322,0.));
#9822=CARTESIAN_POINT('',(1.25000147521493,58.8620704407322,3.));
#9823=CARTESIAN_POINT('',(1.25000147521493,58.8620704407322,0.));
#9824=CARTESIAN_POINT('Origin',(2.00000147521492,58.8620704407322,3.));
#9825=CARTESIAN_POINT('Origin',(8.68965664762871,52.1379325096977,0.));
#9826=CARTESIAN_POINT('',(7.93965664762871,52.1379325096977,0.));
#9827=CARTESIAN_POINT('Origin',(8.68965664762871,52.1379325096977,0.));
#9828=CARTESIAN_POINT('',(7.93965664762871,52.1379325096977,3.));
#9829=CARTESIAN_POINT('',(7.93965664762871,52.1379325096977,0.));
#9830=CARTESIAN_POINT('Origin',(8.68965664762871,52.1379325096977,3.));
#9831=CARTESIAN_POINT('Origin',(5.34482906142181,45.4827600959046,0.));
#9832=CARTESIAN_POINT('',(4.59482906142181,45.4827600959046,0.));
#9833=CARTESIAN_POINT('Origin',(5.34482906142181,45.4827600959046,0.));
#9834=CARTESIAN_POINT('',(4.59482906142181,45.4827600959046,3.));
#9835=CARTESIAN_POINT('',(4.59482906142181,45.4827600959046,0.));
#9836=CARTESIAN_POINT('Origin',(5.34482906142181,45.4827600959046,3.));
#9837=CARTESIAN_POINT('Origin',(8.68965664762873,92.3103463028012,0.));
#9838=CARTESIAN_POINT('',(7.93965664762874,92.3103463028012,0.));
#9839=CARTESIAN_POINT('Origin',(8.68965664762873,92.3103463028012,0.));
#9840=CARTESIAN_POINT('',(7.93965664762874,92.3103463028012,3.));
#9841=CARTESIAN_POINT('',(7.93965664762874,92.3103463028012,0.));
#9842=CARTESIAN_POINT('Origin',(8.68965664762873,92.3103463028012,3.));
#9843=CARTESIAN_POINT('Origin',(2.00000147521492,55.4827600959046,0.));
#9844=CARTESIAN_POINT('',(1.25000147521492,55.4827600959046,0.));
#9845=CARTESIAN_POINT('Origin',(2.00000147521492,55.4827600959046,0.));
#9846=CARTESIAN_POINT('',(1.25000147521492,55.4827600959046,3.));
#9847=CARTESIAN_POINT('',(1.25000147521492,55.4827600959046,0.));
#9848=CARTESIAN_POINT('Origin',(2.00000147521492,55.4827600959046,3.));
#9849=CARTESIAN_POINT('Origin',(8.68965664762871,48.8275876821115,0.));
#9850=CARTESIAN_POINT('',(7.93965664762871,48.8275876821115,0.));
#9851=CARTESIAN_POINT('Origin',(8.68965664762871,48.8275876821115,0.));
#9852=CARTESIAN_POINT('',(7.93965664762871,48.8275876821115,3.));
#9853=CARTESIAN_POINT('',(7.93965664762871,48.8275876821115,0.));
#9854=CARTESIAN_POINT('Origin',(8.68965664762871,48.8275876821115,3.));
#9855=CARTESIAN_POINT('Origin',(18.6896566476287,99.000001475215,0.));
#9856=CARTESIAN_POINT('',(17.9396566476287,99.000001475215,0.));
#9857=CARTESIAN_POINT('Origin',(18.6896566476287,99.000001475215,0.));
#9858=CARTESIAN_POINT('',(17.9396566476287,99.000001475215,3.));
#9859=CARTESIAN_POINT('',(17.9396566476287,99.000001475215,0.));
#9860=CARTESIAN_POINT('Origin',(18.6896566476287,99.000001475215,3.));
#9861=CARTESIAN_POINT('Origin',(2.00000147521492,45.4827600959046,0.));
#9862=CARTESIAN_POINT('',(1.25000147521493,45.4827600959046,0.));
#9863=CARTESIAN_POINT('Origin',(2.00000147521492,45.4827600959046,0.));
#9864=CARTESIAN_POINT('',(1.25000147521493,45.4827600959046,3.));
#9865=CARTESIAN_POINT('',(1.25000147521493,45.4827600959046,0.));
#9866=CARTESIAN_POINT('Origin',(2.00000147521492,45.4827600959046,3.));
#9867=CARTESIAN_POINT('Origin',(5.34482906142181,52.1379325096977,0.));
#9868=CARTESIAN_POINT('',(4.59482906142181,52.1379325096977,0.));
#9869=CARTESIAN_POINT('Origin',(5.34482906142181,52.1379325096977,0.));
#9870=CARTESIAN_POINT('',(4.59482906142181,52.1379325096977,3.));
#9871=CARTESIAN_POINT('',(4.59482906142181,52.1379325096977,0.));
#9872=CARTESIAN_POINT('Origin',(5.34482906142181,52.1379325096977,3.));
#9873=CARTESIAN_POINT('Origin',(18.6896566476287,95.6551738890081,0.));
#9874=CARTESIAN_POINT('',(17.9396566476287,95.6551738890081,0.));
#9875=CARTESIAN_POINT('Origin',(18.6896566476287,95.6551738890081,0.));
#9876=CARTESIAN_POINT('',(17.9396566476287,95.6551738890081,3.));
#9877=CARTESIAN_POINT('',(17.9396566476287,95.6551738890081,0.));
#9878=CARTESIAN_POINT('Origin',(18.6896566476287,95.6551738890081,3.));
#9879=CARTESIAN_POINT('Origin',(8.68965664762871,45.4827600959046,0.));
#9880=CARTESIAN_POINT('',(7.93965664762871,45.4827600959046,0.));
#9881=CARTESIAN_POINT('Origin',(8.68965664762871,45.4827600959046,0.));
#9882=CARTESIAN_POINT('',(7.93965664762871,45.4827600959046,3.));
#9883=CARTESIAN_POINT('',(7.93965664762871,45.4827600959046,0.));
#9884=CARTESIAN_POINT('Origin',(8.68965664762871,45.4827600959046,3.));
#9885=CARTESIAN_POINT('Origin',(18.7241394062494,92.3103463028012,0.));
#9886=CARTESIAN_POINT('',(17.9741394062494,92.3103463028012,0.));
#9887=CARTESIAN_POINT('Origin',(18.7241394062494,92.3103463028012,0.));
#9888=CARTESIAN_POINT('',(17.9741394062494,92.3103463028012,3.));
#9889=CARTESIAN_POINT('',(17.9741394062494,92.3103463028012,0.));
#9890=CARTESIAN_POINT('Origin',(18.7241394062494,92.3103463028012,3.));
#9891=CARTESIAN_POINT('Origin',(95.655173889008,85.6206911303873,0.));
#9892=CARTESIAN_POINT('',(94.9051738890081,85.6206911303873,0.));
#9893=CARTESIAN_POINT('Origin',(95.655173889008,85.6206911303873,0.));
#9894=CARTESIAN_POINT('',(94.9051738890081,85.6206911303873,3.));
#9895=CARTESIAN_POINT('',(94.9051738890081,85.6206911303873,0.));
#9896=CARTESIAN_POINT('Origin',(95.655173889008,85.6206911303873,3.));
#9897=CARTESIAN_POINT('Origin',(95.655173889008,88.9310359579736,0.));
#9898=CARTESIAN_POINT('',(94.905173889008,88.9310359579736,0.));
#9899=CARTESIAN_POINT('Origin',(95.655173889008,88.9310359579736,0.));
#9900=CARTESIAN_POINT('',(94.905173889008,88.9310359579736,3.));
#9901=CARTESIAN_POINT('',(94.905173889008,88.9310359579736,0.));
#9902=CARTESIAN_POINT('Origin',(95.655173889008,88.9310359579736,3.));
#9903=CARTESIAN_POINT('Origin',(99.000001475215,88.9310359579736,0.));
#9904=CARTESIAN_POINT('',(98.250001475215,88.9310359579736,0.));
#9905=CARTESIAN_POINT('Origin',(99.000001475215,88.9310359579736,0.));
#9906=CARTESIAN_POINT('',(98.250001475215,88.9310359579736,3.));
#9907=CARTESIAN_POINT('',(98.250001475215,88.9310359579736,0.));
#9908=CARTESIAN_POINT('Origin',(99.000001475215,88.9310359579736,3.));
#9909=CARTESIAN_POINT('Origin',(92.3103463028012,95.655173889008,0.));
#9910=CARTESIAN_POINT('',(91.5603463028012,95.655173889008,0.));
#9911=CARTESIAN_POINT('Origin',(92.3103463028012,95.655173889008,0.));
#9912=CARTESIAN_POINT('',(91.5603463028012,95.655173889008,3.));
#9913=CARTESIAN_POINT('',(91.5603463028012,95.655173889008,0.));
#9914=CARTESIAN_POINT('Origin',(92.3103463028012,95.655173889008,3.));
#9915=CARTESIAN_POINT('Origin',(92.3103463028012,78.9310359579736,0.));
#9916=CARTESIAN_POINT('',(91.5603463028012,78.9310359579736,0.));
#9917=CARTESIAN_POINT('Origin',(92.3103463028012,78.9310359579736,0.));
#9918=CARTESIAN_POINT('',(91.5603463028012,78.9310359579736,3.));
#9919=CARTESIAN_POINT('',(91.5603463028012,78.9310359579736,0.));
#9920=CARTESIAN_POINT('Origin',(92.3103463028012,78.9310359579736,3.));
#9921=CARTESIAN_POINT('Origin',(95.655173889008,99.0000014752149,0.));
#9922=CARTESIAN_POINT('',(94.9051738890081,99.0000014752149,0.));
#9923=CARTESIAN_POINT('Origin',(95.655173889008,99.0000014752149,0.));
#9924=CARTESIAN_POINT('',(94.9051738890081,99.0000014752149,3.));
#9925=CARTESIAN_POINT('',(94.9051738890081,99.0000014752149,0.));
#9926=CARTESIAN_POINT('Origin',(95.655173889008,99.0000014752149,3.));
#9927=CARTESIAN_POINT('Origin',(92.3103463028012,85.5862083717667,0.));
#9928=CARTESIAN_POINT('',(91.5603463028012,85.5862083717667,0.));
#9929=CARTESIAN_POINT('Origin',(92.3103463028012,85.5862083717667,0.));
#9930=CARTESIAN_POINT('',(91.5603463028012,85.5862083717667,3.));
#9931=CARTESIAN_POINT('',(91.5603463028012,85.5862083717667,0.));
#9932=CARTESIAN_POINT('Origin',(92.3103463028012,85.5862083717667,3.));
#9933=CARTESIAN_POINT('Origin',(95.655173889008,82.2758635441805,0.));
#9934=CARTESIAN_POINT('',(94.905173889008,82.2758635441805,0.));
#9935=CARTESIAN_POINT('Origin',(95.655173889008,82.2758635441805,0.));
#9936=CARTESIAN_POINT('',(94.905173889008,82.2758635441805,3.));
#9937=CARTESIAN_POINT('',(94.905173889008,82.2758635441805,0.));
#9938=CARTESIAN_POINT('Origin',(95.655173889008,82.2758635441805,3.));
#9939=CARTESIAN_POINT('Origin',(82.3103463028012,8.6896566476287,0.));
#9940=CARTESIAN_POINT('',(81.5603463028012,8.6896566476287,0.));
#9941=CARTESIAN_POINT('Origin',(82.3103463028012,8.6896566476287,0.));
#9942=CARTESIAN_POINT('',(81.5603463028012,8.6896566476287,3.));
#9943=CARTESIAN_POINT('',(81.5603463028012,8.6896566476287,0.));
#9944=CARTESIAN_POINT('Origin',(82.3103463028012,8.6896566476287,3.));
#9945=CARTESIAN_POINT('Origin',(99.000001475215,99.0000014752149,0.));
#9946=CARTESIAN_POINT('',(98.250001475215,99.0000014752149,0.));
#9947=CARTESIAN_POINT('Origin',(99.000001475215,99.0000014752149,0.));
#9948=CARTESIAN_POINT('',(98.250001475215,99.0000014752149,3.));
#9949=CARTESIAN_POINT('',(98.250001475215,99.0000014752149,0.));
#9950=CARTESIAN_POINT('Origin',(99.000001475215,99.0000014752149,3.));
#9951=CARTESIAN_POINT('Origin',(45.4827600959046,95.6551738890081,0.));
#9952=CARTESIAN_POINT('',(44.7327600959046,95.6551738890081,0.));
#9953=CARTESIAN_POINT('Origin',(45.4827600959046,95.6551738890081,0.));
#9954=CARTESIAN_POINT('',(44.7327600959046,95.6551738890081,3.));
#9955=CARTESIAN_POINT('',(44.7327600959046,95.6551738890081,0.));
#9956=CARTESIAN_POINT('Origin',(45.4827600959046,95.6551738890081,3.));
#9957=CARTESIAN_POINT('Origin',(95.655173889008,92.2758635441805,0.));
#9958=CARTESIAN_POINT('',(94.905173889008,92.2758635441805,0.));
#9959=CARTESIAN_POINT('Origin',(95.655173889008,92.2758635441805,0.));
#9960=CARTESIAN_POINT('',(94.905173889008,92.2758635441805,3.));
#9961=CARTESIAN_POINT('',(94.905173889008,92.2758635441805,0.));
#9962=CARTESIAN_POINT('Origin',(95.655173889008,92.2758635441805,3.));
#9963=CARTESIAN_POINT('Origin',(38.7931049234908,95.6551738890081,0.));
#9964=CARTESIAN_POINT('',(38.0431049234908,95.6551738890081,0.));
#9965=CARTESIAN_POINT('Origin',(38.7931049234908,95.6551738890081,0.));
#9966=CARTESIAN_POINT('',(38.0431049234908,95.6551738890081,3.));
#9967=CARTESIAN_POINT('',(38.0431049234908,95.6551738890081,0.));
#9968=CARTESIAN_POINT('Origin',(38.7931049234908,95.6551738890081,3.));
#9969=CARTESIAN_POINT('Origin',(92.3103463028012,38.7931049234908,0.));
#9970=CARTESIAN_POINT('',(91.5603463028012,38.7931049234908,0.));
#9971=CARTESIAN_POINT('Origin',(92.3103463028012,38.7931049234908,0.));
#9972=CARTESIAN_POINT('',(91.5603463028012,38.7931049234908,3.));
#9973=CARTESIAN_POINT('',(91.5603463028012,38.7931049234908,0.));
#9974=CARTESIAN_POINT('Origin',(92.3103463028012,38.7931049234908,3.));
#9975=CARTESIAN_POINT('Origin',(92.3103463028012,2.00000147521494,0.));
#9976=CARTESIAN_POINT('',(91.5603463028012,2.00000147521494,0.));
#9977=CARTESIAN_POINT('Origin',(92.3103463028012,2.00000147521494,0.));
#9978=CARTESIAN_POINT('',(91.5603463028012,2.00000147521494,3.));
#9979=CARTESIAN_POINT('',(91.5603463028012,2.00000147521494,0.));
#9980=CARTESIAN_POINT('Origin',(92.3103463028012,2.00000147521494,3.));
#9981=CARTESIAN_POINT('Origin',(48.8275876821115,95.6551738890081,0.));
#9982=CARTESIAN_POINT('',(48.0775876821115,95.6551738890081,0.));
#9983=CARTESIAN_POINT('Origin',(48.8275876821115,95.6551738890081,0.));
#9984=CARTESIAN_POINT('',(48.0775876821115,95.6551738890081,3.));
#9985=CARTESIAN_POINT('',(48.0775876821115,95.6551738890081,0.));
#9986=CARTESIAN_POINT('Origin',(48.8275876821115,95.6551738890081,3.));
#9987=CARTESIAN_POINT('Origin',(62.2068980269391,99.000001475215,0.));
#9988=CARTESIAN_POINT('',(61.4568980269391,99.000001475215,0.));
#9989=CARTESIAN_POINT('Origin',(62.2068980269391,99.000001475215,0.));
#9990=CARTESIAN_POINT('',(61.4568980269391,99.000001475215,3.));
#9991=CARTESIAN_POINT('',(61.4568980269391,99.000001475215,0.));
#9992=CARTESIAN_POINT('Origin',(62.2068980269391,99.000001475215,3.));
#9993=CARTESIAN_POINT('Origin',(95.6551738890081,42.1379325096977,0.));
#9994=CARTESIAN_POINT('',(94.9051738890081,42.1379325096977,0.));
#9995=CARTESIAN_POINT('Origin',(95.6551738890081,42.1379325096977,0.));
#9996=CARTESIAN_POINT('',(94.9051738890081,42.1379325096977,3.));
#9997=CARTESIAN_POINT('',(94.9051738890081,42.1379325096977,0.));
#9998=CARTESIAN_POINT('Origin',(95.6551738890081,42.1379325096977,3.));
#9999=CARTESIAN_POINT('Origin',(85.6206911303874,2.00000147521494,0.));
#10000=CARTESIAN_POINT('',(84.8706911303874,2.00000147521494,0.));
#10001=CARTESIAN_POINT('Origin',(85.6206911303874,2.00000147521494,0.));
#10002=CARTESIAN_POINT('',(84.8706911303874,2.00000147521494,3.));
#10003=CARTESIAN_POINT('',(84.8706911303874,2.00000147521494,0.));
#10004=CARTESIAN_POINT('Origin',(85.6206911303874,2.00000147521494,3.));
#10005=CARTESIAN_POINT('Origin',(55.4827600959046,5.34482906142183,0.));
#10006=CARTESIAN_POINT('',(54.7327600959046,5.34482906142183,0.));
#10007=CARTESIAN_POINT('Origin',(55.4827600959046,5.34482906142183,0.));
#10008=CARTESIAN_POINT('',(54.7327600959046,5.34482906142183,3.));
#10009=CARTESIAN_POINT('',(54.7327600959046,5.34482906142183,0.));
#10010=CARTESIAN_POINT('Origin',(55.4827600959046,5.34482906142183,3.));
#10011=CARTESIAN_POINT('Origin',(92.3103463028012,52.1379325096977,0.));
#10012=CARTESIAN_POINT('',(91.5603463028012,52.1379325096977,0.));
#10013=CARTESIAN_POINT('Origin',(92.3103463028012,52.1379325096977,0.));
#10014=CARTESIAN_POINT('',(91.5603463028012,52.1379325096977,3.));
#10015=CARTESIAN_POINT('',(91.5603463028012,52.1379325096977,0.));
#10016=CARTESIAN_POINT('Origin',(92.3103463028012,52.1379325096977,3.));
#10017=CARTESIAN_POINT('Origin',(52.1379325096977,99.000001475215,0.));
#10018=CARTESIAN_POINT('',(51.3879325096977,99.000001475215,0.));
#10019=CARTESIAN_POINT('Origin',(52.1379325096977,99.000001475215,0.));
#10020=CARTESIAN_POINT('',(51.3879325096977,99.000001475215,3.));
#10021=CARTESIAN_POINT('',(51.3879325096977,99.000001475215,0.));
#10022=CARTESIAN_POINT('Origin',(52.1379325096977,99.000001475215,3.));
#10023=CARTESIAN_POINT('Origin',(99.000001475215,48.8275876821115,0.));
#10024=CARTESIAN_POINT('',(98.250001475215,48.8275876821115,0.));
#10025=CARTESIAN_POINT('Origin',(99.000001475215,48.8275876821115,0.));
#10026=CARTESIAN_POINT('',(98.250001475215,48.8275876821115,3.));
#10027=CARTESIAN_POINT('',(98.250001475215,48.8275876821115,0.));
#10028=CARTESIAN_POINT('Origin',(99.000001475215,48.8275876821115,3.));
#10029=CARTESIAN_POINT('Origin',(82.3103463028012,5.34482906142181,0.));
#10030=CARTESIAN_POINT('',(81.5603463028012,5.34482906142181,0.));
#10031=CARTESIAN_POINT('Origin',(82.3103463028012,5.34482906142181,0.));
#10032=CARTESIAN_POINT('',(81.5603463028012,5.34482906142181,3.));
#10033=CARTESIAN_POINT('',(81.5603463028012,5.34482906142181,0.));
#10034=CARTESIAN_POINT('Origin',(82.3103463028012,5.34482906142181,3.));
#10035=CARTESIAN_POINT('Origin',(55.5172428545253,92.3103463028012,0.));
#10036=CARTESIAN_POINT('',(54.7672428545253,92.3103463028012,0.));
#10037=CARTESIAN_POINT('Origin',(55.5172428545253,92.3103463028012,0.));
#10038=CARTESIAN_POINT('',(54.7672428545253,92.3103463028012,3.));
#10039=CARTESIAN_POINT('',(54.7672428545253,92.3103463028012,0.));
#10040=CARTESIAN_POINT('Origin',(55.5172428545253,92.3103463028012,3.));
#10041=CARTESIAN_POINT('Origin',(95.6551738890081,45.4827600959046,0.));
#10042=CARTESIAN_POINT('',(94.9051738890081,45.4827600959046,0.));
#10043=CARTESIAN_POINT('Origin',(95.6551738890081,45.4827600959046,0.));
#10044=CARTESIAN_POINT('',(94.9051738890081,45.4827600959046,3.));
#10045=CARTESIAN_POINT('',(94.9051738890081,45.4827600959046,0.));
#10046=CARTESIAN_POINT('Origin',(95.6551738890081,45.4827600959046,3.));
#10047=CARTESIAN_POINT('Origin',(42.1379325096977,2.00000147521494,0.));
#10048=CARTESIAN_POINT('',(41.3879325096977,2.00000147521494,0.));
#10049=CARTESIAN_POINT('Origin',(42.1379325096977,2.00000147521494,0.));
#10050=CARTESIAN_POINT('',(41.3879325096977,2.00000147521494,3.));
#10051=CARTESIAN_POINT('',(41.3879325096977,2.00000147521494,0.));
#10052=CARTESIAN_POINT('Origin',(42.1379325096977,2.00000147521494,3.));
#10053=CARTESIAN_POINT('Origin',(58.8620704407322,8.68965664762873,0.));
#10054=CARTESIAN_POINT('',(58.1120704407322,8.68965664762873,0.));
#10055=CARTESIAN_POINT('Origin',(58.8620704407322,8.68965664762873,0.));
#10056=CARTESIAN_POINT('',(58.1120704407322,8.68965664762873,3.));
#10057=CARTESIAN_POINT('',(58.1120704407322,8.68965664762873,0.));
#10058=CARTESIAN_POINT('Origin',(58.8620704407322,8.68965664762873,3.));
#10059=CARTESIAN_POINT('Origin',(62.2068980269391,5.34482906142182,0.));
#10060=CARTESIAN_POINT('',(61.4568980269391,5.34482906142182,0.));
#10061=CARTESIAN_POINT('Origin',(62.2068980269391,5.34482906142182,0.));
#10062=CARTESIAN_POINT('',(61.4568980269391,5.34482906142182,3.));
#10063=CARTESIAN_POINT('',(61.4568980269391,5.34482906142182,0.));
#10064=CARTESIAN_POINT('Origin',(62.2068980269391,5.34482906142182,3.));
#10065=CARTESIAN_POINT('Origin',(38.7931049234908,8.68965664762873,0.));
#10066=CARTESIAN_POINT('',(38.0431049234908,8.68965664762873,0.));
#10067=CARTESIAN_POINT('Origin',(38.7931049234908,8.68965664762873,0.));
#10068=CARTESIAN_POINT('',(38.0431049234908,8.68965664762873,3.));
#10069=CARTESIAN_POINT('',(38.0431049234908,8.68965664762873,0.));
#10070=CARTESIAN_POINT('Origin',(38.7931049234908,8.68965664762873,3.));
#10071=CARTESIAN_POINT('Origin',(45.4827600959046,8.68965664762873,0.));
#10072=CARTESIAN_POINT('',(44.7327600959046,8.68965664762873,0.));
#10073=CARTESIAN_POINT('Origin',(45.4827600959046,8.68965664762873,0.));
#10074=CARTESIAN_POINT('',(44.7327600959046,8.68965664762873,3.));
#10075=CARTESIAN_POINT('',(44.7327600959046,8.68965664762873,0.));
#10076=CARTESIAN_POINT('Origin',(45.4827600959046,8.68965664762873,3.));
#10077=CARTESIAN_POINT('Origin',(2.00000147521495,99.000001475215,0.));
#10078=CARTESIAN_POINT('',(1.25000147521495,99.000001475215,0.));
#10079=CARTESIAN_POINT('Origin',(2.00000147521495,99.000001475215,0.));
#10080=CARTESIAN_POINT('',(1.25000147521495,99.000001475215,3.));
#10081=CARTESIAN_POINT('',(1.25000147521495,99.000001475215,0.));
#10082=CARTESIAN_POINT('Origin',(2.00000147521495,99.000001475215,3.));
#10083=CARTESIAN_POINT('Origin',(8.68965664762873,88.9310359579736,0.));
#10084=CARTESIAN_POINT('',(7.93965664762874,88.9310359579736,0.));
#10085=CARTESIAN_POINT('Origin',(8.68965664762873,88.9310359579736,0.));
#10086=CARTESIAN_POINT('',(7.93965664762874,88.9310359579736,3.));
#10087=CARTESIAN_POINT('',(7.93965664762874,88.9310359579736,0.));
#10088=CARTESIAN_POINT('Origin',(8.68965664762873,88.9310359579736,3.));
#10089=CARTESIAN_POINT('Origin',(25.4137945786632,92.3103463028012,0.));
#10090=CARTESIAN_POINT('',(24.6637945786632,92.3103463028012,0.));
#10091=CARTESIAN_POINT('Origin',(25.4137945786632,92.3103463028012,0.));
#10092=CARTESIAN_POINT('',(24.6637945786632,92.3103463028012,3.));
#10093=CARTESIAN_POINT('',(24.6637945786632,92.3103463028012,0.));
#10094=CARTESIAN_POINT('Origin',(25.4137945786632,92.3103463028012,3.));
#10095=CARTESIAN_POINT('Origin',(5.34482906142184,99.000001475215,0.));
#10096=CARTESIAN_POINT('',(4.59482906142184,99.000001475215,0.));
#10097=CARTESIAN_POINT('Origin',(5.34482906142184,99.000001475215,0.));
#10098=CARTESIAN_POINT('',(4.59482906142184,99.000001475215,3.));
#10099=CARTESIAN_POINT('',(4.59482906142184,99.000001475215,0.));
#10100=CARTESIAN_POINT('Origin',(5.34482906142184,99.000001475215,3.));
#10101=CARTESIAN_POINT('Origin',(2.00000147521495,95.6551738890081,0.));
#10102=CARTESIAN_POINT('',(1.25000147521496,95.6551738890081,0.));
#10103=CARTESIAN_POINT('Origin',(2.00000147521495,95.6551738890081,0.));
#10104=CARTESIAN_POINT('',(1.25000147521496,95.6551738890081,3.));
#10105=CARTESIAN_POINT('',(1.25000147521496,95.6551738890081,0.));
#10106=CARTESIAN_POINT('Origin',(2.00000147521495,95.6551738890081,3.));
#10107=CARTESIAN_POINT('Origin',(8.68965664762873,99.000001475215,0.));
#10108=CARTESIAN_POINT('',(7.93965664762874,99.000001475215,0.));
#10109=CARTESIAN_POINT('Origin',(8.68965664762873,99.000001475215,0.));
#10110=CARTESIAN_POINT('',(7.93965664762874,99.000001475215,3.));
#10111=CARTESIAN_POINT('',(7.93965664762874,99.000001475215,0.));
#10112=CARTESIAN_POINT('Origin',(8.68965664762873,99.000001475215,3.));
#10113=CARTESIAN_POINT('Origin',(2.00000147521495,88.9310359579736,0.));
#10114=CARTESIAN_POINT('',(1.25000147521495,88.9310359579736,0.));
#10115=CARTESIAN_POINT('Origin',(2.00000147521495,88.9310359579736,0.));
#10116=CARTESIAN_POINT('',(1.25000147521495,88.9310359579736,3.));
#10117=CARTESIAN_POINT('',(1.25000147521495,88.9310359579736,0.));
#10118=CARTESIAN_POINT('Origin',(2.00000147521495,88.9310359579736,3.));
#10119=CARTESIAN_POINT('Origin',(12.0344842338356,92.3103463028012,0.));
#10120=CARTESIAN_POINT('',(11.2844842338356,92.3103463028012,0.));
#10121=CARTESIAN_POINT('Origin',(12.0344842338356,92.3103463028012,0.));
#10122=CARTESIAN_POINT('',(11.2844842338356,92.3103463028012,3.));
#10123=CARTESIAN_POINT('',(11.2844842338356,92.3103463028012,0.));
#10124=CARTESIAN_POINT('Origin',(12.0344842338356,92.3103463028012,3.));
#10125=CARTESIAN_POINT('Origin',(78.9310359579735,92.3103463028012,0.));
#10126=CARTESIAN_POINT('',(78.1810359579735,92.3103463028012,0.));
#10127=CARTESIAN_POINT('Origin',(78.9310359579735,92.3103463028012,0.));
#10128=CARTESIAN_POINT('',(78.1810359579735,92.3103463028012,3.));
#10129=CARTESIAN_POINT('',(78.1810359579735,92.3103463028012,0.));
#10130=CARTESIAN_POINT('Origin',(78.9310359579735,92.3103463028012,3.));
#10131=CARTESIAN_POINT('Origin',(95.6551738890081,5.34482906142184,0.));
#10132=CARTESIAN_POINT('',(94.9051738890081,5.34482906142184,0.));
#10133=CARTESIAN_POINT('Origin',(95.6551738890081,5.34482906142184,0.));
#10134=CARTESIAN_POINT('',(94.9051738890081,5.34482906142184,3.));
#10135=CARTESIAN_POINT('',(94.9051738890081,5.34482906142184,0.));
#10136=CARTESIAN_POINT('Origin',(95.6551738890081,5.34482906142184,3.));
#10137=CARTESIAN_POINT('Origin',(92.3103463028012,5.34482906142184,0.));
#10138=CARTESIAN_POINT('',(91.5603463028012,5.34482906142184,0.));
#10139=CARTESIAN_POINT('Origin',(92.3103463028012,5.34482906142184,0.));
#10140=CARTESIAN_POINT('',(91.5603463028012,5.34482906142184,3.));
#10141=CARTESIAN_POINT('',(91.5603463028012,5.34482906142184,0.));
#10142=CARTESIAN_POINT('Origin',(92.3103463028012,5.34482906142184,3.));
#10143=CARTESIAN_POINT('Origin',(99.000001475215,5.34482906142184,0.));
#10144=CARTESIAN_POINT('',(98.250001475215,5.34482906142184,0.));
#10145=CARTESIAN_POINT('Origin',(99.000001475215,5.34482906142184,0.));
#10146=CARTESIAN_POINT('',(98.250001475215,5.34482906142184,3.));
#10147=CARTESIAN_POINT('',(98.250001475215,5.34482906142184,0.));
#10148=CARTESIAN_POINT('Origin',(99.000001475215,5.34482906142184,3.));
#10149=CARTESIAN_POINT('Origin',(85.5862083717666,99.000001475215,0.));
#10150=CARTESIAN_POINT('',(84.8362083717667,99.000001475215,0.));
#10151=CARTESIAN_POINT('Origin',(85.5862083717666,99.000001475215,0.));
#10152=CARTESIAN_POINT('',(84.8362083717667,99.000001475215,3.));
#10153=CARTESIAN_POINT('',(84.8362083717667,99.000001475215,0.));
#10154=CARTESIAN_POINT('Origin',(85.5862083717666,99.000001475215,3.));
#10155=CARTESIAN_POINT('Origin',(85.5862083717666,95.6551738890081,0.));
#10156=CARTESIAN_POINT('',(84.8362083717666,95.6551738890081,0.));
#10157=CARTESIAN_POINT('Origin',(85.5862083717666,95.6551738890081,0.));
#10158=CARTESIAN_POINT('',(84.8362083717666,95.6551738890081,3.));
#10159=CARTESIAN_POINT('',(84.8362083717666,95.6551738890081,0.));
#10160=CARTESIAN_POINT('Origin',(85.5862083717666,95.6551738890081,3.));
#10161=CARTESIAN_POINT('Origin',(8.68965664762873,8.68965664762877,0.));
#10162=CARTESIAN_POINT('',(7.93965664762873,8.68965664762877,0.));
#10163=CARTESIAN_POINT('Origin',(8.68965664762873,8.68965664762877,0.));
#10164=CARTESIAN_POINT('',(7.93965664762873,8.68965664762877,3.));
#10165=CARTESIAN_POINT('',(7.93965664762873,8.68965664762877,0.));
#10166=CARTESIAN_POINT('Origin',(8.68965664762873,8.68965664762877,3.));
#10167=CARTESIAN_POINT('Origin',(2.00000147521494,12.000001475215,0.));
#10168=CARTESIAN_POINT('',(1.25000147521495,12.000001475215,0.));
#10169=CARTESIAN_POINT('Origin',(2.00000147521494,12.000001475215,0.));
#10170=CARTESIAN_POINT('',(1.25000147521495,12.000001475215,3.));
#10171=CARTESIAN_POINT('',(1.25000147521495,12.000001475215,0.));
#10172=CARTESIAN_POINT('Origin',(2.00000147521494,12.000001475215,3.));
#10173=CARTESIAN_POINT('Origin',(8.68965664762873,18.7241394062494,0.));
#10174=CARTESIAN_POINT('',(7.93965664762873,18.7241394062494,0.));
#10175=CARTESIAN_POINT('Origin',(8.68965664762873,18.7241394062494,0.));
#10176=CARTESIAN_POINT('',(7.93965664762873,18.7241394062494,3.));
#10177=CARTESIAN_POINT('',(7.93965664762873,18.7241394062494,0.));
#10178=CARTESIAN_POINT('Origin',(8.68965664762873,18.7241394062494,3.));
#10179=CARTESIAN_POINT('Origin',(25.3793118200425,5.34482906142181,0.));
#10180=CARTESIAN_POINT('',(24.6293118200425,5.34482906142181,0.));
#10181=CARTESIAN_POINT('Origin',(25.3793118200425,5.34482906142181,0.));
#10182=CARTESIAN_POINT('',(24.6293118200425,5.34482906142181,3.));
#10183=CARTESIAN_POINT('',(24.6293118200425,5.34482906142181,0.));
#10184=CARTESIAN_POINT('Origin',(25.3793118200425,5.34482906142181,3.));
#10185=CARTESIAN_POINT('Origin',(5.34482906142184,18.6896566476288,0.));
#10186=CARTESIAN_POINT('',(4.59482906142183,18.6896566476288,0.));
#10187=CARTESIAN_POINT('Origin',(5.34482906142184,18.6896566476288,0.));
#10188=CARTESIAN_POINT('',(4.59482906142183,18.6896566476288,3.));
#10189=CARTESIAN_POINT('',(4.59482906142183,18.6896566476288,0.));
#10190=CARTESIAN_POINT('Origin',(5.34482906142184,18.6896566476288,3.));
#10191=CARTESIAN_POINT('Origin',(2.00000147521494,15.3448290614219,0.));
#10192=CARTESIAN_POINT('',(1.25000147521495,15.3448290614219,0.));
#10193=CARTESIAN_POINT('Origin',(2.00000147521494,15.3448290614219,0.));
#10194=CARTESIAN_POINT('',(1.25000147521495,15.3448290614219,3.));
#10195=CARTESIAN_POINT('',(1.25000147521495,15.3448290614219,0.));
#10196=CARTESIAN_POINT('Origin',(2.00000147521494,15.3448290614219,3.));
#10197=CARTESIAN_POINT('Origin',(8.68965664762871,38.7931049234908,0.));
#10198=CARTESIAN_POINT('',(7.93965664762871,38.7931049234908,0.));
#10199=CARTESIAN_POINT('Origin',(8.68965664762871,38.7931049234908,0.));
#10200=CARTESIAN_POINT('',(7.93965664762871,38.7931049234908,3.));
#10201=CARTESIAN_POINT('',(7.93965664762871,38.7931049234908,0.));
#10202=CARTESIAN_POINT('Origin',(8.68965664762871,38.7931049234908,3.));
#10203=CARTESIAN_POINT('Origin',(18.7241394062494,5.34482906142184,0.));
#10204=CARTESIAN_POINT('',(17.9741394062494,5.34482906142184,0.));
#10205=CARTESIAN_POINT('Origin',(18.7241394062494,5.34482906142184,0.));
#10206=CARTESIAN_POINT('',(17.9741394062494,5.34482906142184,3.));
#10207=CARTESIAN_POINT('',(17.9741394062494,5.34482906142184,0.));
#10208=CARTESIAN_POINT('Origin',(18.7241394062494,5.34482906142184,3.));
#10209=CARTESIAN_POINT('Origin',(5.34482906142181,38.7931049234908,0.));
#10210=CARTESIAN_POINT('',(4.59482906142182,38.7931049234908,0.));
#10211=CARTESIAN_POINT('Origin',(5.34482906142181,38.7931049234908,0.));
#10212=CARTESIAN_POINT('',(4.59482906142182,38.7931049234908,3.));
#10213=CARTESIAN_POINT('',(4.59482906142182,38.7931049234908,0.));
#10214=CARTESIAN_POINT('Origin',(5.34482906142181,38.7931049234908,3.));
#10215=CARTESIAN_POINT('Origin',(5.34482906142184,22.0689669924564,0.));
#10216=CARTESIAN_POINT('',(4.59482906142184,22.0689669924564,0.));
#10217=CARTESIAN_POINT('Origin',(5.34482906142184,22.0689669924564,0.));
#10218=CARTESIAN_POINT('',(4.59482906142184,22.0689669924564,3.));
#10219=CARTESIAN_POINT('',(4.59482906142184,22.0689669924564,0.));
#10220=CARTESIAN_POINT('Origin',(5.34482906142184,22.0689669924564,3.));
#10221=CARTESIAN_POINT('Origin',(8.68965664762871,62.2068980269391,0.));
#10222=CARTESIAN_POINT('',(7.93965664762871,62.2068980269391,0.));
#10223=CARTESIAN_POINT('Origin',(8.68965664762871,62.2068980269391,0.));
#10224=CARTESIAN_POINT('',(7.93965664762871,62.2068980269391,3.));
#10225=CARTESIAN_POINT('',(7.93965664762871,62.2068980269391,0.));
#10226=CARTESIAN_POINT('Origin',(8.68965664762871,62.2068980269391,3.));
#10227=CARTESIAN_POINT('Origin',(2.00000147521495,5.34482906142188,0.));
#10228=CARTESIAN_POINT('',(1.25000147521495,5.34482906142188,0.));
#10229=CARTESIAN_POINT('Origin',(2.00000147521495,5.34482906142188,0.));
#10230=CARTESIAN_POINT('',(1.25000147521495,5.34482906142188,3.));
#10231=CARTESIAN_POINT('',(1.25000147521495,5.34482906142188,0.));
#10232=CARTESIAN_POINT('Origin',(2.00000147521495,5.34482906142188,3.));
#10233=CARTESIAN_POINT('Origin',(2.00000147521492,42.1379325096977,0.));
#10234=CARTESIAN_POINT('',(1.25000147521492,42.1379325096977,0.));
#10235=CARTESIAN_POINT('Origin',(2.00000147521492,42.1379325096977,0.));
#10236=CARTESIAN_POINT('',(1.25000147521492,42.1379325096977,3.));
#10237=CARTESIAN_POINT('',(1.25000147521492,42.1379325096977,0.));
#10238=CARTESIAN_POINT('Origin',(2.00000147521492,42.1379325096977,3.));
#10239=CARTESIAN_POINT('Origin',(5.34482906142184,8.68965664762877,0.));
#10240=CARTESIAN_POINT('',(4.59482906142184,8.68965664762877,0.));
#10241=CARTESIAN_POINT('Origin',(5.34482906142184,8.68965664762877,0.));
#10242=CARTESIAN_POINT('',(4.59482906142184,8.68965664762877,3.));
#10243=CARTESIAN_POINT('',(4.59482906142184,8.68965664762877,0.));
#10244=CARTESIAN_POINT('Origin',(5.34482906142184,8.68965664762877,3.));
#10245=CARTESIAN_POINT('Origin',(22.0689669924563,2.00000147521495,0.));
#10246=CARTESIAN_POINT('',(21.3189669924563,2.00000147521495,0.));
#10247=CARTESIAN_POINT('Origin',(22.0689669924563,2.00000147521495,0.));
#10248=CARTESIAN_POINT('',(21.3189669924563,2.00000147521495,3.));
#10249=CARTESIAN_POINT('',(21.3189669924563,2.00000147521495,0.));
#10250=CARTESIAN_POINT('Origin',(22.0689669924563,2.00000147521495,3.));
#10251=CARTESIAN_POINT('Origin',(5.34482906142184,2.00000147521497,0.));
#10252=CARTESIAN_POINT('',(4.59482906142184,2.00000147521497,0.));
#10253=CARTESIAN_POINT('Origin',(5.34482906142184,2.00000147521497,0.));
#10254=CARTESIAN_POINT('',(4.59482906142184,2.00000147521497,3.));
#10255=CARTESIAN_POINT('',(4.59482906142184,2.00000147521497,0.));
#10256=CARTESIAN_POINT('Origin',(5.34482906142184,2.00000147521497,3.));
#10257=CARTESIAN_POINT('Origin',(5.34482906142183,25.4137945786632,0.));
#10258=CARTESIAN_POINT('',(4.59482906142184,25.4137945786632,0.));
#10259=CARTESIAN_POINT('Origin',(5.34482906142183,25.4137945786632,0.));
#10260=CARTESIAN_POINT('',(4.59482906142184,25.4137945786632,3.));
#10261=CARTESIAN_POINT('',(4.59482906142184,25.4137945786632,0.));
#10262=CARTESIAN_POINT('Origin',(5.34482906142183,25.4137945786632,3.));
#10263=CARTESIAN_POINT('Origin',(18.7241394062494,8.68965664762873,0.));
#10264=CARTESIAN_POINT('',(17.9741394062494,8.68965664762873,0.));
#10265=CARTESIAN_POINT('Origin',(18.7241394062494,8.68965664762873,0.));
#10266=CARTESIAN_POINT('',(17.9741394062494,8.68965664762873,3.));
#10267=CARTESIAN_POINT('',(17.9741394062494,8.68965664762873,0.));
#10268=CARTESIAN_POINT('Origin',(18.7241394062494,8.68965664762873,3.));
#10269=CARTESIAN_POINT('Origin',(8.68965664762873,12.0344842338357,0.));
#10270=CARTESIAN_POINT('',(7.93965664762873,12.0344842338357,0.));
#10271=CARTESIAN_POINT('Origin',(8.68965664762873,12.0344842338357,0.));
#10272=CARTESIAN_POINT('',(7.93965664762873,12.0344842338357,3.));
#10273=CARTESIAN_POINT('',(7.93965664762873,12.0344842338357,0.));
#10274=CARTESIAN_POINT('Origin',(8.68965664762873,12.0344842338357,3.));
#10275=CARTESIAN_POINT('Origin',(22.0344842338356,8.68965664762873,0.));
#10276=CARTESIAN_POINT('',(21.2844842338356,8.68965664762873,0.));
#10277=CARTESIAN_POINT('Origin',(22.0344842338356,8.68965664762873,0.));
#10278=CARTESIAN_POINT('',(21.2844842338356,8.68965664762873,3.));
#10279=CARTESIAN_POINT('',(21.2844842338356,8.68965664762873,0.));
#10280=CARTESIAN_POINT('Origin',(22.0344842338356,8.68965664762873,3.));
#10281=CARTESIAN_POINT('Origin',(2.00000147521495,8.68965664762877,0.));
#10282=CARTESIAN_POINT('',(1.25000147521495,8.68965664762877,0.));
#10283=CARTESIAN_POINT('Origin',(2.00000147521495,8.68965664762877,0.));
#10284=CARTESIAN_POINT('',(1.25000147521495,8.68965664762877,3.));
#10285=CARTESIAN_POINT('',(1.25000147521495,8.68965664762877,0.));
#10286=CARTESIAN_POINT('Origin',(2.00000147521495,8.68965664762877,3.));
#10287=CARTESIAN_POINT('Origin',(12.0344842338356,8.68965664762873,0.));
#10288=CARTESIAN_POINT('',(11.2844842338356,8.68965664762873,0.));
#10289=CARTESIAN_POINT('Origin',(12.0344842338356,8.68965664762873,0.));
#10290=CARTESIAN_POINT('',(11.2844842338356,8.68965664762873,3.));
#10291=CARTESIAN_POINT('',(11.2844842338356,8.68965664762873,0.));
#10292=CARTESIAN_POINT('Origin',(12.0344842338356,8.68965664762873,3.));
#10293=CARTESIAN_POINT('Origin',(22.0689669924563,5.34482906142184,0.));
#10294=CARTESIAN_POINT('',(21.3189669924563,5.34482906142184,0.));
#10295=CARTESIAN_POINT('Origin',(22.0689669924563,5.34482906142184,0.));
#10296=CARTESIAN_POINT('',(21.3189669924563,5.34482906142184,3.));
#10297=CARTESIAN_POINT('',(21.3189669924563,5.34482906142184,0.));
#10298=CARTESIAN_POINT('Origin',(22.0689669924563,5.34482906142184,3.));
#10299=CARTESIAN_POINT('Origin',(82.2758635441804,92.3103463028012,0.));
#10300=CARTESIAN_POINT('',(81.5258635441805,92.3103463028012,0.));
#10301=CARTESIAN_POINT('Origin',(82.2758635441804,92.3103463028012,0.));
#10302=CARTESIAN_POINT('',(81.5258635441805,92.3103463028012,3.));
#10303=CARTESIAN_POINT('',(81.5258635441805,92.3103463028012,0.));
#10304=CARTESIAN_POINT('Origin',(82.2758635441804,92.3103463028012,3.));
#10305=CARTESIAN_POINT('Origin',(92.3103463028012,22.0689669924563,0.));
#10306=CARTESIAN_POINT('',(91.5603463028012,22.0689669924563,0.));
#10307=CARTESIAN_POINT('Origin',(92.3103463028012,22.0689669924563,0.));
#10308=CARTESIAN_POINT('',(91.5603463028012,22.0689669924563,3.));
#10309=CARTESIAN_POINT('',(91.5603463028012,22.0689669924563,0.));
#10310=CARTESIAN_POINT('Origin',(92.3103463028012,22.0689669924563,3.));
#10311=CARTESIAN_POINT('Origin',(88.9310359579735,95.6551738890081,0.));
#10312=CARTESIAN_POINT('',(88.1810359579735,95.6551738890081,0.));
#10313=CARTESIAN_POINT('Origin',(88.9310359579735,95.6551738890081,0.));
#10314=CARTESIAN_POINT('',(88.1810359579735,95.6551738890081,3.));
#10315=CARTESIAN_POINT('',(88.1810359579735,95.6551738890081,0.));
#10316=CARTESIAN_POINT('Origin',(88.9310359579735,95.6551738890081,3.));
#10317=CARTESIAN_POINT('Origin',(92.3103463028012,15.3448290614218,0.));
#10318=CARTESIAN_POINT('',(91.5603463028012,15.3448290614218,0.));
#10319=CARTESIAN_POINT('Origin',(92.3103463028012,15.3448290614218,0.));
#10320=CARTESIAN_POINT('',(91.5603463028012,15.3448290614218,3.));
#10321=CARTESIAN_POINT('',(91.5603463028012,15.3448290614218,0.));
#10322=CARTESIAN_POINT('Origin',(92.3103463028012,15.3448290614218,3.));
#10323=CARTESIAN_POINT('Origin',(85.6206911303874,8.68965664762873,0.));
#10324=CARTESIAN_POINT('',(84.8706911303874,8.68965664762873,0.));
#10325=CARTESIAN_POINT('Origin',(85.6206911303874,8.68965664762873,0.));
#10326=CARTESIAN_POINT('',(84.8706911303874,8.68965664762873,3.));
#10327=CARTESIAN_POINT('',(84.8706911303874,8.68965664762873,0.));
#10328=CARTESIAN_POINT('Origin',(85.6206911303874,8.68965664762873,3.));
#10329=CARTESIAN_POINT('Origin',(75.5862083717667,92.3103463028012,0.));
#10330=CARTESIAN_POINT('',(74.8362083717667,92.3103463028012,0.));
#10331=CARTESIAN_POINT('Origin',(75.5862083717667,92.3103463028012,0.));
#10332=CARTESIAN_POINT('',(74.8362083717667,92.3103463028012,3.));
#10333=CARTESIAN_POINT('',(74.8362083717667,92.3103463028012,0.));
#10334=CARTESIAN_POINT('Origin',(75.5862083717667,92.3103463028012,3.));
#10335=CARTESIAN_POINT('Origin',(95.6551738890081,18.6896566476287,0.));
#10336=CARTESIAN_POINT('',(94.9051738890081,18.6896566476287,0.));
#10337=CARTESIAN_POINT('Origin',(95.6551738890081,18.6896566476287,0.));
#10338=CARTESIAN_POINT('',(94.9051738890081,18.6896566476287,3.));
#10339=CARTESIAN_POINT('',(94.9051738890081,18.6896566476287,0.));
#10340=CARTESIAN_POINT('Origin',(95.6551738890081,18.6896566476287,3.));
#10341=CARTESIAN_POINT('Origin',(15.3448290614218,92.3103463028012,0.));
#10342=CARTESIAN_POINT('',(14.5948290614219,92.3103463028012,0.));
#10343=CARTESIAN_POINT('Origin',(15.3448290614218,92.3103463028012,0.));
#10344=CARTESIAN_POINT('',(14.5948290614219,92.3103463028012,3.));
#10345=CARTESIAN_POINT('',(14.5948290614219,92.3103463028012,0.));
#10346=CARTESIAN_POINT('Origin',(15.3448290614218,92.3103463028012,3.));
#10347=CARTESIAN_POINT('Origin',(5.34482906142184,82.2758635441805,0.));
#10348=CARTESIAN_POINT('',(4.59482906142184,82.2758635441805,0.));
#10349=CARTESIAN_POINT('Origin',(5.34482906142184,82.2758635441805,0.));
#10350=CARTESIAN_POINT('',(4.59482906142184,82.2758635441805,3.));
#10351=CARTESIAN_POINT('',(4.59482906142184,82.2758635441805,0.));
#10352=CARTESIAN_POINT('Origin',(5.34482906142184,82.2758635441805,3.));
#10353=CARTESIAN_POINT('Origin',(2.00000147521495,82.2758635441805,0.));
#10354=CARTESIAN_POINT('',(1.25000147521495,82.2758635441805,0.));
#10355=CARTESIAN_POINT('Origin',(2.00000147521495,82.2758635441805,0.));
#10356=CARTESIAN_POINT('',(1.25000147521495,82.2758635441805,3.));
#10357=CARTESIAN_POINT('',(1.25000147521495,82.2758635441805,0.));
#10358=CARTESIAN_POINT('Origin',(2.00000147521495,82.2758635441805,3.));
#10359=CARTESIAN_POINT('Origin',(8.68965664762873,78.9310359579736,0.));
#10360=CARTESIAN_POINT('',(7.93965664762873,78.9310359579736,0.));
#10361=CARTESIAN_POINT('Origin',(8.68965664762873,78.9310359579736,0.));
#10362=CARTESIAN_POINT('',(7.93965664762873,78.9310359579736,3.));
#10363=CARTESIAN_POINT('',(7.93965664762873,78.9310359579736,0.));
#10364=CARTESIAN_POINT('Origin',(8.68965664762873,78.9310359579736,3.));
#10365=CARTESIAN_POINT('Origin',(22.0689669924563,99.000001475215,0.));
#10366=CARTESIAN_POINT('',(21.3189669924563,99.000001475215,0.));
#10367=CARTESIAN_POINT('Origin',(22.0689669924563,99.000001475215,0.));
#10368=CARTESIAN_POINT('',(21.3189669924563,99.000001475215,3.));
#10369=CARTESIAN_POINT('',(21.3189669924563,99.000001475215,0.));
#10370=CARTESIAN_POINT('Origin',(22.0689669924563,99.000001475215,3.));
#10371=CARTESIAN_POINT('Origin',(5.34482906142184,78.9310359579736,0.));
#10372=CARTESIAN_POINT('',(4.59482906142185,78.9310359579736,0.));
#10373=CARTESIAN_POINT('Origin',(5.34482906142184,78.9310359579736,0.));
#10374=CARTESIAN_POINT('',(4.59482906142185,78.9310359579736,3.));
#10375=CARTESIAN_POINT('',(4.59482906142185,78.9310359579736,0.));
#10376=CARTESIAN_POINT('Origin',(5.34482906142184,78.9310359579736,3.));
#10377=CARTESIAN_POINT('Origin',(12.0344842338356,99.000001475215,0.));
#10378=CARTESIAN_POINT('',(11.2844842338356,99.000001475215,0.));
#10379=CARTESIAN_POINT('Origin',(12.0344842338356,99.000001475215,0.));
#10380=CARTESIAN_POINT('',(11.2844842338356,99.000001475215,3.));
#10381=CARTESIAN_POINT('',(11.2844842338356,99.000001475215,0.));
#10382=CARTESIAN_POINT('Origin',(12.0344842338356,99.000001475215,3.));
#10383=CARTESIAN_POINT('Origin',(5.34482906142184,95.6551738890081,0.));
#10384=CARTESIAN_POINT('',(4.59482906142185,95.6551738890081,0.));
#10385=CARTESIAN_POINT('Origin',(5.34482906142184,95.6551738890081,0.));
#10386=CARTESIAN_POINT('',(4.59482906142185,95.6551738890081,3.));
#10387=CARTESIAN_POINT('',(4.59482906142185,95.6551738890081,0.));
#10388=CARTESIAN_POINT('Origin',(5.34482906142184,95.6551738890081,3.));
#10389=CARTESIAN_POINT('Origin',(38.7931049234908,2.00000147521494,0.));
#10390=CARTESIAN_POINT('',(38.0431049234908,2.00000147521494,0.));
#10391=CARTESIAN_POINT('Origin',(38.7931049234908,2.00000147521494,0.));
#10392=CARTESIAN_POINT('',(38.0431049234908,2.00000147521494,3.));
#10393=CARTESIAN_POINT('',(38.0431049234908,2.00000147521494,0.));
#10394=CARTESIAN_POINT('Origin',(38.7931049234908,2.00000147521494,3.));
#10395=CARTESIAN_POINT('Origin',(52.1379325096977,2.00000147521494,0.));
#10396=CARTESIAN_POINT('',(51.3879325096977,2.00000147521494,0.));
#10397=CARTESIAN_POINT('Origin',(52.1379325096977,2.00000147521494,0.));
#10398=CARTESIAN_POINT('',(51.3879325096977,2.00000147521494,3.));
#10399=CARTESIAN_POINT('',(51.3879325096977,2.00000147521494,0.));
#10400=CARTESIAN_POINT('Origin',(52.1379325096977,2.00000147521494,3.));
#10401=CARTESIAN_POINT('Origin',(58.8620704407322,5.34482906142183,0.));
#10402=CARTESIAN_POINT('',(58.1120704407322,5.34482906142183,0.));
#10403=CARTESIAN_POINT('Origin',(58.8620704407322,5.34482906142183,0.));
#10404=CARTESIAN_POINT('',(58.1120704407322,5.34482906142183,3.));
#10405=CARTESIAN_POINT('',(58.1120704407322,5.34482906142183,0.));
#10406=CARTESIAN_POINT('Origin',(58.8620704407322,5.34482906142183,3.));
#10407=CARTESIAN_POINT('Origin',(48.8275876821115,2.00000147521494,0.));
#10408=CARTESIAN_POINT('',(48.0775876821115,2.00000147521494,0.));
#10409=CARTESIAN_POINT('Origin',(48.8275876821115,2.00000147521494,0.));
#10410=CARTESIAN_POINT('',(48.0775876821115,2.00000147521494,3.));
#10411=CARTESIAN_POINT('',(48.0775876821115,2.00000147521494,0.));
#10412=CARTESIAN_POINT('Origin',(48.8275876821115,2.00000147521494,3.));
#10413=CARTESIAN_POINT('Origin',(45.4827600959046,5.34482906142183,0.));
#10414=CARTESIAN_POINT('',(44.7327600959046,5.34482906142183,0.));
#10415=CARTESIAN_POINT('Origin',(45.4827600959046,5.34482906142183,0.));
#10416=CARTESIAN_POINT('',(44.7327600959046,5.34482906142183,3.));
#10417=CARTESIAN_POINT('',(44.7327600959046,5.34482906142183,0.));
#10418=CARTESIAN_POINT('Origin',(45.4827600959046,5.34482906142183,3.));
#10419=CARTESIAN_POINT('Origin',(62.2068980269391,8.68965664762872,0.));
#10420=CARTESIAN_POINT('',(61.4568980269391,8.68965664762872,0.));
#10421=CARTESIAN_POINT('Origin',(62.2068980269391,8.68965664762872,0.));
#10422=CARTESIAN_POINT('',(61.4568980269391,8.68965664762872,3.));
#10423=CARTESIAN_POINT('',(61.4568980269391,8.68965664762872,0.));
#10424=CARTESIAN_POINT('Origin',(62.2068980269391,8.68965664762872,3.));
#10425=CARTESIAN_POINT('Origin',(78.9655187165943,8.68965664762871,0.));
#10426=CARTESIAN_POINT('',(78.2155187165943,8.68965664762871,0.));
#10427=CARTESIAN_POINT('Origin',(78.9655187165943,8.68965664762871,0.));
#10428=CARTESIAN_POINT('',(78.2155187165943,8.68965664762871,3.));
#10429=CARTESIAN_POINT('',(78.2155187165943,8.68965664762871,0.));
#10430=CARTESIAN_POINT('Origin',(78.9655187165943,8.68965664762871,3.));
#10431=CARTESIAN_POINT('Origin',(58.8620704407322,95.6551738890081,0.));
#10432=CARTESIAN_POINT('',(58.1120704407322,95.6551738890081,0.));
#10433=CARTESIAN_POINT('Origin',(58.8620704407322,95.6551738890081,0.));
#10434=CARTESIAN_POINT('',(58.1120704407322,95.6551738890081,3.));
#10435=CARTESIAN_POINT('',(58.1120704407322,95.6551738890081,0.));
#10436=CARTESIAN_POINT('Origin',(58.8620704407322,95.6551738890081,3.));
#10437=CARTESIAN_POINT('Origin',(75.5862083717667,5.34482906142181,0.));
#10438=CARTESIAN_POINT('',(74.8362083717667,5.34482906142181,0.));
#10439=CARTESIAN_POINT('Origin',(75.5862083717667,5.34482906142181,0.));
#10440=CARTESIAN_POINT('',(74.8362083717667,5.34482906142181,3.));
#10441=CARTESIAN_POINT('',(74.8362083717667,5.34482906142181,0.));
#10442=CARTESIAN_POINT('Origin',(75.5862083717667,5.34482906142181,3.));
#10443=CARTESIAN_POINT('Origin',(62.2068980269391,95.655173889008,0.));
#10444=CARTESIAN_POINT('',(61.4568980269391,95.655173889008,0.));
#10445=CARTESIAN_POINT('Origin',(62.2068980269391,95.655173889008,0.));
#10446=CARTESIAN_POINT('',(61.4568980269391,95.655173889008,3.));
#10447=CARTESIAN_POINT('',(61.4568980269391,95.655173889008,0.));
#10448=CARTESIAN_POINT('Origin',(62.2068980269391,95.655173889008,3.));
#10449=CARTESIAN_POINT('Origin',(55.4827600959046,95.6551738890081,0.));
#10450=CARTESIAN_POINT('',(54.7327600959046,95.6551738890081,0.));
#10451=CARTESIAN_POINT('Origin',(55.4827600959046,95.6551738890081,0.));
#10452=CARTESIAN_POINT('',(54.7327600959046,95.6551738890081,3.));
#10453=CARTESIAN_POINT('',(54.7327600959046,95.6551738890081,0.));
#10454=CARTESIAN_POINT('Origin',(55.4827600959046,95.6551738890081,3.));
#10455=CARTESIAN_POINT('Origin',(52.1379325096977,92.3103463028012,0.));
#10456=CARTESIAN_POINT('',(51.3879325096977,92.3103463028012,0.));
#10457=CARTESIAN_POINT('Origin',(52.1379325096977,92.3103463028012,0.));
#10458=CARTESIAN_POINT('',(51.3879325096977,92.3103463028012,3.));
#10459=CARTESIAN_POINT('',(51.3879325096977,92.3103463028012,0.));
#10460=CARTESIAN_POINT('Origin',(52.1379325096977,92.3103463028012,3.));
#10461=CARTESIAN_POINT('Origin',(92.3103463028012,42.1379325096977,0.));
#10462=CARTESIAN_POINT('',(91.5603463028012,42.1379325096977,0.));
#10463=CARTESIAN_POINT('Origin',(92.3103463028012,42.1379325096977,0.));
#10464=CARTESIAN_POINT('',(91.5603463028012,42.1379325096977,3.));
#10465=CARTESIAN_POINT('',(91.5603463028012,42.1379325096977,0.));
#10466=CARTESIAN_POINT('Origin',(92.3103463028012,42.1379325096977,3.));
#10467=CARTESIAN_POINT('Origin',(99.000001475215,52.1379325096977,0.));
#10468=CARTESIAN_POINT('',(98.250001475215,52.1379325096977,0.));
#10469=CARTESIAN_POINT('Origin',(99.000001475215,52.1379325096977,0.));
#10470=CARTESIAN_POINT('',(98.250001475215,52.1379325096977,3.));
#10471=CARTESIAN_POINT('',(98.250001475215,52.1379325096977,0.));
#10472=CARTESIAN_POINT('Origin',(99.000001475215,52.1379325096977,3.));
#10473=CARTESIAN_POINT('Origin',(42.1379325096977,95.6551738890081,0.));
#10474=CARTESIAN_POINT('',(41.3879325096977,95.6551738890081,0.));
#10475=CARTESIAN_POINT('Origin',(42.1379325096977,95.6551738890081,0.));
#10476=CARTESIAN_POINT('',(41.3879325096977,95.6551738890081,3.));
#10477=CARTESIAN_POINT('',(41.3879325096977,95.6551738890081,0.));
#10478=CARTESIAN_POINT('Origin',(42.1379325096977,95.6551738890081,3.));
#10479=CARTESIAN_POINT('Origin',(95.6551738890081,25.4137945786632,0.));
#10480=CARTESIAN_POINT('',(94.9051738890081,25.4137945786632,0.));
#10481=CARTESIAN_POINT('Origin',(95.6551738890081,25.4137945786632,0.));
#10482=CARTESIAN_POINT('',(94.9051738890081,25.4137945786632,3.));
#10483=CARTESIAN_POINT('',(94.9051738890081,25.4137945786632,0.));
#10484=CARTESIAN_POINT('Origin',(95.6551738890081,25.4137945786632,3.));
#10485=CARTESIAN_POINT('Origin',(99.000001475215,42.1379325096977,0.));
#10486=CARTESIAN_POINT('',(98.250001475215,42.1379325096977,0.));
#10487=CARTESIAN_POINT('Origin',(99.000001475215,42.1379325096977,0.));
#10488=CARTESIAN_POINT('',(98.250001475215,42.1379325096977,3.));
#10489=CARTESIAN_POINT('',(98.250001475215,42.1379325096977,0.));
#10490=CARTESIAN_POINT('Origin',(99.000001475215,42.1379325096977,3.));
#10491=CARTESIAN_POINT('Origin',(95.6551738890081,55.4827600959046,0.));
#10492=CARTESIAN_POINT('',(94.9051738890081,55.4827600959046,0.));
#10493=CARTESIAN_POINT('Origin',(95.6551738890081,55.4827600959046,0.));
#10494=CARTESIAN_POINT('',(94.9051738890081,55.4827600959046,3.));
#10495=CARTESIAN_POINT('',(94.9051738890081,55.4827600959046,0.));
#10496=CARTESIAN_POINT('Origin',(95.6551738890081,55.4827600959046,3.));
#10497=CARTESIAN_POINT('Origin',(99.000001475215,85.6206911303873,0.));
#10498=CARTESIAN_POINT('',(98.250001475215,85.6206911303873,0.));
#10499=CARTESIAN_POINT('Origin',(99.000001475215,85.6206911303873,0.));
#10500=CARTESIAN_POINT('',(98.250001475215,85.6206911303873,3.));
#10501=CARTESIAN_POINT('',(98.250001475215,85.6206911303873,0.));
#10502=CARTESIAN_POINT('Origin',(99.000001475215,85.6206911303873,3.));
#10503=CARTESIAN_POINT('Origin',(85.6206911303874,5.34482906142183,0.));
#10504=CARTESIAN_POINT('',(84.8706911303874,5.34482906142183,0.));
#10505=CARTESIAN_POINT('Origin',(85.6206911303874,5.34482906142183,0.));
#10506=CARTESIAN_POINT('',(84.8706911303874,5.34482906142183,3.));
#10507=CARTESIAN_POINT('',(84.8706911303874,5.34482906142183,0.));
#10508=CARTESIAN_POINT('Origin',(85.6206911303874,5.34482906142183,3.));
#10509=CARTESIAN_POINT('Origin',(99.000001475215,75.5862083717667,0.));
#10510=CARTESIAN_POINT('',(98.250001475215,75.5862083717667,0.));
#10511=CARTESIAN_POINT('Origin',(99.000001475215,75.5862083717667,0.));
#10512=CARTESIAN_POINT('',(98.250001475215,75.5862083717667,3.));
#10513=CARTESIAN_POINT('',(98.250001475215,75.5862083717667,0.));
#10514=CARTESIAN_POINT('Origin',(99.000001475215,75.5862083717667,3.));
#10515=CARTESIAN_POINT('Origin',(99.000001475215,22.0689669924563,0.));
#10516=CARTESIAN_POINT('',(98.250001475215,22.0689669924563,0.));
#10517=CARTESIAN_POINT('Origin',(99.000001475215,22.0689669924563,0.));
#10518=CARTESIAN_POINT('',(98.250001475215,22.0689669924563,3.));
#10519=CARTESIAN_POINT('',(98.250001475215,22.0689669924563,0.));
#10520=CARTESIAN_POINT('Origin',(99.000001475215,22.0689669924563,3.));
#10521=CARTESIAN_POINT('Origin',(95.6551738890081,15.3448290614218,0.));
#10522=CARTESIAN_POINT('',(94.9051738890081,15.3448290614218,0.));
#10523=CARTESIAN_POINT('Origin',(95.6551738890081,15.3448290614218,0.));
#10524=CARTESIAN_POINT('',(94.9051738890081,15.3448290614218,3.));
#10525=CARTESIAN_POINT('',(94.9051738890081,15.3448290614218,0.));
#10526=CARTESIAN_POINT('Origin',(95.6551738890081,15.3448290614218,3.));
#10527=CARTESIAN_POINT('Origin',(99.000001475215,95.655173889008,0.));
#10528=CARTESIAN_POINT('',(98.2500014752149,95.655173889008,0.));
#10529=CARTESIAN_POINT('Origin',(99.000001475215,95.655173889008,0.));
#10530=CARTESIAN_POINT('',(98.2500014752149,95.655173889008,3.));
#10531=CARTESIAN_POINT('',(98.2500014752149,95.655173889008,0.));
#10532=CARTESIAN_POINT('Origin',(99.000001475215,95.655173889008,3.));
#10533=CARTESIAN_POINT('Origin',(95.6551738890081,22.0689669924563,0.));
#10534=CARTESIAN_POINT('',(94.9051738890081,22.0689669924563,0.));
#10535=CARTESIAN_POINT('Origin',(95.6551738890081,22.0689669924563,0.));
#10536=CARTESIAN_POINT('',(94.9051738890081,22.0689669924563,3.));
#10537=CARTESIAN_POINT('',(94.9051738890081,22.0689669924563,0.));
#10538=CARTESIAN_POINT('Origin',(95.6551738890081,22.0689669924563,3.));
#10539=CARTESIAN_POINT('Origin',(88.9655187165943,2.00000147521493,0.));
#10540=CARTESIAN_POINT('',(88.2155187165943,2.00000147521493,0.));
#10541=CARTESIAN_POINT('Origin',(88.9655187165943,2.00000147521493,0.));
#10542=CARTESIAN_POINT('',(88.2155187165943,2.00000147521493,3.));
#10543=CARTESIAN_POINT('',(88.2155187165943,2.00000147521493,0.));
#10544=CARTESIAN_POINT('Origin',(88.9655187165943,2.00000147521493,3.));
#10545=CARTESIAN_POINT('Origin',(95.655173889008,75.5862083717667,0.));
#10546=CARTESIAN_POINT('',(94.9051738890081,75.5862083717667,0.));
#10547=CARTESIAN_POINT('Origin',(95.655173889008,75.5862083717667,0.));
#10548=CARTESIAN_POINT('',(94.9051738890081,75.5862083717667,3.));
#10549=CARTESIAN_POINT('',(94.9051738890081,75.5862083717667,0.));
#10550=CARTESIAN_POINT('Origin',(95.655173889008,75.5862083717667,3.));
#10551=CARTESIAN_POINT('Origin',(92.3103463028012,92.2758635441805,0.));
#10552=CARTESIAN_POINT('',(91.5603463028012,92.2758635441805,0.));
#10553=CARTESIAN_POINT('Origin',(92.3103463028012,92.2758635441805,0.));
#10554=CARTESIAN_POINT('',(91.5603463028012,92.2758635441805,3.));
#10555=CARTESIAN_POINT('',(91.5603463028012,92.2758635441805,0.));
#10556=CARTESIAN_POINT('Origin',(92.3103463028012,92.2758635441805,3.));
#10557=CARTESIAN_POINT('Origin',(95.655173889008,78.9310359579736,0.));
#10558=CARTESIAN_POINT('',(94.9051738890081,78.9310359579736,0.));
#10559=CARTESIAN_POINT('Origin',(95.655173889008,78.9310359579736,0.));
#10560=CARTESIAN_POINT('',(94.9051738890081,78.9310359579736,3.));
#10561=CARTESIAN_POINT('',(94.9051738890081,78.9310359579736,0.));
#10562=CARTESIAN_POINT('Origin',(95.655173889008,78.9310359579736,3.));
#10563=CARTESIAN_POINT('Origin',(99.000001475215,92.3103463028012,0.));
#10564=CARTESIAN_POINT('',(98.250001475215,92.3103463028012,0.));
#10565=CARTESIAN_POINT('Origin',(99.000001475215,92.3103463028012,0.));
#10566=CARTESIAN_POINT('',(98.250001475215,92.3103463028012,3.));
#10567=CARTESIAN_POINT('',(98.250001475215,92.3103463028012,0.));
#10568=CARTESIAN_POINT('Origin',(99.000001475215,92.3103463028012,3.));
#10569=CARTESIAN_POINT('Origin',(2.00000147521492,48.7931049234908,0.));
#10570=CARTESIAN_POINT('',(1.25000147521493,48.7931049234908,0.));
#10571=CARTESIAN_POINT('Origin',(2.00000147521492,48.7931049234908,0.));
#10572=CARTESIAN_POINT('',(1.25000147521493,48.7931049234908,3.));
#10573=CARTESIAN_POINT('',(1.25000147521493,48.7931049234908,0.));
#10574=CARTESIAN_POINT('Origin',(2.00000147521492,48.7931049234908,3.));
#10575=CARTESIAN_POINT('Origin',(5.34482906142181,48.8275876821115,0.));
#10576=CARTESIAN_POINT('',(4.59482906142182,48.8275876821115,0.));
#10577=CARTESIAN_POINT('Origin',(5.34482906142181,48.8275876821115,0.));
#10578=CARTESIAN_POINT('',(4.59482906142182,48.8275876821115,3.));
#10579=CARTESIAN_POINT('',(4.59482906142182,48.8275876821115,0.));
#10580=CARTESIAN_POINT('Origin',(5.34482906142181,48.8275876821115,3.));
#10581=CARTESIAN_POINT('Origin',(5.34482906142181,58.8620704407322,0.));
#10582=CARTESIAN_POINT('',(4.59482906142182,58.8620704407322,0.));
#10583=CARTESIAN_POINT('Origin',(5.34482906142181,58.8620704407322,0.));
#10584=CARTESIAN_POINT('',(4.59482906142182,58.8620704407322,3.));
#10585=CARTESIAN_POINT('',(4.59482906142182,58.8620704407322,0.));
#10586=CARTESIAN_POINT('Origin',(5.34482906142181,58.8620704407322,3.));
#10587=CARTESIAN_POINT('Origin',(25.4137945786632,99.000001475215,0.));
#10588=CARTESIAN_POINT('',(24.6637945786632,99.000001475215,0.));
#10589=CARTESIAN_POINT('Origin',(25.4137945786632,99.000001475215,0.));
#10590=CARTESIAN_POINT('',(24.6637945786632,99.000001475215,3.));
#10591=CARTESIAN_POINT('',(24.6637945786632,99.000001475215,0.));
#10592=CARTESIAN_POINT('Origin',(25.4137945786632,99.000001475215,3.));
#10593=CARTESIAN_POINT('Origin',(2.00000147521492,52.1379325096977,0.));
#10594=CARTESIAN_POINT('',(1.25000147521492,52.1379325096977,0.));
#10595=CARTESIAN_POINT('Origin',(2.00000147521492,52.1379325096977,0.));
#10596=CARTESIAN_POINT('',(1.25000147521492,52.1379325096977,3.));
#10597=CARTESIAN_POINT('',(1.25000147521492,52.1379325096977,0.));
#10598=CARTESIAN_POINT('Origin',(2.00000147521492,52.1379325096977,3.));
#10599=CARTESIAN_POINT('Origin',(8.68965664762871,55.5172428545253,0.));
#10600=CARTESIAN_POINT('',(7.93965664762871,55.5172428545253,0.));
#10601=CARTESIAN_POINT('Origin',(8.68965664762871,55.5172428545253,0.));
#10602=CARTESIAN_POINT('',(7.93965664762871,55.5172428545253,3.));
#10603=CARTESIAN_POINT('',(7.93965664762871,55.5172428545253,0.));
#10604=CARTESIAN_POINT('Origin',(8.68965664762871,55.5172428545253,3.));
#10605=CARTESIAN_POINT('Origin',(22.0689669924563,95.6551738890081,0.));
#10606=CARTESIAN_POINT('',(21.3189669924563,95.6551738890081,0.));
#10607=CARTESIAN_POINT('Origin',(22.0689669924563,95.6551738890081,0.));
#10608=CARTESIAN_POINT('',(21.3189669924563,95.6551738890081,3.));
#10609=CARTESIAN_POINT('',(21.3189669924563,95.6551738890081,0.));
#10610=CARTESIAN_POINT('Origin',(22.0689669924563,95.6551738890081,3.));
#10611=CARTESIAN_POINT('Origin',(38.813,100.,5.5));
#10612=CARTESIAN_POINT('',(28.813,100.,3.));
#10613=CARTESIAN_POINT('',(38.813,100.,3.));
#10614=CARTESIAN_POINT('',(25.,100.,3.));
#10615=CARTESIAN_POINT('',(38.813,100.,1.5));
#10616=CARTESIAN_POINT('',(38.813,100.,5.5));
#10617=CARTESIAN_POINT('',(28.813,100.,1.5));
#10618=CARTESIAN_POINT('',(16.9065,100.,1.5));
#10619=CARTESIAN_POINT('',(28.813,100.,5.5));
#10620=CARTESIAN_POINT('Origin',(33.813,104.5,1.5));
#10621=CARTESIAN_POINT('',(38.813,109.,1.5));
#10622=CARTESIAN_POINT('',(38.813,109.,1.5));
#10623=CARTESIAN_POINT('',(28.813,109.,1.5));
#10624=CARTESIAN_POINT('',(71.4065,109.,1.5));
#10625=CARTESIAN_POINT('',(28.813,100.,1.5));
#10626=CARTESIAN_POINT('Origin',(0.,100.,0.));
#10627=CARTESIAN_POINT('',(38.813,100.,13.));
#10628=CARTESIAN_POINT('',(38.813,100.,6.5));
#10629=CARTESIAN_POINT('',(100.,100.,3.));
#10630=CARTESIAN_POINT('',(25.,100.,3.));
#10631=CARTESIAN_POINT('',(100.,100.,13.));
#10632=CARTESIAN_POINT('',(100.,100.,0.));
#10633=CARTESIAN_POINT('',(100.,100.,13.));
#10634=CARTESIAN_POINT('Origin',(0.,100.,0.));
#10635=CARTESIAN_POINT('',(28.813,100.,13.));
#10636=CARTESIAN_POINT('',(28.813,100.,6.5));
#10637=CARTESIAN_POINT('',(0.,100.,13.));
#10638=CARTESIAN_POINT('',(100.,100.,13.));
#10639=CARTESIAN_POINT('',(0.,100.,3.));
#10640=CARTESIAN_POINT('',(0.,100.,0.));
#10641=CARTESIAN_POINT('',(25.,100.,3.));
#10642=CARTESIAN_POINT('Origin',(109.,109.,0.));
#10643=CARTESIAN_POINT('',(28.813,109.,13.));
#10644=CARTESIAN_POINT('',(28.813,109.,6.5));
#10645=CARTESIAN_POINT('',(38.813,109.,13.));
#10646=CARTESIAN_POINT('',(38.813,109.,6.5));
#10647=CARTESIAN_POINT('',(104.,109.,13.));
#10648=CARTESIAN_POINT('',(109.,109.,13.));
#10649=CARTESIAN_POINT('',(104.,109.,0.));
#10650=CARTESIAN_POINT('',(104.,109.,0.));
#10651=CARTESIAN_POINT('',(-4.,109.,0.));
#10652=CARTESIAN_POINT('',(109.,109.,0.));
#10653=CARTESIAN_POINT('',(-4.,109.,13.));
#10654=CARTESIAN_POINT('',(-4.,109.,0.));
#10655=CARTESIAN_POINT('',(109.,109.,13.));
#10656=CARTESIAN_POINT('Origin',(104.,104.,0.));
#10657=CARTESIAN_POINT('',(109.,104.,13.));
#10658=CARTESIAN_POINT('Origin',(104.,104.,13.));
#10659=CARTESIAN_POINT('',(109.,104.,0.));
#10660=CARTESIAN_POINT('',(109.,104.,0.));
#10661=CARTESIAN_POINT('Origin',(104.,104.,0.));
#10662=CARTESIAN_POINT('Origin',(-4.,104.,13.));
#10663=CARTESIAN_POINT('',(38.813,106.5,13.));
#10664=CARTESIAN_POINT('',(100.,0.,13.));
#10665=CARTESIAN_POINT('',(100.,0.,13.));
#10666=CARTESIAN_POINT('',(0.,0.,13.));
#10667=CARTESIAN_POINT('',(0.,0.,13.));
#10668=CARTESIAN_POINT('',(0.,100.,13.));
#10669=CARTESIAN_POINT('',(28.813,102.,13.));
#10670=CARTESIAN_POINT('',(-9.,104.,13.));
#10671=CARTESIAN_POINT('Origin',(-4.,104.,13.));
#10672=CARTESIAN_POINT('',(-9.,-4.,13.));
#10673=CARTESIAN_POINT('',(-9.,109.,13.));
#10674=CARTESIAN_POINT('',(-4.,-9.,13.));
#10675=CARTESIAN_POINT('Origin',(-4.,-4.,13.));
#10676=CARTESIAN_POINT('',(104.,-9.,13.));
#10677=CARTESIAN_POINT('',(-9.,-9.,13.));
#10678=CARTESIAN_POINT('',(109.,-4.,13.));
#10679=CARTESIAN_POINT('Origin',(104.,-4.,13.));
#10680=CARTESIAN_POINT('',(109.,-9.,13.));
#10681=CARTESIAN_POINT('',(-5.7,104.,13.));
#10682=CARTESIAN_POINT('Origin',(-4.,104.,13.));
#10683=CARTESIAN_POINT('',(102.3,-4.,13.));
#10684=CARTESIAN_POINT('Origin',(104.,-4.,13.));
#10685=CARTESIAN_POINT('',(-5.7,-4.,13.));
#10686=CARTESIAN_POINT('Origin',(-4.,-4.,13.));
#10687=CARTESIAN_POINT('',(102.3,104.,13.));
#10688=CARTESIAN_POINT('Origin',(104.,104.,13.));
#10689=CARTESIAN_POINT('Origin',(-4.,104.,0.));
#10690=CARTESIAN_POINT('',(-9.,104.,0.));
#10691=CARTESIAN_POINT('Origin',(-4.,104.,0.));
#10692=CARTESIAN_POINT('',(-9.,104.,0.));
#10693=CARTESIAN_POINT('Origin',(-4.,-4.,0.));
#10694=CARTESIAN_POINT('',(-9.,-4.,0.));
#10695=CARTESIAN_POINT('',(-9.,-4.,0.));
#10696=CARTESIAN_POINT('',(-4.,-9.,0.));
#10697=CARTESIAN_POINT('Origin',(-4.,-4.,0.));
#10698=CARTESIAN_POINT('',(-4.,-9.,0.));
#10699=CARTESIAN_POINT('Origin',(-9.,-9.,0.));
#10700=CARTESIAN_POINT('',(104.,-9.,0.));
#10701=CARTESIAN_POINT('',(-9.,-9.,0.));
#10702=CARTESIAN_POINT('',(104.,-9.,0.));
#10703=CARTESIAN_POINT('Origin',(104.,-4.,0.));
#10704=CARTESIAN_POINT('',(109.,-4.,0.));
#10705=CARTESIAN_POINT('Origin',(104.,-4.,0.));
#10706=CARTESIAN_POINT('',(109.,-4.,0.));
#10707=CARTESIAN_POINT('Origin',(38.813,109.,13.));
#10708=CARTESIAN_POINT('Origin',(28.813,100.,13.));
#10709=CARTESIAN_POINT('Origin',(50.,50.,3.));
#10710=CARTESIAN_POINT('',(0.,0.,3.));
#10711=CARTESIAN_POINT('',(0.,25.,3.));
#10712=CARTESIAN_POINT('',(100.,0.,3.));
#10713=CARTESIAN_POINT('',(75.,0.,3.));
#10714=CARTESIAN_POINT('',(100.,75.,3.));
#10715=CARTESIAN_POINT('Origin',(100.,100.,0.));
#10716=CARTESIAN_POINT('',(100.,0.,0.));
#10717=CARTESIAN_POINT('Origin',(100.,0.,0.));
#10718=CARTESIAN_POINT('',(0.,0.,0.));
#10719=CARTESIAN_POINT('Origin',(-4.,104.,0.));
#10720=CARTESIAN_POINT('',(-7.,104.,3.1));
#10721=CARTESIAN_POINT('Origin',(-4.,104.,3.1));
#10722=CARTESIAN_POINT('',(-7.,104.,0.));
#10723=CARTESIAN_POINT('',(-7.,104.,0.));
#10724=CARTESIAN_POINT('Origin',(-4.,104.,0.));
#10725=CARTESIAN_POINT('Origin',(104.,104.,0.));
#10726=CARTESIAN_POINT('',(101.,104.,3.1));
#10727=CARTESIAN_POINT('Origin',(104.,104.,3.1));
#10728=CARTESIAN_POINT('',(101.,104.,0.));
#10729=CARTESIAN_POINT('',(101.,104.,0.));
#10730=CARTESIAN_POINT('Origin',(104.,104.,0.));
#10731=CARTESIAN_POINT('Origin',(0.,0.,0.));
#10732=CARTESIAN_POINT('Origin',(109.,-9.,0.));
#10733=CARTESIAN_POINT('',(109.,-9.,0.));
#10734=CARTESIAN_POINT('Origin',(-9.,109.,0.));
#10735=CARTESIAN_POINT('',(-9.,109.,0.));
#10736=CARTESIAN_POINT('Origin',(50.,50.,0.));
#10737=CARTESIAN_POINT('Origin',(-4.,-4.,3.1));
#10738=CARTESIAN_POINT('',(-5.7,-4.,3.1));
#10739=CARTESIAN_POINT('',(-5.7,-4.,3.1));
#10740=CARTESIAN_POINT('Origin',(-4.,-4.,3.1));
#10741=CARTESIAN_POINT('Origin',(-4.,-4.,3.1));
#10742=CARTESIAN_POINT('Origin',(104.,-4.,3.1));
#10743=CARTESIAN_POINT('',(102.3,-4.,3.1));
#10744=CARTESIAN_POINT('',(102.3,-4.,3.1));
#10745=CARTESIAN_POINT('Origin',(104.,-4.,3.1));
#10746=CARTESIAN_POINT('Origin',(104.,-4.,3.1));
#10747=CARTESIAN_POINT('Origin',(104.,104.,3.1));
#10748=CARTESIAN_POINT('',(102.3,104.,3.1));
#10749=CARTESIAN_POINT('',(102.3,104.,3.1));
#10750=CARTESIAN_POINT('Origin',(104.,104.,3.1));
#10751=CARTESIAN_POINT('Origin',(104.,104.,3.1));
#10752=CARTESIAN_POINT('Origin',(-4.,104.,3.1));
#10753=CARTESIAN_POINT('',(-5.7,104.,3.1));
#10754=CARTESIAN_POINT('',(-5.7,104.,3.1));
#10755=CARTESIAN_POINT('Origin',(-4.,104.,3.1));
#10756=CARTESIAN_POINT('Origin',(-4.,104.,3.1));
#10757=UNCERTAINTY_MEASURE_WITH_UNIT(LENGTH_MEASURE(0.01),#10761,
'DISTANCE_ACCURACY_VALUE',
'Maximum model space distance between geometric entities at asserted c
onnectivities');
#10758=UNCERTAINTY_MEASURE_WITH_UNIT(LENGTH_MEASURE(0.01),#10761,
'DISTANCE_ACCURACY_VALUE',
'Maximum model space distance between geometric entities at asserted c
onnectivities');
#10759=(
GEOMETRIC_REPRESENTATION_CONTEXT(3)
GLOBAL_UNCERTAINTY_ASSIGNED_CONTEXT((#10757))
GLOBAL_UNIT_ASSIGNED_CONTEXT((#10761,#10763,#10764))
REPRESENTATION_CONTEXT('','3D')
);
#10760=(
GEOMETRIC_REPRESENTATION_CONTEXT(3)
GLOBAL_UNCERTAINTY_ASSIGNED_CONTEXT((#10758))
GLOBAL_UNIT_ASSIGNED_CONTEXT((#10761,#10763,#10764))
REPRESENTATION_CONTEXT('','3D')
);
#10761=(
LENGTH_UNIT()
NAMED_UNIT(*)
SI_UNIT(.MILLI.,.METRE.)
);
#10762=(
LENGTH_UNIT()
NAMED_UNIT(*)
SI_UNIT($,.METRE.)
);
#10763=(
NAMED_UNIT(*)
PLANE_ANGLE_UNIT()
SI_UNIT($,.RADIAN.)
);
#10764=(
NAMED_UNIT(*)
SI_UNIT($,.STERADIAN.)
SOLID_ANGLE_UNIT()
);
#10765=SHAPE_DEFINITION_REPRESENTATION(#10766,#10767);
#10766=PRODUCT_DEFINITION_SHAPE('',$,#10769);
#10767=SHAPE_REPRESENTATION('',(#6359),#10759);
#10768=PRODUCT_DEFINITION_CONTEXT('part definition',#10773,'design');
#10769=PRODUCT_DEFINITION('2026-01-27-22-15-43-108','Backcover',#10770,
#10768);
#10770=PRODUCT_DEFINITION_FORMATION('',$,#10775);
#10771=PRODUCT_RELATED_PRODUCT_CATEGORY('Backcover','Backcover',(#10775));
#10772=APPLICATION_PROTOCOL_DEFINITION('international standard',
'automotive_design',2009,#10773);
#10773=APPLICATION_CONTEXT(
'Core Data for Automotive Mechanical Design Process');
#10774=PRODUCT_CONTEXT('part definition',#10773,'mechanical');
#10775=PRODUCT('2026-01-27-22-15-43-108','Backcover',$,(#10774));
#10776=PRESENTATION_STYLE_ASSIGNMENT((#10777));
#10777=SURFACE_STYLE_USAGE(.BOTH.,#10778);
#10778=SURFACE_SIDE_STYLE('',(#10779));
#10779=SURFACE_STYLE_FILL_AREA(#10780);
#10780=FILL_AREA_STYLE('Stahl - satiniert',(#10781));
#10781=FILL_AREA_STYLE_COLOUR('Stahl - satiniert',#10782);
#10782=COLOUR_RGB('Stahl - satiniert',0.627450980392157,0.627450980392157,
0.627450980392157);
ENDSEC;
END-ISO-10303-21;
