ISO-10303-21;
HEADER;
/* Generated by software containing ST-Developer
 * from STEP Tools, Inc. (www.steptools.com) 
 */

FILE_DESCRIPTION(
/* description */ (''),
/* implementation_level */ '2;1');

FILE_NAME(
/* name */ 'Backcoverv2.step',
/* time_stamp */ '2026-06-30T13:01:40+02:00',
/* author */ (''),
/* organization */ (''),
/* preprocessor_version */ 'ST-DEVELOPER v20.1',
/* originating_system */ 'Autodesk Translation Framework v14.24.0.0',
/* authorisation */ '');

FILE_SCHEMA (('AUTOMOTIVE_DESIGN { 1 0 10303 214 3 1 1 }'));
ENDSEC;

DATA;
#10=MECHANICAL_DESIGN_GEOMETRIC_PRESENTATION_REPRESENTATION('',(#13),#11896);
#11=SHAPE_REPRESENTATION_RELATIONSHIP('SRR','None',#11903,#12);
#12=ADVANCED_BREP_SHAPE_REPRESENTATION('',(#14),#11895);
#13=STYLED_ITEM('',(#11912),#14);
#14=MANIFOLD_SOLID_BREP('K\X\F6rper1',#7066);
#15=FACE_BOUND('',#1949,.T.);
#16=FACE_BOUND('',#1950,.T.);
#17=FACE_BOUND('',#1951,.T.);
#18=FACE_BOUND('',#1952,.T.);
#19=FACE_BOUND('',#1960,.T.);
#20=FACE_BOUND('',#1961,.T.);
#21=FACE_BOUND('',#1962,.T.);
#22=FACE_BOUND('',#1963,.T.);
#23=FACE_BOUND('',#1964,.T.);
#24=FACE_BOUND('',#1965,.T.);
#25=FACE_BOUND('',#1966,.T.);
#26=FACE_BOUND('',#1967,.T.);
#27=FACE_BOUND('',#1968,.T.);
#28=FACE_BOUND('',#1969,.T.);
#29=FACE_BOUND('',#1970,.T.);
#30=FACE_BOUND('',#1971,.T.);
#31=FACE_BOUND('',#1972,.T.);
#32=FACE_BOUND('',#1973,.T.);
#33=FACE_BOUND('',#1974,.T.);
#34=FACE_BOUND('',#1975,.T.);
#35=FACE_BOUND('',#1976,.T.);
#36=FACE_BOUND('',#1977,.T.);
#37=FACE_BOUND('',#1978,.T.);
#38=FACE_BOUND('',#1979,.T.);
#39=FACE_BOUND('',#1980,.T.);
#40=FACE_BOUND('',#1981,.T.);
#41=FACE_BOUND('',#1982,.T.);
#42=FACE_BOUND('',#1983,.T.);
#43=FACE_BOUND('',#1984,.T.);
#44=FACE_BOUND('',#1985,.T.);
#45=FACE_BOUND('',#1986,.T.);
#46=FACE_BOUND('',#1987,.T.);
#47=FACE_BOUND('',#1988,.T.);
#48=FACE_BOUND('',#1989,.T.);
#49=FACE_BOUND('',#1990,.T.);
#50=FACE_BOUND('',#1991,.T.);
#51=FACE_BOUND('',#1992,.T.);
#52=FACE_BOUND('',#1993,.T.);
#53=FACE_BOUND('',#1994,.T.);
#54=FACE_BOUND('',#1995,.T.);
#55=FACE_BOUND('',#1996,.T.);
#56=FACE_BOUND('',#1997,.T.);
#57=FACE_BOUND('',#1998,.T.);
#58=FACE_BOUND('',#1999,.T.);
#59=FACE_BOUND('',#2000,.T.);
#60=FACE_BOUND('',#2001,.T.);
#61=FACE_BOUND('',#2002,.T.);
#62=FACE_BOUND('',#2003,.T.);
#63=FACE_BOUND('',#2004,.T.);
#64=FACE_BOUND('',#2005,.T.);
#65=FACE_BOUND('',#2006,.T.);
#66=FACE_BOUND('',#2007,.T.);
#67=FACE_BOUND('',#2008,.T.);
#68=FACE_BOUND('',#2009,.T.);
#69=FACE_BOUND('',#2010,.T.);
#70=FACE_BOUND('',#2011,.T.);
#71=FACE_BOUND('',#2012,.T.);
#72=FACE_BOUND('',#2013,.T.);
#73=FACE_BOUND('',#2014,.T.);
#74=FACE_BOUND('',#2015,.T.);
#75=FACE_BOUND('',#2016,.T.);
#76=FACE_BOUND('',#2017,.T.);
#77=FACE_BOUND('',#2018,.T.);
#78=FACE_BOUND('',#2019,.T.);
#79=FACE_BOUND('',#2020,.T.);
#80=FACE_BOUND('',#2021,.T.);
#81=FACE_BOUND('',#2022,.T.);
#82=FACE_BOUND('',#2023,.T.);
#83=FACE_BOUND('',#2024,.T.);
#84=FACE_BOUND('',#2025,.T.);
#85=FACE_BOUND('',#2026,.T.);
#86=FACE_BOUND('',#2027,.T.);
#87=FACE_BOUND('',#2028,.T.);
#88=FACE_BOUND('',#2029,.T.);
#89=FACE_BOUND('',#2030,.T.);
#90=FACE_BOUND('',#2031,.T.);
#91=FACE_BOUND('',#2032,.T.);
#92=FACE_BOUND('',#2033,.T.);
#93=FACE_BOUND('',#2034,.T.);
#94=FACE_BOUND('',#2035,.T.);
#95=FACE_BOUND('',#2036,.T.);
#96=FACE_BOUND('',#2037,.T.);
#97=FACE_BOUND('',#2038,.T.);
#98=FACE_BOUND('',#2039,.T.);
#99=FACE_BOUND('',#2040,.T.);
#100=FACE_BOUND('',#2041,.T.);
#101=FACE_BOUND('',#2042,.T.);
#102=FACE_BOUND('',#2043,.T.);
#103=FACE_BOUND('',#2044,.T.);
#104=FACE_BOUND('',#2045,.T.);
#105=FACE_BOUND('',#2046,.T.);
#106=FACE_BOUND('',#2047,.T.);
#107=FACE_BOUND('',#2048,.T.);
#108=FACE_BOUND('',#2049,.T.);
#109=FACE_BOUND('',#2050,.T.);
#110=FACE_BOUND('',#2051,.T.);
#111=FACE_BOUND('',#2052,.T.);
#112=FACE_BOUND('',#2053,.T.);
#113=FACE_BOUND('',#2054,.T.);
#114=FACE_BOUND('',#2055,.T.);
#115=FACE_BOUND('',#2056,.T.);
#116=FACE_BOUND('',#2057,.T.);
#117=FACE_BOUND('',#2058,.T.);
#118=FACE_BOUND('',#2059,.T.);
#119=FACE_BOUND('',#2060,.T.);
#120=FACE_BOUND('',#2061,.T.);
#121=FACE_BOUND('',#2062,.T.);
#122=FACE_BOUND('',#2063,.T.);
#123=FACE_BOUND('',#2064,.T.);
#124=FACE_BOUND('',#2065,.T.);
#125=FACE_BOUND('',#2066,.T.);
#126=FACE_BOUND('',#2067,.T.);
#127=FACE_BOUND('',#2068,.T.);
#128=FACE_BOUND('',#2069,.T.);
#129=FACE_BOUND('',#2070,.T.);
#130=FACE_BOUND('',#2071,.T.);
#131=FACE_BOUND('',#2072,.T.);
#132=FACE_BOUND('',#2073,.T.);
#133=FACE_BOUND('',#2074,.T.);
#134=FACE_BOUND('',#2075,.T.);
#135=FACE_BOUND('',#2076,.T.);
#136=FACE_BOUND('',#2077,.T.);
#137=FACE_BOUND('',#2078,.T.);
#138=FACE_BOUND('',#2079,.T.);
#139=FACE_BOUND('',#2080,.T.);
#140=FACE_BOUND('',#2081,.T.);
#141=FACE_BOUND('',#2082,.T.);
#142=FACE_BOUND('',#2083,.T.);
#143=FACE_BOUND('',#2084,.T.);
#144=FACE_BOUND('',#2085,.T.);
#145=FACE_BOUND('',#2086,.T.);
#146=FACE_BOUND('',#2087,.T.);
#147=FACE_BOUND('',#2088,.T.);
#148=FACE_BOUND('',#2089,.T.);
#149=FACE_BOUND('',#2090,.T.);
#150=FACE_BOUND('',#2091,.T.);
#151=FACE_BOUND('',#2092,.T.);
#152=FACE_BOUND('',#2093,.T.);
#153=FACE_BOUND('',#2094,.T.);
#154=FACE_BOUND('',#2095,.T.);
#155=FACE_BOUND('',#2096,.T.);
#156=FACE_BOUND('',#2097,.T.);
#157=FACE_BOUND('',#2098,.T.);
#158=FACE_BOUND('',#2099,.T.);
#159=FACE_BOUND('',#2100,.T.);
#160=FACE_BOUND('',#2101,.T.);
#161=FACE_BOUND('',#2102,.T.);
#162=FACE_BOUND('',#2103,.T.);
#163=FACE_BOUND('',#2104,.T.);
#164=FACE_BOUND('',#2105,.T.);
#165=FACE_BOUND('',#2106,.T.);
#166=FACE_BOUND('',#2107,.T.);
#167=FACE_BOUND('',#2108,.T.);
#168=FACE_BOUND('',#2109,.T.);
#169=FACE_BOUND('',#2110,.T.);
#170=FACE_BOUND('',#2111,.T.);
#171=FACE_BOUND('',#2112,.T.);
#172=FACE_BOUND('',#2113,.T.);
#173=FACE_BOUND('',#2114,.T.);
#174=FACE_BOUND('',#2115,.T.);
#175=FACE_BOUND('',#2116,.T.);
#176=FACE_BOUND('',#2117,.T.);
#177=FACE_BOUND('',#2118,.T.);
#178=FACE_BOUND('',#2119,.T.);
#179=FACE_BOUND('',#2120,.T.);
#180=FACE_BOUND('',#2121,.T.);
#181=FACE_BOUND('',#2122,.T.);
#182=FACE_BOUND('',#2123,.T.);
#183=FACE_BOUND('',#2124,.T.);
#184=FACE_BOUND('',#2125,.T.);
#185=FACE_BOUND('',#2126,.T.);
#186=FACE_BOUND('',#2127,.T.);
#187=FACE_BOUND('',#2128,.T.);
#188=FACE_BOUND('',#2129,.T.);
#189=FACE_BOUND('',#2130,.T.);
#190=FACE_BOUND('',#2131,.T.);
#191=FACE_BOUND('',#2132,.T.);
#192=FACE_BOUND('',#2133,.T.);
#193=FACE_BOUND('',#2134,.T.);
#194=FACE_BOUND('',#2135,.T.);
#195=FACE_BOUND('',#2136,.T.);
#196=FACE_BOUND('',#2137,.T.);
#197=FACE_BOUND('',#2138,.T.);
#198=FACE_BOUND('',#2139,.T.);
#199=FACE_BOUND('',#2140,.T.);
#200=FACE_BOUND('',#2141,.T.);
#201=FACE_BOUND('',#2142,.T.);
#202=FACE_BOUND('',#2143,.T.);
#203=FACE_BOUND('',#2144,.T.);
#204=FACE_BOUND('',#2145,.T.);
#205=FACE_BOUND('',#2146,.T.);
#206=FACE_BOUND('',#2147,.T.);
#207=FACE_BOUND('',#2148,.T.);
#208=FACE_BOUND('',#2149,.T.);
#209=FACE_BOUND('',#2150,.T.);
#210=FACE_BOUND('',#2151,.T.);
#211=FACE_BOUND('',#2152,.T.);
#212=FACE_BOUND('',#2153,.T.);
#213=FACE_BOUND('',#2154,.T.);
#214=FACE_BOUND('',#2155,.T.);
#215=FACE_BOUND('',#2156,.T.);
#216=FACE_BOUND('',#2157,.T.);
#217=FACE_BOUND('',#2158,.T.);
#218=FACE_BOUND('',#2159,.T.);
#219=FACE_BOUND('',#2160,.T.);
#220=FACE_BOUND('',#2161,.T.);
#221=FACE_BOUND('',#2162,.T.);
#222=FACE_BOUND('',#2163,.T.);
#223=FACE_BOUND('',#2164,.T.);
#224=FACE_BOUND('',#2165,.T.);
#225=FACE_BOUND('',#2166,.T.);
#226=FACE_BOUND('',#2167,.T.);
#227=FACE_BOUND('',#2168,.T.);
#228=FACE_BOUND('',#2169,.T.);
#229=FACE_BOUND('',#2170,.T.);
#230=FACE_BOUND('',#2171,.T.);
#231=FACE_BOUND('',#2172,.T.);
#232=FACE_BOUND('',#2173,.T.);
#233=FACE_BOUND('',#2174,.T.);
#234=FACE_BOUND('',#2175,.T.);
#235=FACE_BOUND('',#2176,.T.);
#236=FACE_BOUND('',#2177,.T.);
#237=FACE_BOUND('',#2178,.T.);
#238=FACE_BOUND('',#2179,.T.);
#239=FACE_BOUND('',#2180,.T.);
#240=FACE_BOUND('',#2181,.T.);
#241=FACE_BOUND('',#2182,.T.);
#242=FACE_BOUND('',#2183,.T.);
#243=FACE_BOUND('',#2184,.T.);
#244=FACE_BOUND('',#2185,.T.);
#245=FACE_BOUND('',#2186,.T.);
#246=FACE_BOUND('',#2187,.T.);
#247=FACE_BOUND('',#2188,.T.);
#248=FACE_BOUND('',#2189,.T.);
#249=FACE_BOUND('',#2190,.T.);
#250=FACE_BOUND('',#2191,.T.);
#251=FACE_BOUND('',#2192,.T.);
#252=FACE_BOUND('',#2193,.T.);
#253=FACE_BOUND('',#2194,.T.);
#254=FACE_BOUND('',#2195,.T.);
#255=FACE_BOUND('',#2196,.T.);
#256=FACE_BOUND('',#2197,.T.);
#257=FACE_BOUND('',#2198,.T.);
#258=FACE_BOUND('',#2199,.T.);
#259=FACE_BOUND('',#2200,.T.);
#260=FACE_BOUND('',#2201,.T.);
#261=FACE_BOUND('',#2202,.T.);
#262=FACE_BOUND('',#2203,.T.);
#263=FACE_BOUND('',#2204,.T.);
#264=FACE_BOUND('',#2205,.T.);
#265=FACE_BOUND('',#2206,.T.);
#266=FACE_BOUND('',#2207,.T.);
#267=FACE_BOUND('',#2208,.T.);
#268=FACE_BOUND('',#2209,.T.);
#269=FACE_BOUND('',#2210,.T.);
#270=FACE_BOUND('',#2219,.T.);
#271=FACE_BOUND('',#2220,.T.);
#272=FACE_BOUND('',#2221,.T.);
#273=FACE_BOUND('',#2222,.T.);
#274=FACE_BOUND('',#2223,.T.);
#275=FACE_BOUND('',#2224,.T.);
#276=FACE_BOUND('',#2225,.T.);
#277=FACE_BOUND('',#2226,.T.);
#278=FACE_BOUND('',#2227,.T.);
#279=FACE_BOUND('',#2228,.T.);
#280=FACE_BOUND('',#2229,.T.);
#281=FACE_BOUND('',#2230,.T.);
#282=FACE_BOUND('',#2231,.T.);
#283=FACE_BOUND('',#2232,.T.);
#284=FACE_BOUND('',#2233,.T.);
#285=FACE_BOUND('',#2234,.T.);
#286=FACE_BOUND('',#2235,.T.);
#287=FACE_BOUND('',#2236,.T.);
#288=FACE_BOUND('',#2237,.T.);
#289=FACE_BOUND('',#2238,.T.);
#290=FACE_BOUND('',#2239,.T.);
#291=FACE_BOUND('',#2240,.T.);
#292=FACE_BOUND('',#2241,.T.);
#293=FACE_BOUND('',#2242,.T.);
#294=FACE_BOUND('',#2243,.T.);
#295=FACE_BOUND('',#2244,.T.);
#296=FACE_BOUND('',#2245,.T.);
#297=FACE_BOUND('',#2246,.T.);
#298=FACE_BOUND('',#2247,.T.);
#299=FACE_BOUND('',#2248,.T.);
#300=FACE_BOUND('',#2249,.T.);
#301=FACE_BOUND('',#2250,.T.);
#302=FACE_BOUND('',#2251,.T.);
#303=FACE_BOUND('',#2252,.T.);
#304=FACE_BOUND('',#2253,.T.);
#305=FACE_BOUND('',#2254,.T.);
#306=FACE_BOUND('',#2255,.T.);
#307=FACE_BOUND('',#2256,.T.);
#308=FACE_BOUND('',#2257,.T.);
#309=FACE_BOUND('',#2258,.T.);
#310=FACE_BOUND('',#2259,.T.);
#311=FACE_BOUND('',#2260,.T.);
#312=FACE_BOUND('',#2261,.T.);
#313=FACE_BOUND('',#2262,.T.);
#314=FACE_BOUND('',#2263,.T.);
#315=FACE_BOUND('',#2264,.T.);
#316=FACE_BOUND('',#2265,.T.);
#317=FACE_BOUND('',#2266,.T.);
#318=FACE_BOUND('',#2267,.T.);
#319=FACE_BOUND('',#2268,.T.);
#320=FACE_BOUND('',#2269,.T.);
#321=FACE_BOUND('',#2270,.T.);
#322=FACE_BOUND('',#2271,.T.);
#323=FACE_BOUND('',#2272,.T.);
#324=FACE_BOUND('',#2273,.T.);
#325=FACE_BOUND('',#2274,.T.);
#326=FACE_BOUND('',#2275,.T.);
#327=FACE_BOUND('',#2276,.T.);
#328=FACE_BOUND('',#2277,.T.);
#329=FACE_BOUND('',#2278,.T.);
#330=FACE_BOUND('',#2279,.T.);
#331=FACE_BOUND('',#2280,.T.);
#332=FACE_BOUND('',#2281,.T.);
#333=FACE_BOUND('',#2282,.T.);
#334=FACE_BOUND('',#2283,.T.);
#335=FACE_BOUND('',#2284,.T.);
#336=FACE_BOUND('',#2285,.T.);
#337=FACE_BOUND('',#2286,.T.);
#338=FACE_BOUND('',#2287,.T.);
#339=FACE_BOUND('',#2288,.T.);
#340=FACE_BOUND('',#2289,.T.);
#341=FACE_BOUND('',#2290,.T.);
#342=FACE_BOUND('',#2291,.T.);
#343=FACE_BOUND('',#2292,.T.);
#344=FACE_BOUND('',#2293,.T.);
#345=FACE_BOUND('',#2294,.T.);
#346=FACE_BOUND('',#2295,.T.);
#347=FACE_BOUND('',#2296,.T.);
#348=FACE_BOUND('',#2297,.T.);
#349=FACE_BOUND('',#2298,.T.);
#350=FACE_BOUND('',#2299,.T.);
#351=FACE_BOUND('',#2300,.T.);
#352=FACE_BOUND('',#2301,.T.);
#353=FACE_BOUND('',#2302,.T.);
#354=FACE_BOUND('',#2303,.T.);
#355=FACE_BOUND('',#2304,.T.);
#356=FACE_BOUND('',#2305,.T.);
#357=FACE_BOUND('',#2306,.T.);
#358=FACE_BOUND('',#2307,.T.);
#359=FACE_BOUND('',#2308,.T.);
#360=FACE_BOUND('',#2309,.T.);
#361=FACE_BOUND('',#2310,.T.);
#362=FACE_BOUND('',#2311,.T.);
#363=FACE_BOUND('',#2312,.T.);
#364=FACE_BOUND('',#2313,.T.);
#365=FACE_BOUND('',#2314,.T.);
#366=FACE_BOUND('',#2315,.T.);
#367=FACE_BOUND('',#2316,.T.);
#368=FACE_BOUND('',#2317,.T.);
#369=FACE_BOUND('',#2318,.T.);
#370=FACE_BOUND('',#2319,.T.);
#371=FACE_BOUND('',#2320,.T.);
#372=FACE_BOUND('',#2321,.T.);
#373=FACE_BOUND('',#2322,.T.);
#374=FACE_BOUND('',#2323,.T.);
#375=FACE_BOUND('',#2324,.T.);
#376=FACE_BOUND('',#2325,.T.);
#377=FACE_BOUND('',#2326,.T.);
#378=FACE_BOUND('',#2327,.T.);
#379=FACE_BOUND('',#2328,.T.);
#380=FACE_BOUND('',#2329,.T.);
#381=FACE_BOUND('',#2330,.T.);
#382=FACE_BOUND('',#2331,.T.);
#383=FACE_BOUND('',#2332,.T.);
#384=FACE_BOUND('',#2333,.T.);
#385=FACE_BOUND('',#2334,.T.);
#386=FACE_BOUND('',#2335,.T.);
#387=FACE_BOUND('',#2336,.T.);
#388=FACE_BOUND('',#2337,.T.);
#389=FACE_BOUND('',#2338,.T.);
#390=FACE_BOUND('',#2339,.T.);
#391=FACE_BOUND('',#2340,.T.);
#392=FACE_BOUND('',#2341,.T.);
#393=FACE_BOUND('',#2342,.T.);
#394=FACE_BOUND('',#2343,.T.);
#395=FACE_BOUND('',#2344,.T.);
#396=FACE_BOUND('',#2345,.T.);
#397=FACE_BOUND('',#2346,.T.);
#398=FACE_BOUND('',#2347,.T.);
#399=FACE_BOUND('',#2348,.T.);
#400=FACE_BOUND('',#2349,.T.);
#401=FACE_BOUND('',#2350,.T.);
#402=FACE_BOUND('',#2351,.T.);
#403=FACE_BOUND('',#2352,.T.);
#404=FACE_BOUND('',#2353,.T.);
#405=FACE_BOUND('',#2354,.T.);
#406=FACE_BOUND('',#2355,.T.);
#407=FACE_BOUND('',#2356,.T.);
#408=FACE_BOUND('',#2357,.T.);
#409=FACE_BOUND('',#2358,.T.);
#410=FACE_BOUND('',#2359,.T.);
#411=FACE_BOUND('',#2360,.T.);
#412=FACE_BOUND('',#2361,.T.);
#413=FACE_BOUND('',#2362,.T.);
#414=FACE_BOUND('',#2363,.T.);
#415=FACE_BOUND('',#2364,.T.);
#416=FACE_BOUND('',#2365,.T.);
#417=FACE_BOUND('',#2366,.T.);
#418=FACE_BOUND('',#2367,.T.);
#419=FACE_BOUND('',#2368,.T.);
#420=FACE_BOUND('',#2369,.T.);
#421=FACE_BOUND('',#2370,.T.);
#422=FACE_BOUND('',#2371,.T.);
#423=FACE_BOUND('',#2372,.T.);
#424=FACE_BOUND('',#2373,.T.);
#425=FACE_BOUND('',#2374,.T.);
#426=FACE_BOUND('',#2375,.T.);
#427=FACE_BOUND('',#2376,.T.);
#428=FACE_BOUND('',#2377,.T.);
#429=FACE_BOUND('',#2378,.T.);
#430=FACE_BOUND('',#2379,.T.);
#431=FACE_BOUND('',#2380,.T.);
#432=FACE_BOUND('',#2381,.T.);
#433=FACE_BOUND('',#2382,.T.);
#434=FACE_BOUND('',#2383,.T.);
#435=FACE_BOUND('',#2384,.T.);
#436=FACE_BOUND('',#2385,.T.);
#437=FACE_BOUND('',#2386,.T.);
#438=FACE_BOUND('',#2387,.T.);
#439=FACE_BOUND('',#2388,.T.);
#440=FACE_BOUND('',#2389,.T.);
#441=FACE_BOUND('',#2390,.T.);
#442=FACE_BOUND('',#2391,.T.);
#443=FACE_BOUND('',#2392,.T.);
#444=FACE_BOUND('',#2393,.T.);
#445=FACE_BOUND('',#2394,.T.);
#446=FACE_BOUND('',#2395,.T.);
#447=FACE_BOUND('',#2396,.T.);
#448=FACE_BOUND('',#2397,.T.);
#449=FACE_BOUND('',#2398,.T.);
#450=FACE_BOUND('',#2399,.T.);
#451=FACE_BOUND('',#2400,.T.);
#452=FACE_BOUND('',#2401,.T.);
#453=FACE_BOUND('',#2402,.T.);
#454=FACE_BOUND('',#2403,.T.);
#455=FACE_BOUND('',#2404,.T.);
#456=FACE_BOUND('',#2405,.T.);
#457=FACE_BOUND('',#2406,.T.);
#458=FACE_BOUND('',#2407,.T.);
#459=FACE_BOUND('',#2408,.T.);
#460=FACE_BOUND('',#2409,.T.);
#461=FACE_BOUND('',#2410,.T.);
#462=FACE_BOUND('',#2411,.T.);
#463=FACE_BOUND('',#2412,.T.);
#464=FACE_BOUND('',#2413,.T.);
#465=FACE_BOUND('',#2414,.T.);
#466=FACE_BOUND('',#2415,.T.);
#467=FACE_BOUND('',#2416,.T.);
#468=FACE_BOUND('',#2417,.T.);
#469=FACE_BOUND('',#2418,.T.);
#470=FACE_BOUND('',#2419,.T.);
#471=FACE_BOUND('',#2420,.T.);
#472=FACE_BOUND('',#2421,.T.);
#473=FACE_BOUND('',#2422,.T.);
#474=FACE_BOUND('',#2423,.T.);
#475=FACE_BOUND('',#2424,.T.);
#476=FACE_BOUND('',#2425,.T.);
#477=FACE_BOUND('',#2426,.T.);
#478=FACE_BOUND('',#2427,.T.);
#479=FACE_BOUND('',#2428,.T.);
#480=FACE_BOUND('',#2429,.T.);
#481=FACE_BOUND('',#2430,.T.);
#482=FACE_BOUND('',#2431,.T.);
#483=FACE_BOUND('',#2432,.T.);
#484=FACE_BOUND('',#2433,.T.);
#485=FACE_BOUND('',#2434,.T.);
#486=FACE_BOUND('',#2435,.T.);
#487=FACE_BOUND('',#2436,.T.);
#488=FACE_BOUND('',#2437,.T.);
#489=FACE_BOUND('',#2438,.T.);
#490=FACE_BOUND('',#2439,.T.);
#491=FACE_BOUND('',#2440,.T.);
#492=FACE_BOUND('',#2441,.T.);
#493=FACE_BOUND('',#2442,.T.);
#494=FACE_BOUND('',#2443,.T.);
#495=FACE_BOUND('',#2444,.T.);
#496=FACE_BOUND('',#2445,.T.);
#497=FACE_BOUND('',#2446,.T.);
#498=FACE_BOUND('',#2447,.T.);
#499=FACE_BOUND('',#2448,.T.);
#500=FACE_BOUND('',#2449,.T.);
#501=FACE_BOUND('',#2450,.T.);
#502=FACE_BOUND('',#2451,.T.);
#503=FACE_BOUND('',#2452,.T.);
#504=FACE_BOUND('',#2453,.T.);
#505=FACE_BOUND('',#2454,.T.);
#506=FACE_BOUND('',#2455,.T.);
#507=FACE_BOUND('',#2456,.T.);
#508=FACE_BOUND('',#2457,.T.);
#509=FACE_BOUND('',#2458,.T.);
#510=FACE_BOUND('',#2459,.T.);
#511=FACE_BOUND('',#2460,.T.);
#512=FACE_BOUND('',#2461,.T.);
#513=FACE_BOUND('',#2462,.T.);
#514=FACE_BOUND('',#2463,.T.);
#515=FACE_BOUND('',#2464,.T.);
#516=FACE_BOUND('',#2465,.T.);
#517=FACE_BOUND('',#2466,.T.);
#518=FACE_BOUND('',#2467,.T.);
#519=FACE_BOUND('',#2468,.T.);
#520=FACE_BOUND('',#2469,.T.);
#521=FACE_BOUND('',#2470,.T.);
#522=FACE_BOUND('',#2471,.T.);
#523=FACE_BOUND('',#2472,.T.);
#524=FACE_BOUND('',#2473,.T.);
#525=FACE_BOUND('',#2474,.T.);
#526=FACE_BOUND('',#2475,.T.);
#527=FACE_BOUND('',#2476,.T.);
#528=FACE_BOUND('',#2477,.T.);
#529=FACE_BOUND('',#2478,.T.);
#530=FACE_BOUND('',#2479,.T.);
#531=FACE_BOUND('',#2480,.T.);
#532=FACE_BOUND('',#2481,.T.);
#533=FACE_BOUND('',#2484,.T.);
#534=FACE_BOUND('',#2487,.T.);
#535=FACE_BOUND('',#2490,.T.);
#536=FACE_BOUND('',#2493,.T.);
#537=CIRCLE('',#7121,3.);
#538=CIRCLE('',#7122,3.);
#539=CIRCLE('',#7124,2.99999999999999);
#540=CIRCLE('',#7125,2.99999999999999);
#541=CIRCLE('',#7127,0.750000000000006);
#542=CIRCLE('',#7128,0.750000000000006);
#543=CIRCLE('',#7130,0.750000000000004);
#544=CIRCLE('',#7131,0.750000000000004);
#545=CIRCLE('',#7133,0.749999999999997);
#546=CIRCLE('',#7134,0.749999999999997);
#547=CIRCLE('',#7136,0.750000000000001);
#548=CIRCLE('',#7137,0.750000000000001);
#549=CIRCLE('',#7139,0.749999999999993);
#550=CIRCLE('',#7140,0.749999999999993);
#551=CIRCLE('',#7142,0.749999999999996);
#552=CIRCLE('',#7143,0.749999999999996);
#553=CIRCLE('',#7145,0.749999999999993);
#554=CIRCLE('',#7146,0.749999999999993);
#555=CIRCLE('',#7148,0.749999999999993);
#556=CIRCLE('',#7149,0.749999999999993);
#557=CIRCLE('',#7151,0.749999999999993);
#558=CIRCLE('',#7152,0.749999999999993);
#559=CIRCLE('',#7154,0.749999999999993);
#560=CIRCLE('',#7155,0.749999999999993);
#561=CIRCLE('',#7157,0.749999999999993);
#562=CIRCLE('',#7158,0.749999999999993);
#563=CIRCLE('',#7160,0.750000000000002);
#564=CIRCLE('',#7161,0.750000000000002);
#565=CIRCLE('',#7163,0.749999999999993);
#566=CIRCLE('',#7164,0.749999999999993);
#567=CIRCLE('',#7166,0.750000000000002);
#568=CIRCLE('',#7167,0.750000000000002);
#569=CIRCLE('',#7169,0.749999999999993);
#570=CIRCLE('',#7170,0.749999999999993);
#571=CIRCLE('',#7172,0.749999999999993);
#572=CIRCLE('',#7173,0.749999999999993);
#573=CIRCLE('',#7175,0.749999999999993);
#574=CIRCLE('',#7176,0.749999999999993);
#575=CIRCLE('',#7178,0.749999999999993);
#576=CIRCLE('',#7179,0.749999999999993);
#577=CIRCLE('',#7181,0.750000000000002);
#578=CIRCLE('',#7182,0.750000000000002);
#579=CIRCLE('',#7184,0.749999999999993);
#580=CIRCLE('',#7185,0.749999999999993);
#581=CIRCLE('',#7187,0.750000000000011);
#582=CIRCLE('',#7188,0.750000000000011);
#583=CIRCLE('',#7190,0.749999999999993);
#584=CIRCLE('',#7191,0.749999999999993);
#585=CIRCLE('',#7193,0.749999999999993);
#586=CIRCLE('',#7194,0.749999999999993);
#587=CIRCLE('',#7196,0.749999999999993);
#588=CIRCLE('',#7197,0.749999999999993);
#589=CIRCLE('',#7199,0.749999999999993);
#590=CIRCLE('',#7200,0.749999999999993);
#591=CIRCLE('',#7202,0.750000000000002);
#592=CIRCLE('',#7203,0.750000000000002);
#593=CIRCLE('',#7205,0.750000000000002);
#594=CIRCLE('',#7206,0.750000000000002);
#595=CIRCLE('',#7208,0.749999999999993);
#596=CIRCLE('',#7209,0.749999999999993);
#597=CIRCLE('',#7211,0.749999999999993);
#598=CIRCLE('',#7212,0.749999999999993);
#599=CIRCLE('',#7214,0.750000000000002);
#600=CIRCLE('',#7215,0.750000000000002);
#601=CIRCLE('',#7217,0.749999999999993);
#602=CIRCLE('',#7218,0.749999999999993);
#603=CIRCLE('',#7220,0.750000000000002);
#604=CIRCLE('',#7221,0.750000000000002);
#605=CIRCLE('',#7223,0.749999999999993);
#606=CIRCLE('',#7224,0.749999999999993);
#607=CIRCLE('',#7226,0.750000000000002);
#608=CIRCLE('',#7227,0.750000000000002);
#609=CIRCLE('',#7229,0.750000000000002);
#610=CIRCLE('',#7230,0.750000000000002);
#611=CIRCLE('',#7232,0.750000000000002);
#612=CIRCLE('',#7233,0.750000000000002);
#613=CIRCLE('',#7235,0.750000000000002);
#614=CIRCLE('',#7236,0.750000000000002);
#615=CIRCLE('',#7238,0.749999999999997);
#616=CIRCLE('',#7239,0.749999999999997);
#617=CIRCLE('',#7241,0.750000000000004);
#618=CIRCLE('',#7242,0.750000000000004);
#619=CIRCLE('',#7244,0.749999999999997);
#620=CIRCLE('',#7245,0.749999999999997);
#621=CIRCLE('',#7247,0.750000000000005);
#622=CIRCLE('',#7248,0.750000000000005);
#623=CIRCLE('',#7250,0.750000000000006);
#624=CIRCLE('',#7251,0.750000000000006);
#625=CIRCLE('',#7253,0.749999999999997);
#626=CIRCLE('',#7254,0.749999999999997);
#627=CIRCLE('',#7256,0.750000000000002);
#628=CIRCLE('',#7257,0.750000000000002);
#629=CIRCLE('',#7259,0.749999999999993);
#630=CIRCLE('',#7260,0.749999999999993);
#631=CIRCLE('',#7262,0.750000000000002);
#632=CIRCLE('',#7263,0.750000000000002);
#633=CIRCLE('',#7265,0.750000000000002);
#634=CIRCLE('',#7266,0.750000000000002);
#635=CIRCLE('',#7268,0.749999999999993);
#636=CIRCLE('',#7269,0.749999999999993);
#637=CIRCLE('',#7271,0.749999999999993);
#638=CIRCLE('',#7272,0.749999999999993);
#639=CIRCLE('',#7274,0.749999999999993);
#640=CIRCLE('',#7275,0.749999999999993);
#641=CIRCLE('',#7277,0.749999999999993);
#642=CIRCLE('',#7278,0.749999999999993);
#643=CIRCLE('',#7280,0.749999999999994);
#644=CIRCLE('',#7281,0.749999999999994);
#645=CIRCLE('',#7283,0.750000000000005);
#646=CIRCLE('',#7284,0.750000000000005);
#647=CIRCLE('',#7286,0.750000000000002);
#648=CIRCLE('',#7287,0.750000000000002);
#649=CIRCLE('',#7289,0.749999999999997);
#650=CIRCLE('',#7290,0.749999999999997);
#651=CIRCLE('',#7292,0.750000000000001);
#652=CIRCLE('',#7293,0.750000000000001);
#653=CIRCLE('',#7295,0.749999999999997);
#654=CIRCLE('',#7296,0.749999999999997);
#655=CIRCLE('',#7298,0.750000000000005);
#656=CIRCLE('',#7299,0.750000000000005);
#657=CIRCLE('',#7301,0.75);
#658=CIRCLE('',#7302,0.75);
#659=CIRCLE('',#7304,0.749999999999992);
#660=CIRCLE('',#7305,0.749999999999992);
#661=CIRCLE('',#7307,0.750000000000002);
#662=CIRCLE('',#7308,0.750000000000002);
#663=CIRCLE('',#7310,0.750000000000005);
#664=CIRCLE('',#7311,0.750000000000005);
#665=CIRCLE('',#7313,0.749999999999995);
#666=CIRCLE('',#7314,0.749999999999995);
#667=CIRCLE('',#7316,0.749999999999995);
#668=CIRCLE('',#7317,0.749999999999995);
#669=CIRCLE('',#7319,0.749999999999993);
#670=CIRCLE('',#7320,0.749999999999993);
#671=CIRCLE('',#7322,0.75);
#672=CIRCLE('',#7323,0.75);
#673=CIRCLE('',#7325,0.750000000000001);
#674=CIRCLE('',#7326,0.750000000000001);
#675=CIRCLE('',#7328,0.750000000000002);
#676=CIRCLE('',#7329,0.750000000000002);
#677=CIRCLE('',#7331,0.749999999999993);
#678=CIRCLE('',#7332,0.749999999999993);
#679=CIRCLE('',#7334,0.749999999999993);
#680=CIRCLE('',#7335,0.749999999999993);
#681=CIRCLE('',#7337,0.749999999999997);
#682=CIRCLE('',#7338,0.749999999999997);
#683=CIRCLE('',#7340,0.749999999999997);
#684=CIRCLE('',#7341,0.749999999999997);
#685=CIRCLE('',#7343,0.75);
#686=CIRCLE('',#7344,0.75);
#687=CIRCLE('',#7346,0.749999999999995);
#688=CIRCLE('',#7347,0.749999999999995);
#689=CIRCLE('',#7349,0.749999999999993);
#690=CIRCLE('',#7350,0.749999999999993);
#691=CIRCLE('',#7352,0.749999999999993);
#692=CIRCLE('',#7353,0.749999999999993);
#693=CIRCLE('',#7355,0.749999999999993);
#694=CIRCLE('',#7356,0.749999999999993);
#695=CIRCLE('',#7358,0.749999999999993);
#696=CIRCLE('',#7359,0.749999999999993);
#697=CIRCLE('',#7361,0.749999999999993);
#698=CIRCLE('',#7362,0.749999999999993);
#699=CIRCLE('',#7364,0.750000000000002);
#700=CIRCLE('',#7365,0.750000000000002);
#701=CIRCLE('',#7367,0.750000000000011);
#702=CIRCLE('',#7368,0.750000000000011);
#703=CIRCLE('',#7370,0.749999999999997);
#704=CIRCLE('',#7371,0.749999999999997);
#705=CIRCLE('',#7373,0.750000000000002);
#706=CIRCLE('',#7374,0.750000000000002);
#707=CIRCLE('',#7376,0.749999999999995);
#708=CIRCLE('',#7377,0.749999999999995);
#709=CIRCLE('',#7379,0.750000000000005);
#710=CIRCLE('',#7380,0.750000000000005);
#711=CIRCLE('',#7382,0.75);
#712=CIRCLE('',#7383,0.75);
#713=CIRCLE('',#7385,0.749999999999995);
#714=CIRCLE('',#7386,0.749999999999995);
#715=CIRCLE('',#7388,0.750000000000001);
#716=CIRCLE('',#7389,0.750000000000001);
#717=CIRCLE('',#7391,0.749999999999997);
#718=CIRCLE('',#7392,0.749999999999997);
#719=CIRCLE('',#7394,0.749999999999997);
#720=CIRCLE('',#7395,0.749999999999997);
#721=CIRCLE('',#7397,0.749999999999993);
#722=CIRCLE('',#7398,0.749999999999993);
#723=CIRCLE('',#7400,0.749999999999993);
#724=CIRCLE('',#7401,0.749999999999993);
#725=CIRCLE('',#7403,0.749999999999993);
#726=CIRCLE('',#7404,0.749999999999993);
#727=CIRCLE('',#7406,0.750000000000002);
#728=CIRCLE('',#7407,0.750000000000002);
#729=CIRCLE('',#7409,0.750000000000002);
#730=CIRCLE('',#7410,0.750000000000002);
#731=CIRCLE('',#7412,0.749999999999993);
#732=CIRCLE('',#7413,0.749999999999993);
#733=CIRCLE('',#7415,0.749999999999993);
#734=CIRCLE('',#7416,0.749999999999993);
#735=CIRCLE('',#7418,0.749999999999993);
#736=CIRCLE('',#7419,0.749999999999993);
#737=CIRCLE('',#7421,0.749999999999993);
#738=CIRCLE('',#7422,0.749999999999993);
#739=CIRCLE('',#7424,0.749999999999993);
#740=CIRCLE('',#7425,0.749999999999993);
#741=CIRCLE('',#7427,0.749999999999993);
#742=CIRCLE('',#7428,0.749999999999993);
#743=CIRCLE('',#7430,0.749999999999993);
#744=CIRCLE('',#7431,0.749999999999993);
#745=CIRCLE('',#7433,0.749999999999993);
#746=CIRCLE('',#7434,0.749999999999993);
#747=CIRCLE('',#7436,0.749999999999993);
#748=CIRCLE('',#7437,0.749999999999993);
#749=CIRCLE('',#7439,0.750000000000011);
#750=CIRCLE('',#7440,0.750000000000011);
#751=CIRCLE('',#7442,0.749999999999993);
#752=CIRCLE('',#7443,0.749999999999993);
#753=CIRCLE('',#7445,0.749999999999993);
#754=CIRCLE('',#7446,0.749999999999993);
#755=CIRCLE('',#7448,0.750000000000002);
#756=CIRCLE('',#7449,0.750000000000002);
#757=CIRCLE('',#7451,0.749999999999993);
#758=CIRCLE('',#7452,0.749999999999993);
#759=CIRCLE('',#7454,0.749999999999993);
#760=CIRCLE('',#7455,0.749999999999993);
#761=CIRCLE('',#7457,0.749999999999993);
#762=CIRCLE('',#7458,0.749999999999993);
#763=CIRCLE('',#7460,0.750000000000002);
#764=CIRCLE('',#7461,0.750000000000002);
#765=CIRCLE('',#7463,0.749999999999993);
#766=CIRCLE('',#7464,0.749999999999993);
#767=CIRCLE('',#7466,0.749999999999993);
#768=CIRCLE('',#7467,0.749999999999993);
#769=CIRCLE('',#7469,0.749999999999993);
#770=CIRCLE('',#7470,0.749999999999993);
#771=CIRCLE('',#7472,0.749999999999993);
#772=CIRCLE('',#7473,0.749999999999993);
#773=CIRCLE('',#7475,0.749999999999993);
#774=CIRCLE('',#7476,0.749999999999993);
#775=CIRCLE('',#7478,0.749999999999993);
#776=CIRCLE('',#7479,0.749999999999993);
#777=CIRCLE('',#7481,0.749999999999993);
#778=CIRCLE('',#7482,0.749999999999993);
#779=CIRCLE('',#7484,0.749999999999992);
#780=CIRCLE('',#7485,0.749999999999992);
#781=CIRCLE('',#7487,0.749999999999994);
#782=CIRCLE('',#7488,0.749999999999994);
#783=CIRCLE('',#7490,0.750000000000005);
#784=CIRCLE('',#7491,0.750000000000005);
#785=CIRCLE('',#7493,0.749999999999996);
#786=CIRCLE('',#7494,0.749999999999996);
#787=CIRCLE('',#7496,0.749999999999997);
#788=CIRCLE('',#7497,0.749999999999997);
#789=CIRCLE('',#7499,0.749999999999995);
#790=CIRCLE('',#7500,0.749999999999995);
#791=CIRCLE('',#7502,0.749999999999997);
#792=CIRCLE('',#7503,0.749999999999997);
#793=CIRCLE('',#7505,0.749999999999996);
#794=CIRCLE('',#7506,0.749999999999996);
#795=CIRCLE('',#7508,0.750000000000005);
#796=CIRCLE('',#7509,0.750000000000005);
#797=CIRCLE('',#7511,0.750000000000004);
#798=CIRCLE('',#7512,0.750000000000004);
#799=CIRCLE('',#7514,0.750000000000002);
#800=CIRCLE('',#7515,0.750000000000002);
#801=CIRCLE('',#7517,0.749999999999997);
#802=CIRCLE('',#7518,0.749999999999997);
#803=CIRCLE('',#7520,0.749999999999993);
#804=CIRCLE('',#7521,0.749999999999993);
#805=CIRCLE('',#7523,0.750000000000011);
#806=CIRCLE('',#7524,0.750000000000011);
#807=CIRCLE('',#7526,0.749999999999993);
#808=CIRCLE('',#7527,0.749999999999993);
#809=CIRCLE('',#7529,0.749999999999993);
#810=CIRCLE('',#7530,0.749999999999993);
#811=CIRCLE('',#7532,0.749999999999993);
#812=CIRCLE('',#7533,0.749999999999993);
#813=CIRCLE('',#7535,0.749999999999993);
#814=CIRCLE('',#7536,0.749999999999993);
#815=CIRCLE('',#7538,0.749999999999993);
#816=CIRCLE('',#7539,0.749999999999993);
#817=CIRCLE('',#7541,0.750000000000011);
#818=CIRCLE('',#7542,0.750000000000011);
#819=CIRCLE('',#7544,0.749999999999993);
#820=CIRCLE('',#7545,0.749999999999993);
#821=CIRCLE('',#7547,0.749999999999993);
#822=CIRCLE('',#7548,0.749999999999993);
#823=CIRCLE('',#7550,0.750000000000002);
#824=CIRCLE('',#7551,0.750000000000002);
#825=CIRCLE('',#7553,0.750000000000011);
#826=CIRCLE('',#7554,0.750000000000011);
#827=CIRCLE('',#7556,0.749999999999997);
#828=CIRCLE('',#7557,0.749999999999997);
#829=CIRCLE('',#7559,0.749999999999993);
#830=CIRCLE('',#7560,0.749999999999993);
#831=CIRCLE('',#7562,0.749999999999993);
#832=CIRCLE('',#7563,0.749999999999993);
#833=CIRCLE('',#7565,0.750000000000002);
#834=CIRCLE('',#7566,0.750000000000002);
#835=CIRCLE('',#7568,0.749999999999993);
#836=CIRCLE('',#7569,0.749999999999993);
#837=CIRCLE('',#7571,0.749999999999993);
#838=CIRCLE('',#7572,0.749999999999993);
#839=CIRCLE('',#7574,0.750000000000011);
#840=CIRCLE('',#7575,0.750000000000011);
#841=CIRCLE('',#7577,0.750000000000002);
#842=CIRCLE('',#7578,0.750000000000002);
#843=CIRCLE('',#7580,0.749999999999993);
#844=CIRCLE('',#7581,0.749999999999993);
#845=CIRCLE('',#7583,0.749999999999993);
#846=CIRCLE('',#7584,0.749999999999993);
#847=CIRCLE('',#7586,0.749999999999993);
#848=CIRCLE('',#7587,0.749999999999993);
#849=CIRCLE('',#7589,0.749999999999993);
#850=CIRCLE('',#7590,0.749999999999993);
#851=CIRCLE('',#7592,0.749999999999993);
#852=CIRCLE('',#7593,0.749999999999993);
#853=CIRCLE('',#7595,0.750000000000011);
#854=CIRCLE('',#7596,0.750000000000011);
#855=CIRCLE('',#7598,0.750000000000002);
#856=CIRCLE('',#7599,0.750000000000002);
#857=CIRCLE('',#7601,0.749999999999993);
#858=CIRCLE('',#7602,0.749999999999993);
#859=CIRCLE('',#7604,0.749999999999993);
#860=CIRCLE('',#7605,0.749999999999993);
#861=CIRCLE('',#7607,0.750000000000002);
#862=CIRCLE('',#7608,0.750000000000002);
#863=CIRCLE('',#7610,0.749999999999993);
#864=CIRCLE('',#7611,0.749999999999993);
#865=CIRCLE('',#7613,0.749999999999993);
#866=CIRCLE('',#7614,0.749999999999993);
#867=CIRCLE('',#7616,0.749999999999994);
#868=CIRCLE('',#7617,0.749999999999994);
#869=CIRCLE('',#7619,0.749999999999993);
#870=CIRCLE('',#7620,0.749999999999993);
#871=CIRCLE('',#7622,0.749999999999996);
#872=CIRCLE('',#7623,0.749999999999996);
#873=CIRCLE('',#7625,0.749999999999992);
#874=CIRCLE('',#7626,0.749999999999992);
#875=CIRCLE('',#7628,0.749999999999993);
#876=CIRCLE('',#7629,0.749999999999993);
#877=CIRCLE('',#7631,0.749999999999996);
#878=CIRCLE('',#7632,0.749999999999996);
#879=CIRCLE('',#7634,0.75);
#880=CIRCLE('',#7635,0.75);
#881=CIRCLE('',#7637,0.750000000000002);
#882=CIRCLE('',#7638,0.750000000000002);
#883=CIRCLE('',#7640,0.749999999999993);
#884=CIRCLE('',#7641,0.749999999999993);
#885=CIRCLE('',#7643,0.749999999999993);
#886=CIRCLE('',#7644,0.749999999999993);
#887=CIRCLE('',#7646,0.749999999999993);
#888=CIRCLE('',#7647,0.749999999999993);
#889=CIRCLE('',#7649,0.749999999999993);
#890=CIRCLE('',#7650,0.749999999999993);
#891=CIRCLE('',#7652,0.750000000000011);
#892=CIRCLE('',#7653,0.750000000000011);
#893=CIRCLE('',#7655,0.750000000000002);
#894=CIRCLE('',#7656,0.750000000000002);
#895=CIRCLE('',#7658,0.749999999999995);
#896=CIRCLE('',#7659,0.749999999999995);
#897=CIRCLE('',#7661,0.749999999999996);
#898=CIRCLE('',#7662,0.749999999999996);
#899=CIRCLE('',#7664,0.750000000000006);
#900=CIRCLE('',#7665,0.750000000000006);
#901=CIRCLE('',#7667,0.750000000000004);
#902=CIRCLE('',#7668,0.750000000000004);
#903=CIRCLE('',#7670,0.749999999999996);
#904=CIRCLE('',#7671,0.749999999999996);
#905=CIRCLE('',#7673,0.750000000000001);
#906=CIRCLE('',#7674,0.750000000000001);
#907=CIRCLE('',#7676,0.750000000000006);
#908=CIRCLE('',#7677,0.750000000000006);
#909=CIRCLE('',#7679,0.749999999999997);
#910=CIRCLE('',#7680,0.749999999999997);
#911=CIRCLE('',#7682,0.749999999999995);
#912=CIRCLE('',#7683,0.749999999999995);
#913=CIRCLE('',#7685,0.749999999999993);
#914=CIRCLE('',#7686,0.749999999999993);
#915=CIRCLE('',#7688,0.750000000000002);
#916=CIRCLE('',#7689,0.750000000000002);
#917=CIRCLE('',#7691,0.750000000000002);
#918=CIRCLE('',#7692,0.750000000000002);
#919=CIRCLE('',#7694,0.750000000000005);
#920=CIRCLE('',#7695,0.750000000000005);
#921=CIRCLE('',#7697,0.749999999999997);
#922=CIRCLE('',#7698,0.749999999999997);
#923=CIRCLE('',#7700,0.749999999999997);
#924=CIRCLE('',#7701,0.749999999999997);
#925=CIRCLE('',#7703,0.749999999999996);
#926=CIRCLE('',#7704,0.749999999999996);
#927=CIRCLE('',#7706,0.749999999999995);
#928=CIRCLE('',#7707,0.749999999999995);
#929=CIRCLE('',#7709,0.749999999999995);
#930=CIRCLE('',#7710,0.749999999999995);
#931=CIRCLE('',#7712,0.749999999999997);
#932=CIRCLE('',#7713,0.749999999999997);
#933=CIRCLE('',#7715,0.749999999999996);
#934=CIRCLE('',#7716,0.749999999999996);
#935=CIRCLE('',#7718,0.75);
#936=CIRCLE('',#7719,0.75);
#937=CIRCLE('',#7721,0.749999999999997);
#938=CIRCLE('',#7722,0.749999999999997);
#939=CIRCLE('',#7724,0.749999999999993);
#940=CIRCLE('',#7725,0.749999999999993);
#941=CIRCLE('',#7727,0.749999999999993);
#942=CIRCLE('',#7728,0.749999999999993);
#943=CIRCLE('',#7730,0.750000000000011);
#944=CIRCLE('',#7731,0.750000000000011);
#945=CIRCLE('',#7733,0.749999999999993);
#946=CIRCLE('',#7734,0.749999999999993);
#947=CIRCLE('',#7736,0.749999999999993);
#948=CIRCLE('',#7737,0.749999999999993);
#949=CIRCLE('',#7739,0.750000000000002);
#950=CIRCLE('',#7740,0.750000000000002);
#951=CIRCLE('',#7742,0.750000000000011);
#952=CIRCLE('',#7743,0.750000000000011);
#953=CIRCLE('',#7745,0.749999999999993);
#954=CIRCLE('',#7746,0.749999999999993);
#955=CIRCLE('',#7748,0.750000000000005);
#956=CIRCLE('',#7749,0.750000000000005);
#957=CIRCLE('',#7751,0.749999999999996);
#958=CIRCLE('',#7752,0.749999999999996);
#959=CIRCLE('',#7754,0.750000000000001);
#960=CIRCLE('',#7755,0.750000000000001);
#961=CIRCLE('',#7757,0.749999999999993);
#962=CIRCLE('',#7758,0.749999999999993);
#963=CIRCLE('',#7760,0.749999999999995);
#964=CIRCLE('',#7761,0.749999999999995);
#965=CIRCLE('',#7763,0.75);
#966=CIRCLE('',#7764,0.75);
#967=CIRCLE('',#7766,0.749999999999995);
#968=CIRCLE('',#7767,0.749999999999995);
#969=CIRCLE('',#7769,0.750000000000002);
#970=CIRCLE('',#7770,0.750000000000002);
#971=CIRCLE('',#7772,0.749999999999993);
#972=CIRCLE('',#7773,0.749999999999993);
#973=CIRCLE('',#7775,0.749999999999993);
#974=CIRCLE('',#7776,0.749999999999993);
#975=CIRCLE('',#7778,0.749999999999993);
#976=CIRCLE('',#7779,0.749999999999993);
#977=CIRCLE('',#7781,0.750000000000002);
#978=CIRCLE('',#7782,0.750000000000002);
#979=CIRCLE('',#7784,0.749999999999993);
#980=CIRCLE('',#7785,0.749999999999993);
#981=CIRCLE('',#7787,0.749999999999993);
#982=CIRCLE('',#7788,0.749999999999993);
#983=CIRCLE('',#7790,0.749999999999993);
#984=CIRCLE('',#7791,0.749999999999993);
#985=CIRCLE('',#7793,0.750000000000002);
#986=CIRCLE('',#7794,0.750000000000002);
#987=CIRCLE('',#7796,0.749999999999993);
#988=CIRCLE('',#7797,0.749999999999993);
#989=CIRCLE('',#7799,0.750000000000002);
#990=CIRCLE('',#7800,0.750000000000002);
#991=CIRCLE('',#7802,0.749999999999993);
#992=CIRCLE('',#7803,0.749999999999993);
#993=CIRCLE('',#7805,0.749999999999993);
#994=CIRCLE('',#7806,0.749999999999993);
#995=CIRCLE('',#7808,0.749999999999993);
#996=CIRCLE('',#7809,0.749999999999993);
#997=CIRCLE('',#7811,0.749999999999993);
#998=CIRCLE('',#7812,0.749999999999993);
#999=CIRCLE('',#7814,0.749999999999993);
#1000=CIRCLE('',#7815,0.749999999999993);
#1001=CIRCLE('',#7817,0.749999999999993);
#1002=CIRCLE('',#7818,0.749999999999993);
#1003=CIRCLE('',#7820,0.750000000000011);
#1004=CIRCLE('',#7821,0.750000000000011);
#1005=CIRCLE('',#7823,0.749999999999993);
#1006=CIRCLE('',#7824,0.749999999999993);
#1007=CIRCLE('',#7826,0.749999999999993);
#1008=CIRCLE('',#7827,0.749999999999993);
#1009=CIRCLE('',#7829,0.749999999999993);
#1010=CIRCLE('',#7830,0.749999999999993);
#1011=CIRCLE('',#7832,0.750000000000011);
#1012=CIRCLE('',#7833,0.750000000000011);
#1013=CIRCLE('',#7835,0.750000000000011);
#1014=CIRCLE('',#7836,0.750000000000011);
#1015=CIRCLE('',#7838,0.750000000000011);
#1016=CIRCLE('',#7839,0.750000000000011);
#1017=CIRCLE('',#7841,0.749999999999993);
#1018=CIRCLE('',#7842,0.749999999999993);
#1019=CIRCLE('',#7844,0.749999999999993);
#1020=CIRCLE('',#7845,0.749999999999993);
#1021=CIRCLE('',#7847,0.749999999999993);
#1022=CIRCLE('',#7848,0.749999999999993);
#1023=CIRCLE('',#7850,0.749999999999993);
#1024=CIRCLE('',#7851,0.749999999999993);
#1025=CIRCLE('',#7853,0.749999999999993);
#1026=CIRCLE('',#7854,0.749999999999993);
#1027=CIRCLE('',#7856,0.749999999999993);
#1028=CIRCLE('',#7857,0.749999999999993);
#1029=CIRCLE('',#7859,0.749999999999995);
#1030=CIRCLE('',#7860,0.749999999999995);
#1031=CIRCLE('',#7862,0.749999999999997);
#1032=CIRCLE('',#7863,0.749999999999997);
#1033=CIRCLE('',#7865,0.749999999999995);
#1034=CIRCLE('',#7866,0.749999999999995);
#1035=CIRCLE('',#7868,0.749999999999993);
#1036=CIRCLE('',#7869,0.749999999999993);
#1037=CIRCLE('',#7871,0.749999999999996);
#1038=CIRCLE('',#7872,0.749999999999996);
#1039=CIRCLE('',#7874,0.749999999999996);
#1040=CIRCLE('',#7875,0.749999999999996);
#1041=CIRCLE('',#7877,0.749999999999997);
#1042=CIRCLE('',#7878,0.749999999999997);
#1043=CIRCLE('',#7885,5.);
#1044=CIRCLE('',#7886,5.);
#1045=CIRCLE('',#7888,5.);
#1046=CIRCLE('',#7889,5.);
#1047=CIRCLE('',#7890,5.);
#1048=CIRCLE('',#7891,1.7);
#1049=CIRCLE('',#7892,1.7);
#1050=CIRCLE('',#7893,1.7);
#1051=CIRCLE('',#7894,1.7);
#1052=CIRCLE('',#7896,5.);
#1053=CIRCLE('',#7898,5.);
#1054=CIRCLE('',#7901,5.);
#1055=CIRCLE('',#7908,3.00000000000001);
#1056=CIRCLE('',#7909,3.00000000000001);
#1057=CIRCLE('',#7911,2.99999999999999);
#1058=CIRCLE('',#7912,2.99999999999999);
#1059=CIRCLE('',#7918,1.7);
#1060=CIRCLE('',#7921,1.7);
#1061=CIRCLE('',#7924,1.7);
#1062=CIRCLE('',#7927,1.7);
#1063=CYLINDRICAL_SURFACE('',#7120,3.);
#1064=CYLINDRICAL_SURFACE('',#7123,2.99999999999999);
#1065=CYLINDRICAL_SURFACE('',#7126,0.750000000000006);
#1066=CYLINDRICAL_SURFACE('',#7129,0.750000000000004);
#1067=CYLINDRICAL_SURFACE('',#7132,0.749999999999997);
#1068=CYLINDRICAL_SURFACE('',#7135,0.750000000000001);
#1069=CYLINDRICAL_SURFACE('',#7138,0.749999999999993);
#1070=CYLINDRICAL_SURFACE('',#7141,0.749999999999996);
#1071=CYLINDRICAL_SURFACE('',#7144,0.749999999999993);
#1072=CYLINDRICAL_SURFACE('',#7147,0.749999999999993);
#1073=CYLINDRICAL_SURFACE('',#7150,0.749999999999993);
#1074=CYLINDRICAL_SURFACE('',#7153,0.749999999999993);
#1075=CYLINDRICAL_SURFACE('',#7156,0.749999999999993);
#1076=CYLINDRICAL_SURFACE('',#7159,0.750000000000002);
#1077=CYLINDRICAL_SURFACE('',#7162,0.749999999999993);
#1078=CYLINDRICAL_SURFACE('',#7165,0.750000000000002);
#1079=CYLINDRICAL_SURFACE('',#7168,0.749999999999993);
#1080=CYLINDRICAL_SURFACE('',#7171,0.749999999999993);
#1081=CYLINDRICAL_SURFACE('',#7174,0.749999999999993);
#1082=CYLINDRICAL_SURFACE('',#7177,0.749999999999993);
#1083=CYLINDRICAL_SURFACE('',#7180,0.750000000000002);
#1084=CYLINDRICAL_SURFACE('',#7183,0.749999999999993);
#1085=CYLINDRICAL_SURFACE('',#7186,0.750000000000011);
#1086=CYLINDRICAL_SURFACE('',#7189,0.749999999999993);
#1087=CYLINDRICAL_SURFACE('',#7192,0.749999999999993);
#1088=CYLINDRICAL_SURFACE('',#7195,0.749999999999993);
#1089=CYLINDRICAL_SURFACE('',#7198,0.749999999999993);
#1090=CYLINDRICAL_SURFACE('',#7201,0.750000000000002);
#1091=CYLINDRICAL_SURFACE('',#7204,0.750000000000002);
#1092=CYLINDRICAL_SURFACE('',#7207,0.749999999999993);
#1093=CYLINDRICAL_SURFACE('',#7210,0.749999999999993);
#1094=CYLINDRICAL_SURFACE('',#7213,0.750000000000002);
#1095=CYLINDRICAL_SURFACE('',#7216,0.749999999999993);
#1096=CYLINDRICAL_SURFACE('',#7219,0.750000000000002);
#1097=CYLINDRICAL_SURFACE('',#7222,0.749999999999993);
#1098=CYLINDRICAL_SURFACE('',#7225,0.750000000000002);
#1099=CYLINDRICAL_SURFACE('',#7228,0.750000000000002);
#1100=CYLINDRICAL_SURFACE('',#7231,0.750000000000002);
#1101=CYLINDRICAL_SURFACE('',#7234,0.750000000000002);
#1102=CYLINDRICAL_SURFACE('',#7237,0.749999999999997);
#1103=CYLINDRICAL_SURFACE('',#7240,0.750000000000004);
#1104=CYLINDRICAL_SURFACE('',#7243,0.749999999999997);
#1105=CYLINDRICAL_SURFACE('',#7246,0.750000000000005);
#1106=CYLINDRICAL_SURFACE('',#7249,0.750000000000006);
#1107=CYLINDRICAL_SURFACE('',#7252,0.749999999999997);
#1108=CYLINDRICAL_SURFACE('',#7255,0.750000000000002);
#1109=CYLINDRICAL_SURFACE('',#7258,0.749999999999993);
#1110=CYLINDRICAL_SURFACE('',#7261,0.750000000000002);
#1111=CYLINDRICAL_SURFACE('',#7264,0.750000000000002);
#1112=CYLINDRICAL_SURFACE('',#7267,0.749999999999993);
#1113=CYLINDRICAL_SURFACE('',#7270,0.749999999999993);
#1114=CYLINDRICAL_SURFACE('',#7273,0.749999999999993);
#1115=CYLINDRICAL_SURFACE('',#7276,0.749999999999993);
#1116=CYLINDRICAL_SURFACE('',#7279,0.749999999999994);
#1117=CYLINDRICAL_SURFACE('',#7282,0.750000000000005);
#1118=CYLINDRICAL_SURFACE('',#7285,0.750000000000002);
#1119=CYLINDRICAL_SURFACE('',#7288,0.749999999999997);
#1120=CYLINDRICAL_SURFACE('',#7291,0.750000000000001);
#1121=CYLINDRICAL_SURFACE('',#7294,0.749999999999997);
#1122=CYLINDRICAL_SURFACE('',#7297,0.750000000000005);
#1123=CYLINDRICAL_SURFACE('',#7300,0.75);
#1124=CYLINDRICAL_SURFACE('',#7303,0.749999999999992);
#1125=CYLINDRICAL_SURFACE('',#7306,0.750000000000002);
#1126=CYLINDRICAL_SURFACE('',#7309,0.750000000000005);
#1127=CYLINDRICAL_SURFACE('',#7312,0.749999999999995);
#1128=CYLINDRICAL_SURFACE('',#7315,0.749999999999995);
#1129=CYLINDRICAL_SURFACE('',#7318,0.749999999999993);
#1130=CYLINDRICAL_SURFACE('',#7321,0.75);
#1131=CYLINDRICAL_SURFACE('',#7324,0.750000000000001);
#1132=CYLINDRICAL_SURFACE('',#7327,0.750000000000002);
#1133=CYLINDRICAL_SURFACE('',#7330,0.749999999999993);
#1134=CYLINDRICAL_SURFACE('',#7333,0.749999999999993);
#1135=CYLINDRICAL_SURFACE('',#7336,0.749999999999997);
#1136=CYLINDRICAL_SURFACE('',#7339,0.749999999999997);
#1137=CYLINDRICAL_SURFACE('',#7342,0.75);
#1138=CYLINDRICAL_SURFACE('',#7345,0.749999999999995);
#1139=CYLINDRICAL_SURFACE('',#7348,0.749999999999993);
#1140=CYLINDRICAL_SURFACE('',#7351,0.749999999999993);
#1141=CYLINDRICAL_SURFACE('',#7354,0.749999999999993);
#1142=CYLINDRICAL_SURFACE('',#7357,0.749999999999993);
#1143=CYLINDRICAL_SURFACE('',#7360,0.749999999999993);
#1144=CYLINDRICAL_SURFACE('',#7363,0.750000000000002);
#1145=CYLINDRICAL_SURFACE('',#7366,0.750000000000011);
#1146=CYLINDRICAL_SURFACE('',#7369,0.749999999999997);
#1147=CYLINDRICAL_SURFACE('',#7372,0.750000000000002);
#1148=CYLINDRICAL_SURFACE('',#7375,0.749999999999995);
#1149=CYLINDRICAL_SURFACE('',#7378,0.750000000000005);
#1150=CYLINDRICAL_SURFACE('',#7381,0.75);
#1151=CYLINDRICAL_SURFACE('',#7384,0.749999999999995);
#1152=CYLINDRICAL_SURFACE('',#7387,0.750000000000001);
#1153=CYLINDRICAL_SURFACE('',#7390,0.749999999999997);
#1154=CYLINDRICAL_SURFACE('',#7393,0.749999999999997);
#1155=CYLINDRICAL_SURFACE('',#7396,0.749999999999993);
#1156=CYLINDRICAL_SURFACE('',#7399,0.749999999999993);
#1157=CYLINDRICAL_SURFACE('',#7402,0.749999999999993);
#1158=CYLINDRICAL_SURFACE('',#7405,0.750000000000002);
#1159=CYLINDRICAL_SURFACE('',#7408,0.750000000000002);
#1160=CYLINDRICAL_SURFACE('',#7411,0.749999999999993);
#1161=CYLINDRICAL_SURFACE('',#7414,0.749999999999993);
#1162=CYLINDRICAL_SURFACE('',#7417,0.749999999999993);
#1163=CYLINDRICAL_SURFACE('',#7420,0.749999999999993);
#1164=CYLINDRICAL_SURFACE('',#7423,0.749999999999993);
#1165=CYLINDRICAL_SURFACE('',#7426,0.749999999999993);
#1166=CYLINDRICAL_SURFACE('',#7429,0.749999999999993);
#1167=CYLINDRICAL_SURFACE('',#7432,0.749999999999993);
#1168=CYLINDRICAL_SURFACE('',#7435,0.749999999999993);
#1169=CYLINDRICAL_SURFACE('',#7438,0.750000000000011);
#1170=CYLINDRICAL_SURFACE('',#7441,0.749999999999993);
#1171=CYLINDRICAL_SURFACE('',#7444,0.749999999999993);
#1172=CYLINDRICAL_SURFACE('',#7447,0.750000000000002);
#1173=CYLINDRICAL_SURFACE('',#7450,0.749999999999993);
#1174=CYLINDRICAL_SURFACE('',#7453,0.749999999999993);
#1175=CYLINDRICAL_SURFACE('',#7456,0.749999999999993);
#1176=CYLINDRICAL_SURFACE('',#7459,0.750000000000002);
#1177=CYLINDRICAL_SURFACE('',#7462,0.749999999999993);
#1178=CYLINDRICAL_SURFACE('',#7465,0.749999999999993);
#1179=CYLINDRICAL_SURFACE('',#7468,0.749999999999993);
#1180=CYLINDRICAL_SURFACE('',#7471,0.749999999999993);
#1181=CYLINDRICAL_SURFACE('',#7474,0.749999999999993);
#1182=CYLINDRICAL_SURFACE('',#7477,0.749999999999993);
#1183=CYLINDRICAL_SURFACE('',#7480,0.749999999999993);
#1184=CYLINDRICAL_SURFACE('',#7483,0.749999999999992);
#1185=CYLINDRICAL_SURFACE('',#7486,0.749999999999994);
#1186=CYLINDRICAL_SURFACE('',#7489,0.750000000000005);
#1187=CYLINDRICAL_SURFACE('',#7492,0.749999999999996);
#1188=CYLINDRICAL_SURFACE('',#7495,0.749999999999997);
#1189=CYLINDRICAL_SURFACE('',#7498,0.749999999999995);
#1190=CYLINDRICAL_SURFACE('',#7501,0.749999999999997);
#1191=CYLINDRICAL_SURFACE('',#7504,0.749999999999996);
#1192=CYLINDRICAL_SURFACE('',#7507,0.750000000000005);
#1193=CYLINDRICAL_SURFACE('',#7510,0.750000000000004);
#1194=CYLINDRICAL_SURFACE('',#7513,0.750000000000002);
#1195=CYLINDRICAL_SURFACE('',#7516,0.749999999999997);
#1196=CYLINDRICAL_SURFACE('',#7519,0.749999999999993);
#1197=CYLINDRICAL_SURFACE('',#7522,0.750000000000011);
#1198=CYLINDRICAL_SURFACE('',#7525,0.749999999999993);
#1199=CYLINDRICAL_SURFACE('',#7528,0.749999999999993);
#1200=CYLINDRICAL_SURFACE('',#7531,0.749999999999993);
#1201=CYLINDRICAL_SURFACE('',#7534,0.749999999999993);
#1202=CYLINDRICAL_SURFACE('',#7537,0.749999999999993);
#1203=CYLINDRICAL_SURFACE('',#7540,0.750000000000011);
#1204=CYLINDRICAL_SURFACE('',#7543,0.749999999999993);
#1205=CYLINDRICAL_SURFACE('',#7546,0.749999999999993);
#1206=CYLINDRICAL_SURFACE('',#7549,0.750000000000002);
#1207=CYLINDRICAL_SURFACE('',#7552,0.750000000000011);
#1208=CYLINDRICAL_SURFACE('',#7555,0.749999999999997);
#1209=CYLINDRICAL_SURFACE('',#7558,0.749999999999993);
#1210=CYLINDRICAL_SURFACE('',#7561,0.749999999999993);
#1211=CYLINDRICAL_SURFACE('',#7564,0.750000000000002);
#1212=CYLINDRICAL_SURFACE('',#7567,0.749999999999993);
#1213=CYLINDRICAL_SURFACE('',#7570,0.749999999999993);
#1214=CYLINDRICAL_SURFACE('',#7573,0.750000000000011);
#1215=CYLINDRICAL_SURFACE('',#7576,0.750000000000002);
#1216=CYLINDRICAL_SURFACE('',#7579,0.749999999999993);
#1217=CYLINDRICAL_SURFACE('',#7582,0.749999999999993);
#1218=CYLINDRICAL_SURFACE('',#7585,0.749999999999993);
#1219=CYLINDRICAL_SURFACE('',#7588,0.749999999999993);
#1220=CYLINDRICAL_SURFACE('',#7591,0.749999999999993);
#1221=CYLINDRICAL_SURFACE('',#7594,0.750000000000011);
#1222=CYLINDRICAL_SURFACE('',#7597,0.750000000000002);
#1223=CYLINDRICAL_SURFACE('',#7600,0.749999999999993);
#1224=CYLINDRICAL_SURFACE('',#7603,0.749999999999993);
#1225=CYLINDRICAL_SURFACE('',#7606,0.750000000000002);
#1226=CYLINDRICAL_SURFACE('',#7609,0.749999999999993);
#1227=CYLINDRICAL_SURFACE('',#7612,0.749999999999993);
#1228=CYLINDRICAL_SURFACE('',#7615,0.749999999999994);
#1229=CYLINDRICAL_SURFACE('',#7618,0.749999999999993);
#1230=CYLINDRICAL_SURFACE('',#7621,0.749999999999996);
#1231=CYLINDRICAL_SURFACE('',#7624,0.749999999999992);
#1232=CYLINDRICAL_SURFACE('',#7627,0.749999999999993);
#1233=CYLINDRICAL_SURFACE('',#7630,0.749999999999996);
#1234=CYLINDRICAL_SURFACE('',#7633,0.75);
#1235=CYLINDRICAL_SURFACE('',#7636,0.750000000000002);
#1236=CYLINDRICAL_SURFACE('',#7639,0.749999999999993);
#1237=CYLINDRICAL_SURFACE('',#7642,0.749999999999993);
#1238=CYLINDRICAL_SURFACE('',#7645,0.749999999999993);
#1239=CYLINDRICAL_SURFACE('',#7648,0.749999999999993);
#1240=CYLINDRICAL_SURFACE('',#7651,0.750000000000011);
#1241=CYLINDRICAL_SURFACE('',#7654,0.750000000000002);
#1242=CYLINDRICAL_SURFACE('',#7657,0.749999999999995);
#1243=CYLINDRICAL_SURFACE('',#7660,0.749999999999996);
#1244=CYLINDRICAL_SURFACE('',#7663,0.750000000000006);
#1245=CYLINDRICAL_SURFACE('',#7666,0.750000000000004);
#1246=CYLINDRICAL_SURFACE('',#7669,0.749999999999996);
#1247=CYLINDRICAL_SURFACE('',#7672,0.750000000000001);
#1248=CYLINDRICAL_SURFACE('',#7675,0.750000000000006);
#1249=CYLINDRICAL_SURFACE('',#7678,0.749999999999997);
#1250=CYLINDRICAL_SURFACE('',#7681,0.749999999999995);
#1251=CYLINDRICAL_SURFACE('',#7684,0.749999999999993);
#1252=CYLINDRICAL_SURFACE('',#7687,0.750000000000002);
#1253=CYLINDRICAL_SURFACE('',#7690,0.750000000000002);
#1254=CYLINDRICAL_SURFACE('',#7693,0.750000000000005);
#1255=CYLINDRICAL_SURFACE('',#7696,0.749999999999997);
#1256=CYLINDRICAL_SURFACE('',#7699,0.749999999999997);
#1257=CYLINDRICAL_SURFACE('',#7702,0.749999999999996);
#1258=CYLINDRICAL_SURFACE('',#7705,0.749999999999995);
#1259=CYLINDRICAL_SURFACE('',#7708,0.749999999999995);
#1260=CYLINDRICAL_SURFACE('',#7711,0.749999999999997);
#1261=CYLINDRICAL_SURFACE('',#7714,0.749999999999996);
#1262=CYLINDRICAL_SURFACE('',#7717,0.75);
#1263=CYLINDRICAL_SURFACE('',#7720,0.749999999999997);
#1264=CYLINDRICAL_SURFACE('',#7723,0.749999999999993);
#1265=CYLINDRICAL_SURFACE('',#7726,0.749999999999993);
#1266=CYLINDRICAL_SURFACE('',#7729,0.750000000000011);
#1267=CYLINDRICAL_SURFACE('',#7732,0.749999999999993);
#1268=CYLINDRICAL_SURFACE('',#7735,0.749999999999993);
#1269=CYLINDRICAL_SURFACE('',#7738,0.750000000000002);
#1270=CYLINDRICAL_SURFACE('',#7741,0.750000000000011);
#1271=CYLINDRICAL_SURFACE('',#7744,0.749999999999993);
#1272=CYLINDRICAL_SURFACE('',#7747,0.750000000000005);
#1273=CYLINDRICAL_SURFACE('',#7750,0.749999999999996);
#1274=CYLINDRICAL_SURFACE('',#7753,0.750000000000001);
#1275=CYLINDRICAL_SURFACE('',#7756,0.749999999999993);
#1276=CYLINDRICAL_SURFACE('',#7759,0.749999999999995);
#1277=CYLINDRICAL_SURFACE('',#7762,0.75);
#1278=CYLINDRICAL_SURFACE('',#7765,0.749999999999995);
#1279=CYLINDRICAL_SURFACE('',#7768,0.750000000000002);
#1280=CYLINDRICAL_SURFACE('',#7771,0.749999999999993);
#1281=CYLINDRICAL_SURFACE('',#7774,0.749999999999993);
#1282=CYLINDRICAL_SURFACE('',#7777,0.749999999999993);
#1283=CYLINDRICAL_SURFACE('',#7780,0.750000000000002);
#1284=CYLINDRICAL_SURFACE('',#7783,0.749999999999993);
#1285=CYLINDRICAL_SURFACE('',#7786,0.749999999999993);
#1286=CYLINDRICAL_SURFACE('',#7789,0.749999999999993);
#1287=CYLINDRICAL_SURFACE('',#7792,0.750000000000002);
#1288=CYLINDRICAL_SURFACE('',#7795,0.749999999999993);
#1289=CYLINDRICAL_SURFACE('',#7798,0.750000000000002);
#1290=CYLINDRICAL_SURFACE('',#7801,0.749999999999993);
#1291=CYLINDRICAL_SURFACE('',#7804,0.749999999999993);
#1292=CYLINDRICAL_SURFACE('',#7807,0.749999999999993);
#1293=CYLINDRICAL_SURFACE('',#7810,0.749999999999993);
#1294=CYLINDRICAL_SURFACE('',#7813,0.749999999999993);
#1295=CYLINDRICAL_SURFACE('',#7816,0.749999999999993);
#1296=CYLINDRICAL_SURFACE('',#7819,0.750000000000011);
#1297=CYLINDRICAL_SURFACE('',#7822,0.749999999999993);
#1298=CYLINDRICAL_SURFACE('',#7825,0.749999999999993);
#1299=CYLINDRICAL_SURFACE('',#7828,0.749999999999993);
#1300=CYLINDRICAL_SURFACE('',#7831,0.750000000000011);
#1301=CYLINDRICAL_SURFACE('',#7834,0.750000000000011);
#1302=CYLINDRICAL_SURFACE('',#7837,0.750000000000011);
#1303=CYLINDRICAL_SURFACE('',#7840,0.749999999999993);
#1304=CYLINDRICAL_SURFACE('',#7843,0.749999999999993);
#1305=CYLINDRICAL_SURFACE('',#7846,0.749999999999993);
#1306=CYLINDRICAL_SURFACE('',#7849,0.749999999999993);
#1307=CYLINDRICAL_SURFACE('',#7852,0.749999999999993);
#1308=CYLINDRICAL_SURFACE('',#7855,0.749999999999993);
#1309=CYLINDRICAL_SURFACE('',#7858,0.749999999999995);
#1310=CYLINDRICAL_SURFACE('',#7861,0.749999999999997);
#1311=CYLINDRICAL_SURFACE('',#7864,0.749999999999995);
#1312=CYLINDRICAL_SURFACE('',#7867,0.749999999999993);
#1313=CYLINDRICAL_SURFACE('',#7870,0.749999999999996);
#1314=CYLINDRICAL_SURFACE('',#7873,0.749999999999996);
#1315=CYLINDRICAL_SURFACE('',#7876,0.749999999999997);
#1316=CYLINDRICAL_SURFACE('',#7884,5.);
#1317=CYLINDRICAL_SURFACE('',#7895,5.);
#1318=CYLINDRICAL_SURFACE('',#7897,5.);
#1319=CYLINDRICAL_SURFACE('',#7900,5.);
#1320=CYLINDRICAL_SURFACE('',#7907,3.00000000000001);
#1321=CYLINDRICAL_SURFACE('',#7910,2.99999999999999);
#1322=CYLINDRICAL_SURFACE('',#7917,1.7);
#1323=CYLINDRICAL_SURFACE('',#7920,1.7);
#1324=CYLINDRICAL_SURFACE('',#7923,1.7);
#1325=CYLINDRICAL_SURFACE('',#7926,1.7);
#1326=FACE_OUTER_BOUND('',#1649,.T.);
#1327=FACE_OUTER_BOUND('',#1650,.T.);
#1328=FACE_OUTER_BOUND('',#1651,.T.);
#1329=FACE_OUTER_BOUND('',#1652,.T.);
#1330=FACE_OUTER_BOUND('',#1653,.T.);
#1331=FACE_OUTER_BOUND('',#1654,.T.);
#1332=FACE_OUTER_BOUND('',#1655,.T.);
#1333=FACE_OUTER_BOUND('',#1656,.T.);
#1334=FACE_OUTER_BOUND('',#1657,.T.);
#1335=FACE_OUTER_BOUND('',#1658,.T.);
#1336=FACE_OUTER_BOUND('',#1659,.T.);
#1337=FACE_OUTER_BOUND('',#1660,.T.);
#1338=FACE_OUTER_BOUND('',#1661,.T.);
#1339=FACE_OUTER_BOUND('',#1662,.T.);
#1340=FACE_OUTER_BOUND('',#1663,.T.);
#1341=FACE_OUTER_BOUND('',#1664,.T.);
#1342=FACE_OUTER_BOUND('',#1665,.T.);
#1343=FACE_OUTER_BOUND('',#1666,.T.);
#1344=FACE_OUTER_BOUND('',#1667,.T.);
#1345=FACE_OUTER_BOUND('',#1668,.T.);
#1346=FACE_OUTER_BOUND('',#1669,.T.);
#1347=FACE_OUTER_BOUND('',#1670,.T.);
#1348=FACE_OUTER_BOUND('',#1671,.T.);
#1349=FACE_OUTER_BOUND('',#1672,.T.);
#1350=FACE_OUTER_BOUND('',#1673,.T.);
#1351=FACE_OUTER_BOUND('',#1674,.T.);
#1352=FACE_OUTER_BOUND('',#1675,.T.);
#1353=FACE_OUTER_BOUND('',#1676,.T.);
#1354=FACE_OUTER_BOUND('',#1677,.T.);
#1355=FACE_OUTER_BOUND('',#1678,.T.);
#1356=FACE_OUTER_BOUND('',#1679,.T.);
#1357=FACE_OUTER_BOUND('',#1680,.T.);
#1358=FACE_OUTER_BOUND('',#1681,.T.);
#1359=FACE_OUTER_BOUND('',#1682,.T.);
#1360=FACE_OUTER_BOUND('',#1683,.T.);
#1361=FACE_OUTER_BOUND('',#1684,.T.);
#1362=FACE_OUTER_BOUND('',#1685,.T.);
#1363=FACE_OUTER_BOUND('',#1686,.T.);
#1364=FACE_OUTER_BOUND('',#1687,.T.);
#1365=FACE_OUTER_BOUND('',#1688,.T.);
#1366=FACE_OUTER_BOUND('',#1689,.T.);
#1367=FACE_OUTER_BOUND('',#1690,.T.);
#1368=FACE_OUTER_BOUND('',#1691,.T.);
#1369=FACE_OUTER_BOUND('',#1692,.T.);
#1370=FACE_OUTER_BOUND('',#1693,.T.);
#1371=FACE_OUTER_BOUND('',#1694,.T.);
#1372=FACE_OUTER_BOUND('',#1695,.T.);
#1373=FACE_OUTER_BOUND('',#1696,.T.);
#1374=FACE_OUTER_BOUND('',#1697,.T.);
#1375=FACE_OUTER_BOUND('',#1698,.T.);
#1376=FACE_OUTER_BOUND('',#1699,.T.);
#1377=FACE_OUTER_BOUND('',#1700,.T.);
#1378=FACE_OUTER_BOUND('',#1701,.T.);
#1379=FACE_OUTER_BOUND('',#1702,.T.);
#1380=FACE_OUTER_BOUND('',#1703,.T.);
#1381=FACE_OUTER_BOUND('',#1704,.T.);
#1382=FACE_OUTER_BOUND('',#1705,.T.);
#1383=FACE_OUTER_BOUND('',#1706,.T.);
#1384=FACE_OUTER_BOUND('',#1707,.T.);
#1385=FACE_OUTER_BOUND('',#1708,.T.);
#1386=FACE_OUTER_BOUND('',#1709,.T.);
#1387=FACE_OUTER_BOUND('',#1710,.T.);
#1388=FACE_OUTER_BOUND('',#1711,.T.);
#1389=FACE_OUTER_BOUND('',#1712,.T.);
#1390=FACE_OUTER_BOUND('',#1713,.T.);
#1391=FACE_OUTER_BOUND('',#1714,.T.);
#1392=FACE_OUTER_BOUND('',#1715,.T.);
#1393=FACE_OUTER_BOUND('',#1716,.T.);
#1394=FACE_OUTER_BOUND('',#1717,.T.);
#1395=FACE_OUTER_BOUND('',#1718,.T.);
#1396=FACE_OUTER_BOUND('',#1719,.T.);
#1397=FACE_OUTER_BOUND('',#1720,.T.);
#1398=FACE_OUTER_BOUND('',#1721,.T.);
#1399=FACE_OUTER_BOUND('',#1722,.T.);
#1400=FACE_OUTER_BOUND('',#1723,.T.);
#1401=FACE_OUTER_BOUND('',#1724,.T.);
#1402=FACE_OUTER_BOUND('',#1725,.T.);
#1403=FACE_OUTER_BOUND('',#1726,.T.);
#1404=FACE_OUTER_BOUND('',#1727,.T.);
#1405=FACE_OUTER_BOUND('',#1728,.T.);
#1406=FACE_OUTER_BOUND('',#1729,.T.);
#1407=FACE_OUTER_BOUND('',#1730,.T.);
#1408=FACE_OUTER_BOUND('',#1731,.T.);
#1409=FACE_OUTER_BOUND('',#1732,.T.);
#1410=FACE_OUTER_BOUND('',#1733,.T.);
#1411=FACE_OUTER_BOUND('',#1734,.T.);
#1412=FACE_OUTER_BOUND('',#1735,.T.);
#1413=FACE_OUTER_BOUND('',#1736,.T.);
#1414=FACE_OUTER_BOUND('',#1737,.T.);
#1415=FACE_OUTER_BOUND('',#1738,.T.);
#1416=FACE_OUTER_BOUND('',#1739,.T.);
#1417=FACE_OUTER_BOUND('',#1740,.T.);
#1418=FACE_OUTER_BOUND('',#1741,.T.);
#1419=FACE_OUTER_BOUND('',#1742,.T.);
#1420=FACE_OUTER_BOUND('',#1743,.T.);
#1421=FACE_OUTER_BOUND('',#1744,.T.);
#1422=FACE_OUTER_BOUND('',#1745,.T.);
#1423=FACE_OUTER_BOUND('',#1746,.T.);
#1424=FACE_OUTER_BOUND('',#1747,.T.);
#1425=FACE_OUTER_BOUND('',#1748,.T.);
#1426=FACE_OUTER_BOUND('',#1749,.T.);
#1427=FACE_OUTER_BOUND('',#1750,.T.);
#1428=FACE_OUTER_BOUND('',#1751,.T.);
#1429=FACE_OUTER_BOUND('',#1752,.T.);
#1430=FACE_OUTER_BOUND('',#1753,.T.);
#1431=FACE_OUTER_BOUND('',#1754,.T.);
#1432=FACE_OUTER_BOUND('',#1755,.T.);
#1433=FACE_OUTER_BOUND('',#1756,.T.);
#1434=FACE_OUTER_BOUND('',#1757,.T.);
#1435=FACE_OUTER_BOUND('',#1758,.T.);
#1436=FACE_OUTER_BOUND('',#1759,.T.);
#1437=FACE_OUTER_BOUND('',#1760,.T.);
#1438=FACE_OUTER_BOUND('',#1761,.T.);
#1439=FACE_OUTER_BOUND('',#1762,.T.);
#1440=FACE_OUTER_BOUND('',#1763,.T.);
#1441=FACE_OUTER_BOUND('',#1764,.T.);
#1442=FACE_OUTER_BOUND('',#1765,.T.);
#1443=FACE_OUTER_BOUND('',#1766,.T.);
#1444=FACE_OUTER_BOUND('',#1767,.T.);
#1445=FACE_OUTER_BOUND('',#1768,.T.);
#1446=FACE_OUTER_BOUND('',#1769,.T.);
#1447=FACE_OUTER_BOUND('',#1770,.T.);
#1448=FACE_OUTER_BOUND('',#1771,.T.);
#1449=FACE_OUTER_BOUND('',#1772,.T.);
#1450=FACE_OUTER_BOUND('',#1773,.T.);
#1451=FACE_OUTER_BOUND('',#1774,.T.);
#1452=FACE_OUTER_BOUND('',#1775,.T.);
#1453=FACE_OUTER_BOUND('',#1776,.T.);
#1454=FACE_OUTER_BOUND('',#1777,.T.);
#1455=FACE_OUTER_BOUND('',#1778,.T.);
#1456=FACE_OUTER_BOUND('',#1779,.T.);
#1457=FACE_OUTER_BOUND('',#1780,.T.);
#1458=FACE_OUTER_BOUND('',#1781,.T.);
#1459=FACE_OUTER_BOUND('',#1782,.T.);
#1460=FACE_OUTER_BOUND('',#1783,.T.);
#1461=FACE_OUTER_BOUND('',#1784,.T.);
#1462=FACE_OUTER_BOUND('',#1785,.T.);
#1463=FACE_OUTER_BOUND('',#1786,.T.);
#1464=FACE_OUTER_BOUND('',#1787,.T.);
#1465=FACE_OUTER_BOUND('',#1788,.T.);
#1466=FACE_OUTER_BOUND('',#1789,.T.);
#1467=FACE_OUTER_BOUND('',#1790,.T.);
#1468=FACE_OUTER_BOUND('',#1791,.T.);
#1469=FACE_OUTER_BOUND('',#1792,.T.);
#1470=FACE_OUTER_BOUND('',#1793,.T.);
#1471=FACE_OUTER_BOUND('',#1794,.T.);
#1472=FACE_OUTER_BOUND('',#1795,.T.);
#1473=FACE_OUTER_BOUND('',#1796,.T.);
#1474=FACE_OUTER_BOUND('',#1797,.T.);
#1475=FACE_OUTER_BOUND('',#1798,.T.);
#1476=FACE_OUTER_BOUND('',#1799,.T.);
#1477=FACE_OUTER_BOUND('',#1800,.T.);
#1478=FACE_OUTER_BOUND('',#1801,.T.);
#1479=FACE_OUTER_BOUND('',#1802,.T.);
#1480=FACE_OUTER_BOUND('',#1803,.T.);
#1481=FACE_OUTER_BOUND('',#1804,.T.);
#1482=FACE_OUTER_BOUND('',#1805,.T.);
#1483=FACE_OUTER_BOUND('',#1806,.T.);
#1484=FACE_OUTER_BOUND('',#1807,.T.);
#1485=FACE_OUTER_BOUND('',#1808,.T.);
#1486=FACE_OUTER_BOUND('',#1809,.T.);
#1487=FACE_OUTER_BOUND('',#1810,.T.);
#1488=FACE_OUTER_BOUND('',#1811,.T.);
#1489=FACE_OUTER_BOUND('',#1812,.T.);
#1490=FACE_OUTER_BOUND('',#1813,.T.);
#1491=FACE_OUTER_BOUND('',#1814,.T.);
#1492=FACE_OUTER_BOUND('',#1815,.T.);
#1493=FACE_OUTER_BOUND('',#1816,.T.);
#1494=FACE_OUTER_BOUND('',#1817,.T.);
#1495=FACE_OUTER_BOUND('',#1818,.T.);
#1496=FACE_OUTER_BOUND('',#1819,.T.);
#1497=FACE_OUTER_BOUND('',#1820,.T.);
#1498=FACE_OUTER_BOUND('',#1821,.T.);
#1499=FACE_OUTER_BOUND('',#1822,.T.);
#1500=FACE_OUTER_BOUND('',#1823,.T.);
#1501=FACE_OUTER_BOUND('',#1824,.T.);
#1502=FACE_OUTER_BOUND('',#1825,.T.);
#1503=FACE_OUTER_BOUND('',#1826,.T.);
#1504=FACE_OUTER_BOUND('',#1827,.T.);
#1505=FACE_OUTER_BOUND('',#1828,.T.);
#1506=FACE_OUTER_BOUND('',#1829,.T.);
#1507=FACE_OUTER_BOUND('',#1830,.T.);
#1508=FACE_OUTER_BOUND('',#1831,.T.);
#1509=FACE_OUTER_BOUND('',#1832,.T.);
#1510=FACE_OUTER_BOUND('',#1833,.T.);
#1511=FACE_OUTER_BOUND('',#1834,.T.);
#1512=FACE_OUTER_BOUND('',#1835,.T.);
#1513=FACE_OUTER_BOUND('',#1836,.T.);
#1514=FACE_OUTER_BOUND('',#1837,.T.);
#1515=FACE_OUTER_BOUND('',#1838,.T.);
#1516=FACE_OUTER_BOUND('',#1839,.T.);
#1517=FACE_OUTER_BOUND('',#1840,.T.);
#1518=FACE_OUTER_BOUND('',#1841,.T.);
#1519=FACE_OUTER_BOUND('',#1842,.T.);
#1520=FACE_OUTER_BOUND('',#1843,.T.);
#1521=FACE_OUTER_BOUND('',#1844,.T.);
#1522=FACE_OUTER_BOUND('',#1845,.T.);
#1523=FACE_OUTER_BOUND('',#1846,.T.);
#1524=FACE_OUTER_BOUND('',#1847,.T.);
#1525=FACE_OUTER_BOUND('',#1848,.T.);
#1526=FACE_OUTER_BOUND('',#1849,.T.);
#1527=FACE_OUTER_BOUND('',#1850,.T.);
#1528=FACE_OUTER_BOUND('',#1851,.T.);
#1529=FACE_OUTER_BOUND('',#1852,.T.);
#1530=FACE_OUTER_BOUND('',#1853,.T.);
#1531=FACE_OUTER_BOUND('',#1854,.T.);
#1532=FACE_OUTER_BOUND('',#1855,.T.);
#1533=FACE_OUTER_BOUND('',#1856,.T.);
#1534=FACE_OUTER_BOUND('',#1857,.T.);
#1535=FACE_OUTER_BOUND('',#1858,.T.);
#1536=FACE_OUTER_BOUND('',#1859,.T.);
#1537=FACE_OUTER_BOUND('',#1860,.T.);
#1538=FACE_OUTER_BOUND('',#1861,.T.);
#1539=FACE_OUTER_BOUND('',#1862,.T.);
#1540=FACE_OUTER_BOUND('',#1863,.T.);
#1541=FACE_OUTER_BOUND('',#1864,.T.);
#1542=FACE_OUTER_BOUND('',#1865,.T.);
#1543=FACE_OUTER_BOUND('',#1866,.T.);
#1544=FACE_OUTER_BOUND('',#1867,.T.);
#1545=FACE_OUTER_BOUND('',#1868,.T.);
#1546=FACE_OUTER_BOUND('',#1869,.T.);
#1547=FACE_OUTER_BOUND('',#1870,.T.);
#1548=FACE_OUTER_BOUND('',#1871,.T.);
#1549=FACE_OUTER_BOUND('',#1872,.T.);
#1550=FACE_OUTER_BOUND('',#1873,.T.);
#1551=FACE_OUTER_BOUND('',#1874,.T.);
#1552=FACE_OUTER_BOUND('',#1875,.T.);
#1553=FACE_OUTER_BOUND('',#1876,.T.);
#1554=FACE_OUTER_BOUND('',#1877,.T.);
#1555=FACE_OUTER_BOUND('',#1878,.T.);
#1556=FACE_OUTER_BOUND('',#1879,.T.);
#1557=FACE_OUTER_BOUND('',#1880,.T.);
#1558=FACE_OUTER_BOUND('',#1881,.T.);
#1559=FACE_OUTER_BOUND('',#1882,.T.);
#1560=FACE_OUTER_BOUND('',#1883,.T.);
#1561=FACE_OUTER_BOUND('',#1884,.T.);
#1562=FACE_OUTER_BOUND('',#1885,.T.);
#1563=FACE_OUTER_BOUND('',#1886,.T.);
#1564=FACE_OUTER_BOUND('',#1887,.T.);
#1565=FACE_OUTER_BOUND('',#1888,.T.);
#1566=FACE_OUTER_BOUND('',#1889,.T.);
#1567=FACE_OUTER_BOUND('',#1890,.T.);
#1568=FACE_OUTER_BOUND('',#1891,.T.);
#1569=FACE_OUTER_BOUND('',#1892,.T.);
#1570=FACE_OUTER_BOUND('',#1893,.T.);
#1571=FACE_OUTER_BOUND('',#1894,.T.);
#1572=FACE_OUTER_BOUND('',#1895,.T.);
#1573=FACE_OUTER_BOUND('',#1896,.T.);
#1574=FACE_OUTER_BOUND('',#1897,.T.);
#1575=FACE_OUTER_BOUND('',#1898,.T.);
#1576=FACE_OUTER_BOUND('',#1899,.T.);
#1577=FACE_OUTER_BOUND('',#1900,.T.);
#1578=FACE_OUTER_BOUND('',#1901,.T.);
#1579=FACE_OUTER_BOUND('',#1902,.T.);
#1580=FACE_OUTER_BOUND('',#1903,.T.);
#1581=FACE_OUTER_BOUND('',#1904,.T.);
#1582=FACE_OUTER_BOUND('',#1905,.T.);
#1583=FACE_OUTER_BOUND('',#1906,.T.);
#1584=FACE_OUTER_BOUND('',#1907,.T.);
#1585=FACE_OUTER_BOUND('',#1908,.T.);
#1586=FACE_OUTER_BOUND('',#1909,.T.);
#1587=FACE_OUTER_BOUND('',#1910,.T.);
#1588=FACE_OUTER_BOUND('',#1911,.T.);
#1589=FACE_OUTER_BOUND('',#1912,.T.);
#1590=FACE_OUTER_BOUND('',#1913,.T.);
#1591=FACE_OUTER_BOUND('',#1914,.T.);
#1592=FACE_OUTER_BOUND('',#1915,.T.);
#1593=FACE_OUTER_BOUND('',#1916,.T.);
#1594=FACE_OUTER_BOUND('',#1917,.T.);
#1595=FACE_OUTER_BOUND('',#1918,.T.);
#1596=FACE_OUTER_BOUND('',#1919,.T.);
#1597=FACE_OUTER_BOUND('',#1920,.T.);
#1598=FACE_OUTER_BOUND('',#1921,.T.);
#1599=FACE_OUTER_BOUND('',#1922,.T.);
#1600=FACE_OUTER_BOUND('',#1923,.T.);
#1601=FACE_OUTER_BOUND('',#1924,.T.);
#1602=FACE_OUTER_BOUND('',#1925,.T.);
#1603=FACE_OUTER_BOUND('',#1926,.T.);
#1604=FACE_OUTER_BOUND('',#1927,.T.);
#1605=FACE_OUTER_BOUND('',#1928,.T.);
#1606=FACE_OUTER_BOUND('',#1929,.T.);
#1607=FACE_OUTER_BOUND('',#1930,.T.);
#1608=FACE_OUTER_BOUND('',#1931,.T.);
#1609=FACE_OUTER_BOUND('',#1932,.T.);
#1610=FACE_OUTER_BOUND('',#1933,.T.);
#1611=FACE_OUTER_BOUND('',#1934,.T.);
#1612=FACE_OUTER_BOUND('',#1935,.T.);
#1613=FACE_OUTER_BOUND('',#1936,.T.);
#1614=FACE_OUTER_BOUND('',#1937,.T.);
#1615=FACE_OUTER_BOUND('',#1938,.T.);
#1616=FACE_OUTER_BOUND('',#1939,.T.);
#1617=FACE_OUTER_BOUND('',#1940,.T.);
#1618=FACE_OUTER_BOUND('',#1941,.T.);
#1619=FACE_OUTER_BOUND('',#1942,.T.);
#1620=FACE_OUTER_BOUND('',#1943,.T.);
#1621=FACE_OUTER_BOUND('',#1944,.T.);
#1622=FACE_OUTER_BOUND('',#1945,.T.);
#1623=FACE_OUTER_BOUND('',#1946,.T.);
#1624=FACE_OUTER_BOUND('',#1947,.T.);
#1625=FACE_OUTER_BOUND('',#1948,.T.);
#1626=FACE_OUTER_BOUND('',#1953,.T.);
#1627=FACE_OUTER_BOUND('',#1954,.T.);
#1628=FACE_OUTER_BOUND('',#1955,.T.);
#1629=FACE_OUTER_BOUND('',#1956,.T.);
#1630=FACE_OUTER_BOUND('',#1957,.T.);
#1631=FACE_OUTER_BOUND('',#1958,.T.);
#1632=FACE_OUTER_BOUND('',#1959,.T.);
#1633=FACE_OUTER_BOUND('',#2211,.T.);
#1634=FACE_OUTER_BOUND('',#2212,.T.);
#1635=FACE_OUTER_BOUND('',#2213,.T.);
#1636=FACE_OUTER_BOUND('',#2214,.T.);
#1637=FACE_OUTER_BOUND('',#2215,.T.);
#1638=FACE_OUTER_BOUND('',#2216,.T.);
#1639=FACE_OUTER_BOUND('',#2217,.T.);
#1640=FACE_OUTER_BOUND('',#2218,.T.);
#1641=FACE_OUTER_BOUND('',#2482,.T.);
#1642=FACE_OUTER_BOUND('',#2483,.T.);
#1643=FACE_OUTER_BOUND('',#2485,.T.);
#1644=FACE_OUTER_BOUND('',#2486,.T.);
#1645=FACE_OUTER_BOUND('',#2488,.T.);
#1646=FACE_OUTER_BOUND('',#2489,.T.);
#1647=FACE_OUTER_BOUND('',#2491,.T.);
#1648=FACE_OUTER_BOUND('',#2492,.T.);
#1649=EDGE_LOOP('',(#4833,#4834,#4835,#4836));
#1650=EDGE_LOOP('',(#4837,#4838,#4839,#4840));
#1651=EDGE_LOOP('',(#4841,#4842,#4843,#4844));
#1652=EDGE_LOOP('',(#4845,#4846,#4847,#4848));
#1653=EDGE_LOOP('',(#4849,#4850,#4851,#4852));
#1654=EDGE_LOOP('',(#4853,#4854,#4855,#4856));
#1655=EDGE_LOOP('',(#4857,#4858,#4859,#4860));
#1656=EDGE_LOOP('',(#4861,#4862,#4863,#4864));
#1657=EDGE_LOOP('',(#4865,#4866,#4867,#4868));
#1658=EDGE_LOOP('',(#4869,#4870,#4871,#4872));
#1659=EDGE_LOOP('',(#4873,#4874,#4875,#4876));
#1660=EDGE_LOOP('',(#4877,#4878,#4879,#4880));
#1661=EDGE_LOOP('',(#4881,#4882,#4883,#4884));
#1662=EDGE_LOOP('',(#4885,#4886,#4887,#4888));
#1663=EDGE_LOOP('',(#4889,#4890,#4891,#4892));
#1664=EDGE_LOOP('',(#4893,#4894,#4895,#4896));
#1665=EDGE_LOOP('',(#4897,#4898,#4899,#4900));
#1666=EDGE_LOOP('',(#4901,#4902,#4903,#4904));
#1667=EDGE_LOOP('',(#4905,#4906,#4907,#4908));
#1668=EDGE_LOOP('',(#4909,#4910,#4911,#4912));
#1669=EDGE_LOOP('',(#4913,#4914,#4915,#4916));
#1670=EDGE_LOOP('',(#4917,#4918,#4919,#4920));
#1671=EDGE_LOOP('',(#4921,#4922,#4923,#4924));
#1672=EDGE_LOOP('',(#4925,#4926,#4927,#4928));
#1673=EDGE_LOOP('',(#4929,#4930,#4931,#4932));
#1674=EDGE_LOOP('',(#4933,#4934,#4935,#4936));
#1675=EDGE_LOOP('',(#4937,#4938,#4939,#4940));
#1676=EDGE_LOOP('',(#4941,#4942,#4943,#4944));
#1677=EDGE_LOOP('',(#4945,#4946,#4947,#4948));
#1678=EDGE_LOOP('',(#4949,#4950,#4951,#4952));
#1679=EDGE_LOOP('',(#4953,#4954,#4955,#4956));
#1680=EDGE_LOOP('',(#4957,#4958,#4959,#4960));
#1681=EDGE_LOOP('',(#4961,#4962,#4963,#4964));
#1682=EDGE_LOOP('',(#4965,#4966,#4967,#4968));
#1683=EDGE_LOOP('',(#4969,#4970,#4971,#4972));
#1684=EDGE_LOOP('',(#4973,#4974,#4975,#4976));
#1685=EDGE_LOOP('',(#4977,#4978,#4979,#4980));
#1686=EDGE_LOOP('',(#4981,#4982,#4983,#4984));
#1687=EDGE_LOOP('',(#4985,#4986,#4987,#4988));
#1688=EDGE_LOOP('',(#4989,#4990,#4991,#4992));
#1689=EDGE_LOOP('',(#4993,#4994,#4995,#4996));
#1690=EDGE_LOOP('',(#4997,#4998,#4999,#5000));
#1691=EDGE_LOOP('',(#5001,#5002,#5003,#5004));
#1692=EDGE_LOOP('',(#5005,#5006,#5007,#5008));
#1693=EDGE_LOOP('',(#5009,#5010,#5011,#5012));
#1694=EDGE_LOOP('',(#5013,#5014,#5015,#5016));
#1695=EDGE_LOOP('',(#5017,#5018,#5019,#5020));
#1696=EDGE_LOOP('',(#5021,#5022,#5023,#5024));
#1697=EDGE_LOOP('',(#5025,#5026,#5027,#5028));
#1698=EDGE_LOOP('',(#5029,#5030,#5031,#5032));
#1699=EDGE_LOOP('',(#5033,#5034,#5035,#5036));
#1700=EDGE_LOOP('',(#5037,#5038,#5039,#5040));
#1701=EDGE_LOOP('',(#5041,#5042,#5043,#5044));
#1702=EDGE_LOOP('',(#5045,#5046,#5047,#5048));
#1703=EDGE_LOOP('',(#5049,#5050,#5051,#5052));
#1704=EDGE_LOOP('',(#5053,#5054,#5055,#5056));
#1705=EDGE_LOOP('',(#5057,#5058,#5059,#5060));
#1706=EDGE_LOOP('',(#5061,#5062,#5063,#5064));
#1707=EDGE_LOOP('',(#5065,#5066,#5067,#5068));
#1708=EDGE_LOOP('',(#5069,#5070,#5071,#5072));
#1709=EDGE_LOOP('',(#5073,#5074,#5075,#5076));
#1710=EDGE_LOOP('',(#5077,#5078,#5079,#5080));
#1711=EDGE_LOOP('',(#5081,#5082,#5083,#5084));
#1712=EDGE_LOOP('',(#5085,#5086,#5087,#5088));
#1713=EDGE_LOOP('',(#5089,#5090,#5091,#5092));
#1714=EDGE_LOOP('',(#5093,#5094,#5095,#5096));
#1715=EDGE_LOOP('',(#5097,#5098,#5099,#5100));
#1716=EDGE_LOOP('',(#5101,#5102,#5103,#5104));
#1717=EDGE_LOOP('',(#5105,#5106,#5107,#5108));
#1718=EDGE_LOOP('',(#5109,#5110,#5111,#5112));
#1719=EDGE_LOOP('',(#5113,#5114,#5115,#5116));
#1720=EDGE_LOOP('',(#5117,#5118,#5119,#5120));
#1721=EDGE_LOOP('',(#5121,#5122,#5123,#5124));
#1722=EDGE_LOOP('',(#5125,#5126,#5127,#5128));
#1723=EDGE_LOOP('',(#5129,#5130,#5131,#5132));
#1724=EDGE_LOOP('',(#5133,#5134,#5135,#5136));
#1725=EDGE_LOOP('',(#5137,#5138,#5139,#5140));
#1726=EDGE_LOOP('',(#5141,#5142,#5143,#5144));
#1727=EDGE_LOOP('',(#5145,#5146,#5147,#5148));
#1728=EDGE_LOOP('',(#5149,#5150,#5151,#5152));
#1729=EDGE_LOOP('',(#5153,#5154,#5155,#5156));
#1730=EDGE_LOOP('',(#5157,#5158,#5159,#5160));
#1731=EDGE_LOOP('',(#5161,#5162,#5163,#5164));
#1732=EDGE_LOOP('',(#5165,#5166,#5167,#5168));
#1733=EDGE_LOOP('',(#5169,#5170,#5171,#5172));
#1734=EDGE_LOOP('',(#5173,#5174,#5175,#5176));
#1735=EDGE_LOOP('',(#5177,#5178,#5179,#5180));
#1736=EDGE_LOOP('',(#5181,#5182,#5183,#5184));
#1737=EDGE_LOOP('',(#5185,#5186,#5187,#5188));
#1738=EDGE_LOOP('',(#5189,#5190,#5191,#5192));
#1739=EDGE_LOOP('',(#5193,#5194,#5195,#5196));
#1740=EDGE_LOOP('',(#5197,#5198,#5199,#5200));
#1741=EDGE_LOOP('',(#5201,#5202,#5203,#5204));
#1742=EDGE_LOOP('',(#5205,#5206,#5207,#5208));
#1743=EDGE_LOOP('',(#5209,#5210,#5211,#5212));
#1744=EDGE_LOOP('',(#5213,#5214,#5215,#5216));
#1745=EDGE_LOOP('',(#5217,#5218,#5219,#5220));
#1746=EDGE_LOOP('',(#5221,#5222,#5223,#5224));
#1747=EDGE_LOOP('',(#5225,#5226,#5227,#5228));
#1748=EDGE_LOOP('',(#5229,#5230,#5231,#5232));
#1749=EDGE_LOOP('',(#5233,#5234,#5235,#5236));
#1750=EDGE_LOOP('',(#5237,#5238,#5239,#5240));
#1751=EDGE_LOOP('',(#5241,#5242,#5243,#5244));
#1752=EDGE_LOOP('',(#5245,#5246,#5247,#5248));
#1753=EDGE_LOOP('',(#5249,#5250,#5251,#5252));
#1754=EDGE_LOOP('',(#5253,#5254,#5255,#5256));
#1755=EDGE_LOOP('',(#5257,#5258,#5259,#5260));
#1756=EDGE_LOOP('',(#5261,#5262,#5263,#5264));
#1757=EDGE_LOOP('',(#5265,#5266,#5267,#5268));
#1758=EDGE_LOOP('',(#5269,#5270,#5271,#5272));
#1759=EDGE_LOOP('',(#5273,#5274,#5275,#5276));
#1760=EDGE_LOOP('',(#5277,#5278,#5279,#5280));
#1761=EDGE_LOOP('',(#5281,#5282,#5283,#5284));
#1762=EDGE_LOOP('',(#5285,#5286,#5287,#5288));
#1763=EDGE_LOOP('',(#5289,#5290,#5291,#5292));
#1764=EDGE_LOOP('',(#5293,#5294,#5295,#5296));
#1765=EDGE_LOOP('',(#5297,#5298,#5299,#5300));
#1766=EDGE_LOOP('',(#5301,#5302,#5303,#5304));
#1767=EDGE_LOOP('',(#5305,#5306,#5307,#5308));
#1768=EDGE_LOOP('',(#5309,#5310,#5311,#5312));
#1769=EDGE_LOOP('',(#5313,#5314,#5315,#5316));
#1770=EDGE_LOOP('',(#5317,#5318,#5319,#5320));
#1771=EDGE_LOOP('',(#5321,#5322,#5323,#5324));
#1772=EDGE_LOOP('',(#5325,#5326,#5327,#5328));
#1773=EDGE_LOOP('',(#5329,#5330,#5331,#5332));
#1774=EDGE_LOOP('',(#5333,#5334,#5335,#5336));
#1775=EDGE_LOOP('',(#5337,#5338,#5339,#5340));
#1776=EDGE_LOOP('',(#5341,#5342,#5343,#5344));
#1777=EDGE_LOOP('',(#5345,#5346,#5347,#5348));
#1778=EDGE_LOOP('',(#5349,#5350,#5351,#5352));
#1779=EDGE_LOOP('',(#5353,#5354,#5355,#5356));
#1780=EDGE_LOOP('',(#5357,#5358,#5359,#5360));
#1781=EDGE_LOOP('',(#5361,#5362,#5363,#5364));
#1782=EDGE_LOOP('',(#5365,#5366,#5367,#5368));
#1783=EDGE_LOOP('',(#5369,#5370,#5371,#5372));
#1784=EDGE_LOOP('',(#5373,#5374,#5375,#5376));
#1785=EDGE_LOOP('',(#5377,#5378,#5379,#5380));
#1786=EDGE_LOOP('',(#5381,#5382,#5383,#5384));
#1787=EDGE_LOOP('',(#5385,#5386,#5387,#5388));
#1788=EDGE_LOOP('',(#5389,#5390,#5391,#5392));
#1789=EDGE_LOOP('',(#5393,#5394,#5395,#5396));
#1790=EDGE_LOOP('',(#5397,#5398,#5399,#5400));
#1791=EDGE_LOOP('',(#5401,#5402,#5403,#5404));
#1792=EDGE_LOOP('',(#5405,#5406,#5407,#5408));
#1793=EDGE_LOOP('',(#5409,#5410,#5411,#5412));
#1794=EDGE_LOOP('',(#5413,#5414,#5415,#5416));
#1795=EDGE_LOOP('',(#5417,#5418,#5419,#5420));
#1796=EDGE_LOOP('',(#5421,#5422,#5423,#5424));
#1797=EDGE_LOOP('',(#5425,#5426,#5427,#5428));
#1798=EDGE_LOOP('',(#5429,#5430,#5431,#5432));
#1799=EDGE_LOOP('',(#5433,#5434,#5435,#5436));
#1800=EDGE_LOOP('',(#5437,#5438,#5439,#5440));
#1801=EDGE_LOOP('',(#5441,#5442,#5443,#5444));
#1802=EDGE_LOOP('',(#5445,#5446,#5447,#5448));
#1803=EDGE_LOOP('',(#5449,#5450,#5451,#5452));
#1804=EDGE_LOOP('',(#5453,#5454,#5455,#5456));
#1805=EDGE_LOOP('',(#5457,#5458,#5459,#5460));
#1806=EDGE_LOOP('',(#5461,#5462,#5463,#5464));
#1807=EDGE_LOOP('',(#5465,#5466,#5467,#5468));
#1808=EDGE_LOOP('',(#5469,#5470,#5471,#5472));
#1809=EDGE_LOOP('',(#5473,#5474,#5475,#5476));
#1810=EDGE_LOOP('',(#5477,#5478,#5479,#5480));
#1811=EDGE_LOOP('',(#5481,#5482,#5483,#5484));
#1812=EDGE_LOOP('',(#5485,#5486,#5487,#5488));
#1813=EDGE_LOOP('',(#5489,#5490,#5491,#5492));
#1814=EDGE_LOOP('',(#5493,#5494,#5495,#5496));
#1815=EDGE_LOOP('',(#5497,#5498,#5499,#5500));
#1816=EDGE_LOOP('',(#5501,#5502,#5503,#5504));
#1817=EDGE_LOOP('',(#5505,#5506,#5507,#5508));
#1818=EDGE_LOOP('',(#5509,#5510,#5511,#5512));
#1819=EDGE_LOOP('',(#5513,#5514,#5515,#5516));
#1820=EDGE_LOOP('',(#5517,#5518,#5519,#5520));
#1821=EDGE_LOOP('',(#5521,#5522,#5523,#5524));
#1822=EDGE_LOOP('',(#5525,#5526,#5527,#5528));
#1823=EDGE_LOOP('',(#5529,#5530,#5531,#5532));
#1824=EDGE_LOOP('',(#5533,#5534,#5535,#5536));
#1825=EDGE_LOOP('',(#5537,#5538,#5539,#5540));
#1826=EDGE_LOOP('',(#5541,#5542,#5543,#5544));
#1827=EDGE_LOOP('',(#5545,#5546,#5547,#5548));
#1828=EDGE_LOOP('',(#5549,#5550,#5551,#5552));
#1829=EDGE_LOOP('',(#5553,#5554,#5555,#5556));
#1830=EDGE_LOOP('',(#5557,#5558,#5559,#5560));
#1831=EDGE_LOOP('',(#5561,#5562,#5563,#5564));
#1832=EDGE_LOOP('',(#5565,#5566,#5567,#5568));
#1833=EDGE_LOOP('',(#5569,#5570,#5571,#5572));
#1834=EDGE_LOOP('',(#5573,#5574,#5575,#5576));
#1835=EDGE_LOOP('',(#5577,#5578,#5579,#5580));
#1836=EDGE_LOOP('',(#5581,#5582,#5583,#5584));
#1837=EDGE_LOOP('',(#5585,#5586,#5587,#5588));
#1838=EDGE_LOOP('',(#5589,#5590,#5591,#5592));
#1839=EDGE_LOOP('',(#5593,#5594,#5595,#5596));
#1840=EDGE_LOOP('',(#5597,#5598,#5599,#5600));
#1841=EDGE_LOOP('',(#5601,#5602,#5603,#5604));
#1842=EDGE_LOOP('',(#5605,#5606,#5607,#5608));
#1843=EDGE_LOOP('',(#5609,#5610,#5611,#5612));
#1844=EDGE_LOOP('',(#5613,#5614,#5615,#5616));
#1845=EDGE_LOOP('',(#5617,#5618,#5619,#5620));
#1846=EDGE_LOOP('',(#5621,#5622,#5623,#5624));
#1847=EDGE_LOOP('',(#5625,#5626,#5627,#5628));
#1848=EDGE_LOOP('',(#5629,#5630,#5631,#5632));
#1849=EDGE_LOOP('',(#5633,#5634,#5635,#5636));
#1850=EDGE_LOOP('',(#5637,#5638,#5639,#5640));
#1851=EDGE_LOOP('',(#5641,#5642,#5643,#5644));
#1852=EDGE_LOOP('',(#5645,#5646,#5647,#5648));
#1853=EDGE_LOOP('',(#5649,#5650,#5651,#5652));
#1854=EDGE_LOOP('',(#5653,#5654,#5655,#5656));
#1855=EDGE_LOOP('',(#5657,#5658,#5659,#5660));
#1856=EDGE_LOOP('',(#5661,#5662,#5663,#5664));
#1857=EDGE_LOOP('',(#5665,#5666,#5667,#5668));
#1858=EDGE_LOOP('',(#5669,#5670,#5671,#5672));
#1859=EDGE_LOOP('',(#5673,#5674,#5675,#5676));
#1860=EDGE_LOOP('',(#5677,#5678,#5679,#5680));
#1861=EDGE_LOOP('',(#5681,#5682,#5683,#5684));
#1862=EDGE_LOOP('',(#5685,#5686,#5687,#5688));
#1863=EDGE_LOOP('',(#5689,#5690,#5691,#5692));
#1864=EDGE_LOOP('',(#5693,#5694,#5695,#5696));
#1865=EDGE_LOOP('',(#5697,#5698,#5699,#5700));
#1866=EDGE_LOOP('',(#5701,#5702,#5703,#5704));
#1867=EDGE_LOOP('',(#5705,#5706,#5707,#5708));
#1868=EDGE_LOOP('',(#5709,#5710,#5711,#5712));
#1869=EDGE_LOOP('',(#5713,#5714,#5715,#5716));
#1870=EDGE_LOOP('',(#5717,#5718,#5719,#5720));
#1871=EDGE_LOOP('',(#5721,#5722,#5723,#5724));
#1872=EDGE_LOOP('',(#5725,#5726,#5727,#5728));
#1873=EDGE_LOOP('',(#5729,#5730,#5731,#5732));
#1874=EDGE_LOOP('',(#5733,#5734,#5735,#5736));
#1875=EDGE_LOOP('',(#5737,#5738,#5739,#5740));
#1876=EDGE_LOOP('',(#5741,#5742,#5743,#5744));
#1877=EDGE_LOOP('',(#5745,#5746,#5747,#5748));
#1878=EDGE_LOOP('',(#5749,#5750,#5751,#5752));
#1879=EDGE_LOOP('',(#5753,#5754,#5755,#5756));
#1880=EDGE_LOOP('',(#5757,#5758,#5759,#5760));
#1881=EDGE_LOOP('',(#5761,#5762,#5763,#5764));
#1882=EDGE_LOOP('',(#5765,#5766,#5767,#5768));
#1883=EDGE_LOOP('',(#5769,#5770,#5771,#5772));
#1884=EDGE_LOOP('',(#5773,#5774,#5775,#5776));
#1885=EDGE_LOOP('',(#5777,#5778,#5779,#5780));
#1886=EDGE_LOOP('',(#5781,#5782,#5783,#5784));
#1887=EDGE_LOOP('',(#5785,#5786,#5787,#5788));
#1888=EDGE_LOOP('',(#5789,#5790,#5791,#5792));
#1889=EDGE_LOOP('',(#5793,#5794,#5795,#5796));
#1890=EDGE_LOOP('',(#5797,#5798,#5799,#5800));
#1891=EDGE_LOOP('',(#5801,#5802,#5803,#5804));
#1892=EDGE_LOOP('',(#5805,#5806,#5807,#5808));
#1893=EDGE_LOOP('',(#5809,#5810,#5811,#5812));
#1894=EDGE_LOOP('',(#5813,#5814,#5815,#5816));
#1895=EDGE_LOOP('',(#5817,#5818,#5819,#5820));
#1896=EDGE_LOOP('',(#5821,#5822,#5823,#5824));
#1897=EDGE_LOOP('',(#5825,#5826,#5827,#5828));
#1898=EDGE_LOOP('',(#5829,#5830,#5831,#5832));
#1899=EDGE_LOOP('',(#5833,#5834,#5835,#5836));
#1900=EDGE_LOOP('',(#5837,#5838,#5839,#5840));
#1901=EDGE_LOOP('',(#5841,#5842,#5843,#5844));
#1902=EDGE_LOOP('',(#5845,#5846,#5847,#5848));
#1903=EDGE_LOOP('',(#5849,#5850,#5851,#5852));
#1904=EDGE_LOOP('',(#5853,#5854,#5855,#5856));
#1905=EDGE_LOOP('',(#5857,#5858,#5859,#5860));
#1906=EDGE_LOOP('',(#5861,#5862,#5863,#5864));
#1907=EDGE_LOOP('',(#5865,#5866,#5867,#5868));
#1908=EDGE_LOOP('',(#5869,#5870,#5871,#5872));
#1909=EDGE_LOOP('',(#5873,#5874,#5875,#5876));
#1910=EDGE_LOOP('',(#5877,#5878,#5879,#5880));
#1911=EDGE_LOOP('',(#5881,#5882,#5883,#5884));
#1912=EDGE_LOOP('',(#5885,#5886,#5887,#5888));
#1913=EDGE_LOOP('',(#5889,#5890,#5891,#5892));
#1914=EDGE_LOOP('',(#5893,#5894,#5895,#5896));
#1915=EDGE_LOOP('',(#5897,#5898,#5899,#5900));
#1916=EDGE_LOOP('',(#5901,#5902,#5903,#5904));
#1917=EDGE_LOOP('',(#5905,#5906,#5907,#5908));
#1918=EDGE_LOOP('',(#5909,#5910,#5911,#5912));
#1919=EDGE_LOOP('',(#5913,#5914,#5915,#5916));
#1920=EDGE_LOOP('',(#5917,#5918,#5919,#5920));
#1921=EDGE_LOOP('',(#5921,#5922,#5923,#5924));
#1922=EDGE_LOOP('',(#5925,#5926,#5927,#5928));
#1923=EDGE_LOOP('',(#5929,#5930,#5931,#5932));
#1924=EDGE_LOOP('',(#5933,#5934,#5935,#5936));
#1925=EDGE_LOOP('',(#5937,#5938,#5939,#5940));
#1926=EDGE_LOOP('',(#5941,#5942,#5943,#5944));
#1927=EDGE_LOOP('',(#5945,#5946,#5947,#5948));
#1928=EDGE_LOOP('',(#5949,#5950,#5951,#5952));
#1929=EDGE_LOOP('',(#5953,#5954,#5955,#5956));
#1930=EDGE_LOOP('',(#5957,#5958,#5959,#5960));
#1931=EDGE_LOOP('',(#5961,#5962,#5963,#5964));
#1932=EDGE_LOOP('',(#5965,#5966,#5967,#5968));
#1933=EDGE_LOOP('',(#5969,#5970,#5971,#5972));
#1934=EDGE_LOOP('',(#5973,#5974,#5975,#5976));
#1935=EDGE_LOOP('',(#5977,#5978,#5979,#5980));
#1936=EDGE_LOOP('',(#5981,#5982,#5983,#5984));
#1937=EDGE_LOOP('',(#5985,#5986,#5987,#5988));
#1938=EDGE_LOOP('',(#5989,#5990,#5991,#5992));
#1939=EDGE_LOOP('',(#5993,#5994,#5995,#5996));
#1940=EDGE_LOOP('',(#5997,#5998,#5999,#6000));
#1941=EDGE_LOOP('',(#6001,#6002,#6003,#6004));
#1942=EDGE_LOOP('',(#6005,#6006,#6007,#6008));
#1943=EDGE_LOOP('',(#6009,#6010,#6011,#6012));
#1944=EDGE_LOOP('',(#6013,#6014,#6015,#6016));
#1945=EDGE_LOOP('',(#6017,#6018,#6019,#6020));
#1946=EDGE_LOOP('',(#6021,#6022,#6023,#6024,#6025,#6026,#6027,#6028));
#1947=EDGE_LOOP('',(#6029,#6030,#6031,#6032));
#1948=EDGE_LOOP('',(#6033,#6034,#6035,#6036,#6037,#6038,#6039,#6040,#6041,
#6042,#6043,#6044,#6045,#6046,#6047,#6048));
#1949=EDGE_LOOP('',(#6049));
#1950=EDGE_LOOP('',(#6050));
#1951=EDGE_LOOP('',(#6051));
#1952=EDGE_LOOP('',(#6052));
#1953=EDGE_LOOP('',(#6053,#6054,#6055,#6056));
#1954=EDGE_LOOP('',(#6057,#6058,#6059,#6060));
#1955=EDGE_LOOP('',(#6061,#6062,#6063,#6064));
#1956=EDGE_LOOP('',(#6065,#6066,#6067,#6068));
#1957=EDGE_LOOP('',(#6069,#6070,#6071,#6072,#6073));
#1958=EDGE_LOOP('',(#6074,#6075,#6076,#6077,#6078));
#1959=EDGE_LOOP('',(#6079,#6080,#6081,#6082,#6083,#6084));
#1960=EDGE_LOOP('',(#6085));
#1961=EDGE_LOOP('',(#6086));
#1962=EDGE_LOOP('',(#6087));
#1963=EDGE_LOOP('',(#6088));
#1964=EDGE_LOOP('',(#6089));
#1965=EDGE_LOOP('',(#6090));
#1966=EDGE_LOOP('',(#6091));
#1967=EDGE_LOOP('',(#6092));
#1968=EDGE_LOOP('',(#6093));
#1969=EDGE_LOOP('',(#6094));
#1970=EDGE_LOOP('',(#6095));
#1971=EDGE_LOOP('',(#6096));
#1972=EDGE_LOOP('',(#6097));
#1973=EDGE_LOOP('',(#6098));
#1974=EDGE_LOOP('',(#6099));
#1975=EDGE_LOOP('',(#6100));
#1976=EDGE_LOOP('',(#6101));
#1977=EDGE_LOOP('',(#6102));
#1978=EDGE_LOOP('',(#6103));
#1979=EDGE_LOOP('',(#6104));
#1980=EDGE_LOOP('',(#6105));
#1981=EDGE_LOOP('',(#6106));
#1982=EDGE_LOOP('',(#6107));
#1983=EDGE_LOOP('',(#6108));
#1984=EDGE_LOOP('',(#6109));
#1985=EDGE_LOOP('',(#6110));
#1986=EDGE_LOOP('',(#6111));
#1987=EDGE_LOOP('',(#6112));
#1988=EDGE_LOOP('',(#6113));
#1989=EDGE_LOOP('',(#6114));
#1990=EDGE_LOOP('',(#6115));
#1991=EDGE_LOOP('',(#6116));
#1992=EDGE_LOOP('',(#6117));
#1993=EDGE_LOOP('',(#6118));
#1994=EDGE_LOOP('',(#6119));
#1995=EDGE_LOOP('',(#6120));
#1996=EDGE_LOOP('',(#6121));
#1997=EDGE_LOOP('',(#6122));
#1998=EDGE_LOOP('',(#6123));
#1999=EDGE_LOOP('',(#6124));
#2000=EDGE_LOOP('',(#6125));
#2001=EDGE_LOOP('',(#6126));
#2002=EDGE_LOOP('',(#6127));
#2003=EDGE_LOOP('',(#6128));
#2004=EDGE_LOOP('',(#6129));
#2005=EDGE_LOOP('',(#6130));
#2006=EDGE_LOOP('',(#6131));
#2007=EDGE_LOOP('',(#6132));
#2008=EDGE_LOOP('',(#6133));
#2009=EDGE_LOOP('',(#6134));
#2010=EDGE_LOOP('',(#6135));
#2011=EDGE_LOOP('',(#6136));
#2012=EDGE_LOOP('',(#6137));
#2013=EDGE_LOOP('',(#6138));
#2014=EDGE_LOOP('',(#6139));
#2015=EDGE_LOOP('',(#6140));
#2016=EDGE_LOOP('',(#6141));
#2017=EDGE_LOOP('',(#6142));
#2018=EDGE_LOOP('',(#6143));
#2019=EDGE_LOOP('',(#6144));
#2020=EDGE_LOOP('',(#6145));
#2021=EDGE_LOOP('',(#6146));
#2022=EDGE_LOOP('',(#6147));
#2023=EDGE_LOOP('',(#6148));
#2024=EDGE_LOOP('',(#6149));
#2025=EDGE_LOOP('',(#6150));
#2026=EDGE_LOOP('',(#6151));
#2027=EDGE_LOOP('',(#6152));
#2028=EDGE_LOOP('',(#6153));
#2029=EDGE_LOOP('',(#6154));
#2030=EDGE_LOOP('',(#6155));
#2031=EDGE_LOOP('',(#6156));
#2032=EDGE_LOOP('',(#6157));
#2033=EDGE_LOOP('',(#6158));
#2034=EDGE_LOOP('',(#6159));
#2035=EDGE_LOOP('',(#6160));
#2036=EDGE_LOOP('',(#6161));
#2037=EDGE_LOOP('',(#6162));
#2038=EDGE_LOOP('',(#6163));
#2039=EDGE_LOOP('',(#6164));
#2040=EDGE_LOOP('',(#6165));
#2041=EDGE_LOOP('',(#6166));
#2042=EDGE_LOOP('',(#6167));
#2043=EDGE_LOOP('',(#6168));
#2044=EDGE_LOOP('',(#6169));
#2045=EDGE_LOOP('',(#6170));
#2046=EDGE_LOOP('',(#6171));
#2047=EDGE_LOOP('',(#6172));
#2048=EDGE_LOOP('',(#6173));
#2049=EDGE_LOOP('',(#6174));
#2050=EDGE_LOOP('',(#6175));
#2051=EDGE_LOOP('',(#6176));
#2052=EDGE_LOOP('',(#6177));
#2053=EDGE_LOOP('',(#6178));
#2054=EDGE_LOOP('',(#6179));
#2055=EDGE_LOOP('',(#6180));
#2056=EDGE_LOOP('',(#6181));
#2057=EDGE_LOOP('',(#6182));
#2058=EDGE_LOOP('',(#6183));
#2059=EDGE_LOOP('',(#6184));
#2060=EDGE_LOOP('',(#6185));
#2061=EDGE_LOOP('',(#6186));
#2062=EDGE_LOOP('',(#6187));
#2063=EDGE_LOOP('',(#6188));
#2064=EDGE_LOOP('',(#6189));
#2065=EDGE_LOOP('',(#6190));
#2066=EDGE_LOOP('',(#6191));
#2067=EDGE_LOOP('',(#6192));
#2068=EDGE_LOOP('',(#6193));
#2069=EDGE_LOOP('',(#6194));
#2070=EDGE_LOOP('',(#6195));
#2071=EDGE_LOOP('',(#6196));
#2072=EDGE_LOOP('',(#6197));
#2073=EDGE_LOOP('',(#6198));
#2074=EDGE_LOOP('',(#6199));
#2075=EDGE_LOOP('',(#6200));
#2076=EDGE_LOOP('',(#6201));
#2077=EDGE_LOOP('',(#6202));
#2078=EDGE_LOOP('',(#6203));
#2079=EDGE_LOOP('',(#6204));
#2080=EDGE_LOOP('',(#6205));
#2081=EDGE_LOOP('',(#6206));
#2082=EDGE_LOOP('',(#6207));
#2083=EDGE_LOOP('',(#6208));
#2084=EDGE_LOOP('',(#6209));
#2085=EDGE_LOOP('',(#6210));
#2086=EDGE_LOOP('',(#6211));
#2087=EDGE_LOOP('',(#6212));
#2088=EDGE_LOOP('',(#6213));
#2089=EDGE_LOOP('',(#6214));
#2090=EDGE_LOOP('',(#6215));
#2091=EDGE_LOOP('',(#6216));
#2092=EDGE_LOOP('',(#6217));
#2093=EDGE_LOOP('',(#6218));
#2094=EDGE_LOOP('',(#6219));
#2095=EDGE_LOOP('',(#6220));
#2096=EDGE_LOOP('',(#6221));
#2097=EDGE_LOOP('',(#6222));
#2098=EDGE_LOOP('',(#6223));
#2099=EDGE_LOOP('',(#6224));
#2100=EDGE_LOOP('',(#6225));
#2101=EDGE_LOOP('',(#6226));
#2102=EDGE_LOOP('',(#6227));
#2103=EDGE_LOOP('',(#6228));
#2104=EDGE_LOOP('',(#6229));
#2105=EDGE_LOOP('',(#6230));
#2106=EDGE_LOOP('',(#6231));
#2107=EDGE_LOOP('',(#6232));
#2108=EDGE_LOOP('',(#6233));
#2109=EDGE_LOOP('',(#6234));
#2110=EDGE_LOOP('',(#6235));
#2111=EDGE_LOOP('',(#6236));
#2112=EDGE_LOOP('',(#6237));
#2113=EDGE_LOOP('',(#6238));
#2114=EDGE_LOOP('',(#6239));
#2115=EDGE_LOOP('',(#6240));
#2116=EDGE_LOOP('',(#6241));
#2117=EDGE_LOOP('',(#6242));
#2118=EDGE_LOOP('',(#6243));
#2119=EDGE_LOOP('',(#6244));
#2120=EDGE_LOOP('',(#6245));
#2121=EDGE_LOOP('',(#6246));
#2122=EDGE_LOOP('',(#6247));
#2123=EDGE_LOOP('',(#6248));
#2124=EDGE_LOOP('',(#6249));
#2125=EDGE_LOOP('',(#6250));
#2126=EDGE_LOOP('',(#6251));
#2127=EDGE_LOOP('',(#6252));
#2128=EDGE_LOOP('',(#6253));
#2129=EDGE_LOOP('',(#6254));
#2130=EDGE_LOOP('',(#6255));
#2131=EDGE_LOOP('',(#6256));
#2132=EDGE_LOOP('',(#6257));
#2133=EDGE_LOOP('',(#6258));
#2134=EDGE_LOOP('',(#6259));
#2135=EDGE_LOOP('',(#6260));
#2136=EDGE_LOOP('',(#6261));
#2137=EDGE_LOOP('',(#6262));
#2138=EDGE_LOOP('',(#6263));
#2139=EDGE_LOOP('',(#6264));
#2140=EDGE_LOOP('',(#6265));
#2141=EDGE_LOOP('',(#6266));
#2142=EDGE_LOOP('',(#6267));
#2143=EDGE_LOOP('',(#6268));
#2144=EDGE_LOOP('',(#6269));
#2145=EDGE_LOOP('',(#6270));
#2146=EDGE_LOOP('',(#6271));
#2147=EDGE_LOOP('',(#6272));
#2148=EDGE_LOOP('',(#6273));
#2149=EDGE_LOOP('',(#6274));
#2150=EDGE_LOOP('',(#6275));
#2151=EDGE_LOOP('',(#6276));
#2152=EDGE_LOOP('',(#6277));
#2153=EDGE_LOOP('',(#6278));
#2154=EDGE_LOOP('',(#6279));
#2155=EDGE_LOOP('',(#6280));
#2156=EDGE_LOOP('',(#6281));
#2157=EDGE_LOOP('',(#6282));
#2158=EDGE_LOOP('',(#6283));
#2159=EDGE_LOOP('',(#6284));
#2160=EDGE_LOOP('',(#6285));
#2161=EDGE_LOOP('',(#6286));
#2162=EDGE_LOOP('',(#6287));
#2163=EDGE_LOOP('',(#6288));
#2164=EDGE_LOOP('',(#6289));
#2165=EDGE_LOOP('',(#6290));
#2166=EDGE_LOOP('',(#6291));
#2167=EDGE_LOOP('',(#6292));
#2168=EDGE_LOOP('',(#6293));
#2169=EDGE_LOOP('',(#6294));
#2170=EDGE_LOOP('',(#6295));
#2171=EDGE_LOOP('',(#6296));
#2172=EDGE_LOOP('',(#6297));
#2173=EDGE_LOOP('',(#6298));
#2174=EDGE_LOOP('',(#6299));
#2175=EDGE_LOOP('',(#6300));
#2176=EDGE_LOOP('',(#6301));
#2177=EDGE_LOOP('',(#6302));
#2178=EDGE_LOOP('',(#6303));
#2179=EDGE_LOOP('',(#6304));
#2180=EDGE_LOOP('',(#6305));
#2181=EDGE_LOOP('',(#6306));
#2182=EDGE_LOOP('',(#6307));
#2183=EDGE_LOOP('',(#6308));
#2184=EDGE_LOOP('',(#6309));
#2185=EDGE_LOOP('',(#6310));
#2186=EDGE_LOOP('',(#6311));
#2187=EDGE_LOOP('',(#6312));
#2188=EDGE_LOOP('',(#6313));
#2189=EDGE_LOOP('',(#6314));
#2190=EDGE_LOOP('',(#6315));
#2191=EDGE_LOOP('',(#6316));
#2192=EDGE_LOOP('',(#6317));
#2193=EDGE_LOOP('',(#6318));
#2194=EDGE_LOOP('',(#6319));
#2195=EDGE_LOOP('',(#6320));
#2196=EDGE_LOOP('',(#6321));
#2197=EDGE_LOOP('',(#6322));
#2198=EDGE_LOOP('',(#6323));
#2199=EDGE_LOOP('',(#6324));
#2200=EDGE_LOOP('',(#6325));
#2201=EDGE_LOOP('',(#6326));
#2202=EDGE_LOOP('',(#6327));
#2203=EDGE_LOOP('',(#6328));
#2204=EDGE_LOOP('',(#6329));
#2205=EDGE_LOOP('',(#6330));
#2206=EDGE_LOOP('',(#6331));
#2207=EDGE_LOOP('',(#6332));
#2208=EDGE_LOOP('',(#6333));
#2209=EDGE_LOOP('',(#6334));
#2210=EDGE_LOOP('',(#6335));
#2211=EDGE_LOOP('',(#6336,#6337,#6338,#6339));
#2212=EDGE_LOOP('',(#6340,#6341,#6342,#6343));
#2213=EDGE_LOOP('',(#6344,#6345,#6346,#6347));
#2214=EDGE_LOOP('',(#6348,#6349,#6350,#6351));
#2215=EDGE_LOOP('',(#6352,#6353,#6354,#6355));
#2216=EDGE_LOOP('',(#6356,#6357,#6358,#6359));
#2217=EDGE_LOOP('',(#6360,#6361,#6362,#6363));
#2218=EDGE_LOOP('',(#6364,#6365,#6366,#6367,#6368,#6369,#6370,#6371));
#2219=EDGE_LOOP('',(#6372,#6373,#6374,#6375));
#2220=EDGE_LOOP('',(#6376,#6377,#6378,#6379));
#2221=EDGE_LOOP('',(#6380,#6381,#6382,#6383));
#2222=EDGE_LOOP('',(#6384,#6385,#6386,#6387));
#2223=EDGE_LOOP('',(#6388,#6389,#6390,#6391));
#2224=EDGE_LOOP('',(#6392,#6393,#6394,#6395));
#2225=EDGE_LOOP('',(#6396,#6397,#6398,#6399));
#2226=EDGE_LOOP('',(#6400,#6401,#6402,#6403));
#2227=EDGE_LOOP('',(#6404));
#2228=EDGE_LOOP('',(#6405));
#2229=EDGE_LOOP('',(#6406));
#2230=EDGE_LOOP('',(#6407));
#2231=EDGE_LOOP('',(#6408));
#2232=EDGE_LOOP('',(#6409));
#2233=EDGE_LOOP('',(#6410));
#2234=EDGE_LOOP('',(#6411));
#2235=EDGE_LOOP('',(#6412));
#2236=EDGE_LOOP('',(#6413));
#2237=EDGE_LOOP('',(#6414));
#2238=EDGE_LOOP('',(#6415));
#2239=EDGE_LOOP('',(#6416));
#2240=EDGE_LOOP('',(#6417));
#2241=EDGE_LOOP('',(#6418));
#2242=EDGE_LOOP('',(#6419));
#2243=EDGE_LOOP('',(#6420));
#2244=EDGE_LOOP('',(#6421));
#2245=EDGE_LOOP('',(#6422));
#2246=EDGE_LOOP('',(#6423));
#2247=EDGE_LOOP('',(#6424));
#2248=EDGE_LOOP('',(#6425));
#2249=EDGE_LOOP('',(#6426));
#2250=EDGE_LOOP('',(#6427));
#2251=EDGE_LOOP('',(#6428));
#2252=EDGE_LOOP('',(#6429));
#2253=EDGE_LOOP('',(#6430));
#2254=EDGE_LOOP('',(#6431));
#2255=EDGE_LOOP('',(#6432));
#2256=EDGE_LOOP('',(#6433));
#2257=EDGE_LOOP('',(#6434));
#2258=EDGE_LOOP('',(#6435));
#2259=EDGE_LOOP('',(#6436));
#2260=EDGE_LOOP('',(#6437));
#2261=EDGE_LOOP('',(#6438));
#2262=EDGE_LOOP('',(#6439));
#2263=EDGE_LOOP('',(#6440));
#2264=EDGE_LOOP('',(#6441));
#2265=EDGE_LOOP('',(#6442));
#2266=EDGE_LOOP('',(#6443));
#2267=EDGE_LOOP('',(#6444));
#2268=EDGE_LOOP('',(#6445));
#2269=EDGE_LOOP('',(#6446));
#2270=EDGE_LOOP('',(#6447));
#2271=EDGE_LOOP('',(#6448));
#2272=EDGE_LOOP('',(#6449));
#2273=EDGE_LOOP('',(#6450));
#2274=EDGE_LOOP('',(#6451));
#2275=EDGE_LOOP('',(#6452));
#2276=EDGE_LOOP('',(#6453));
#2277=EDGE_LOOP('',(#6454));
#2278=EDGE_LOOP('',(#6455));
#2279=EDGE_LOOP('',(#6456));
#2280=EDGE_LOOP('',(#6457));
#2281=EDGE_LOOP('',(#6458));
#2282=EDGE_LOOP('',(#6459));
#2283=EDGE_LOOP('',(#6460));
#2284=EDGE_LOOP('',(#6461));
#2285=EDGE_LOOP('',(#6462));
#2286=EDGE_LOOP('',(#6463));
#2287=EDGE_LOOP('',(#6464));
#2288=EDGE_LOOP('',(#6465));
#2289=EDGE_LOOP('',(#6466));
#2290=EDGE_LOOP('',(#6467));
#2291=EDGE_LOOP('',(#6468));
#2292=EDGE_LOOP('',(#6469));
#2293=EDGE_LOOP('',(#6470));
#2294=EDGE_LOOP('',(#6471));
#2295=EDGE_LOOP('',(#6472));
#2296=EDGE_LOOP('',(#6473));
#2297=EDGE_LOOP('',(#6474));
#2298=EDGE_LOOP('',(#6475));
#2299=EDGE_LOOP('',(#6476));
#2300=EDGE_LOOP('',(#6477));
#2301=EDGE_LOOP('',(#6478));
#2302=EDGE_LOOP('',(#6479));
#2303=EDGE_LOOP('',(#6480));
#2304=EDGE_LOOP('',(#6481));
#2305=EDGE_LOOP('',(#6482));
#2306=EDGE_LOOP('',(#6483));
#2307=EDGE_LOOP('',(#6484));
#2308=EDGE_LOOP('',(#6485));
#2309=EDGE_LOOP('',(#6486));
#2310=EDGE_LOOP('',(#6487));
#2311=EDGE_LOOP('',(#6488));
#2312=EDGE_LOOP('',(#6489));
#2313=EDGE_LOOP('',(#6490));
#2314=EDGE_LOOP('',(#6491));
#2315=EDGE_LOOP('',(#6492));
#2316=EDGE_LOOP('',(#6493));
#2317=EDGE_LOOP('',(#6494));
#2318=EDGE_LOOP('',(#6495));
#2319=EDGE_LOOP('',(#6496));
#2320=EDGE_LOOP('',(#6497));
#2321=EDGE_LOOP('',(#6498));
#2322=EDGE_LOOP('',(#6499));
#2323=EDGE_LOOP('',(#6500));
#2324=EDGE_LOOP('',(#6501));
#2325=EDGE_LOOP('',(#6502));
#2326=EDGE_LOOP('',(#6503));
#2327=EDGE_LOOP('',(#6504));
#2328=EDGE_LOOP('',(#6505));
#2329=EDGE_LOOP('',(#6506));
#2330=EDGE_LOOP('',(#6507));
#2331=EDGE_LOOP('',(#6508));
#2332=EDGE_LOOP('',(#6509));
#2333=EDGE_LOOP('',(#6510));
#2334=EDGE_LOOP('',(#6511));
#2335=EDGE_LOOP('',(#6512));
#2336=EDGE_LOOP('',(#6513));
#2337=EDGE_LOOP('',(#6514));
#2338=EDGE_LOOP('',(#6515));
#2339=EDGE_LOOP('',(#6516));
#2340=EDGE_LOOP('',(#6517));
#2341=EDGE_LOOP('',(#6518));
#2342=EDGE_LOOP('',(#6519));
#2343=EDGE_LOOP('',(#6520));
#2344=EDGE_LOOP('',(#6521));
#2345=EDGE_LOOP('',(#6522));
#2346=EDGE_LOOP('',(#6523));
#2347=EDGE_LOOP('',(#6524));
#2348=EDGE_LOOP('',(#6525));
#2349=EDGE_LOOP('',(#6526));
#2350=EDGE_LOOP('',(#6527));
#2351=EDGE_LOOP('',(#6528));
#2352=EDGE_LOOP('',(#6529));
#2353=EDGE_LOOP('',(#6530));
#2354=EDGE_LOOP('',(#6531));
#2355=EDGE_LOOP('',(#6532));
#2356=EDGE_LOOP('',(#6533));
#2357=EDGE_LOOP('',(#6534));
#2358=EDGE_LOOP('',(#6535));
#2359=EDGE_LOOP('',(#6536));
#2360=EDGE_LOOP('',(#6537));
#2361=EDGE_LOOP('',(#6538));
#2362=EDGE_LOOP('',(#6539));
#2363=EDGE_LOOP('',(#6540));
#2364=EDGE_LOOP('',(#6541));
#2365=EDGE_LOOP('',(#6542));
#2366=EDGE_LOOP('',(#6543));
#2367=EDGE_LOOP('',(#6544));
#2368=EDGE_LOOP('',(#6545));
#2369=EDGE_LOOP('',(#6546));
#2370=EDGE_LOOP('',(#6547));
#2371=EDGE_LOOP('',(#6548));
#2372=EDGE_LOOP('',(#6549));
#2373=EDGE_LOOP('',(#6550));
#2374=EDGE_LOOP('',(#6551));
#2375=EDGE_LOOP('',(#6552));
#2376=EDGE_LOOP('',(#6553));
#2377=EDGE_LOOP('',(#6554));
#2378=EDGE_LOOP('',(#6555));
#2379=EDGE_LOOP('',(#6556));
#2380=EDGE_LOOP('',(#6557));
#2381=EDGE_LOOP('',(#6558));
#2382=EDGE_LOOP('',(#6559));
#2383=EDGE_LOOP('',(#6560));
#2384=EDGE_LOOP('',(#6561));
#2385=EDGE_LOOP('',(#6562));
#2386=EDGE_LOOP('',(#6563));
#2387=EDGE_LOOP('',(#6564));
#2388=EDGE_LOOP('',(#6565));
#2389=EDGE_LOOP('',(#6566));
#2390=EDGE_LOOP('',(#6567));
#2391=EDGE_LOOP('',(#6568));
#2392=EDGE_LOOP('',(#6569));
#2393=EDGE_LOOP('',(#6570));
#2394=EDGE_LOOP('',(#6571));
#2395=EDGE_LOOP('',(#6572));
#2396=EDGE_LOOP('',(#6573));
#2397=EDGE_LOOP('',(#6574));
#2398=EDGE_LOOP('',(#6575));
#2399=EDGE_LOOP('',(#6576));
#2400=EDGE_LOOP('',(#6577));
#2401=EDGE_LOOP('',(#6578));
#2402=EDGE_LOOP('',(#6579));
#2403=EDGE_LOOP('',(#6580));
#2404=EDGE_LOOP('',(#6581));
#2405=EDGE_LOOP('',(#6582));
#2406=EDGE_LOOP('',(#6583));
#2407=EDGE_LOOP('',(#6584));
#2408=EDGE_LOOP('',(#6585));
#2409=EDGE_LOOP('',(#6586));
#2410=EDGE_LOOP('',(#6587));
#2411=EDGE_LOOP('',(#6588));
#2412=EDGE_LOOP('',(#6589));
#2413=EDGE_LOOP('',(#6590));
#2414=EDGE_LOOP('',(#6591));
#2415=EDGE_LOOP('',(#6592));
#2416=EDGE_LOOP('',(#6593));
#2417=EDGE_LOOP('',(#6594));
#2418=EDGE_LOOP('',(#6595));
#2419=EDGE_LOOP('',(#6596));
#2420=EDGE_LOOP('',(#6597));
#2421=EDGE_LOOP('',(#6598));
#2422=EDGE_LOOP('',(#6599));
#2423=EDGE_LOOP('',(#6600));
#2424=EDGE_LOOP('',(#6601));
#2425=EDGE_LOOP('',(#6602));
#2426=EDGE_LOOP('',(#6603));
#2427=EDGE_LOOP('',(#6604));
#2428=EDGE_LOOP('',(#6605));
#2429=EDGE_LOOP('',(#6606));
#2430=EDGE_LOOP('',(#6607));
#2431=EDGE_LOOP('',(#6608));
#2432=EDGE_LOOP('',(#6609));
#2433=EDGE_LOOP('',(#6610));
#2434=EDGE_LOOP('',(#6611));
#2435=EDGE_LOOP('',(#6612));
#2436=EDGE_LOOP('',(#6613));
#2437=EDGE_LOOP('',(#6614));
#2438=EDGE_LOOP('',(#6615));
#2439=EDGE_LOOP('',(#6616));
#2440=EDGE_LOOP('',(#6617));
#2441=EDGE_LOOP('',(#6618));
#2442=EDGE_LOOP('',(#6619));
#2443=EDGE_LOOP('',(#6620));
#2444=EDGE_LOOP('',(#6621));
#2445=EDGE_LOOP('',(#6622));
#2446=EDGE_LOOP('',(#6623));
#2447=EDGE_LOOP('',(#6624));
#2448=EDGE_LOOP('',(#6625));
#2449=EDGE_LOOP('',(#6626));
#2450=EDGE_LOOP('',(#6627));
#2451=EDGE_LOOP('',(#6628));
#2452=EDGE_LOOP('',(#6629));
#2453=EDGE_LOOP('',(#6630));
#2454=EDGE_LOOP('',(#6631));
#2455=EDGE_LOOP('',(#6632));
#2456=EDGE_LOOP('',(#6633));
#2457=EDGE_LOOP('',(#6634));
#2458=EDGE_LOOP('',(#6635));
#2459=EDGE_LOOP('',(#6636));
#2460=EDGE_LOOP('',(#6637));
#2461=EDGE_LOOP('',(#6638));
#2462=EDGE_LOOP('',(#6639));
#2463=EDGE_LOOP('',(#6640));
#2464=EDGE_LOOP('',(#6641));
#2465=EDGE_LOOP('',(#6642));
#2466=EDGE_LOOP('',(#6643));
#2467=EDGE_LOOP('',(#6644));
#2468=EDGE_LOOP('',(#6645));
#2469=EDGE_LOOP('',(#6646));
#2470=EDGE_LOOP('',(#6647));
#2471=EDGE_LOOP('',(#6648));
#2472=EDGE_LOOP('',(#6649));
#2473=EDGE_LOOP('',(#6650));
#2474=EDGE_LOOP('',(#6651));
#2475=EDGE_LOOP('',(#6652));
#2476=EDGE_LOOP('',(#6653));
#2477=EDGE_LOOP('',(#6654));
#2478=EDGE_LOOP('',(#6655));
#2479=EDGE_LOOP('',(#6656));
#2480=EDGE_LOOP('',(#6657));
#2481=EDGE_LOOP('',(#6658));
#2482=EDGE_LOOP('',(#6659,#6660,#6661,#6662));
#2483=EDGE_LOOP('',(#6663));
#2484=EDGE_LOOP('',(#6664));
#2485=EDGE_LOOP('',(#6665,#6666,#6667,#6668));
#2486=EDGE_LOOP('',(#6669));
#2487=EDGE_LOOP('',(#6670));
#2488=EDGE_LOOP('',(#6671,#6672,#6673,#6674));
#2489=EDGE_LOOP('',(#6675));
#2490=EDGE_LOOP('',(#6676));
#2491=EDGE_LOOP('',(#6677,#6678,#6679,#6680));
#2492=EDGE_LOOP('',(#6681));
#2493=EDGE_LOOP('',(#6682));
#2494=LINE('',#10032,#2893);
#2495=LINE('',#10034,#2894);
#2496=LINE('',#10036,#2895);
#2497=LINE('',#10037,#2896);
#2498=LINE('',#10040,#2897);
#2499=LINE('',#10042,#2898);
#2500=LINE('',#10043,#2899);
#2501=LINE('',#10046,#2900);
#2502=LINE('',#10048,#2901);
#2503=LINE('',#10049,#2902);
#2504=LINE('',#10051,#2903);
#2505=LINE('',#10052,#2904);
#2506=LINE('',#10057,#2905);
#2507=LINE('',#10059,#2906);
#2508=LINE('',#10061,#2907);
#2509=LINE('',#10062,#2908);
#2510=LINE('',#10065,#2909);
#2511=LINE('',#10067,#2910);
#2512=LINE('',#10068,#2911);
#2513=LINE('',#10071,#2912);
#2514=LINE('',#10073,#2913);
#2515=LINE('',#10074,#2914);
#2516=LINE('',#10076,#2915);
#2517=LINE('',#10077,#2916);
#2518=LINE('',#10082,#2917);
#2519=LINE('',#10084,#2918);
#2520=LINE('',#10086,#2919);
#2521=LINE('',#10087,#2920);
#2522=LINE('',#10090,#2921);
#2523=LINE('',#10092,#2922);
#2524=LINE('',#10093,#2923);
#2525=LINE('',#10096,#2924);
#2526=LINE('',#10098,#2925);
#2527=LINE('',#10099,#2926);
#2528=LINE('',#10101,#2927);
#2529=LINE('',#10102,#2928);
#2530=LINE('',#10107,#2929);
#2531=LINE('',#10109,#2930);
#2532=LINE('',#10111,#2931);
#2533=LINE('',#10112,#2932);
#2534=LINE('',#10115,#2933);
#2535=LINE('',#10117,#2934);
#2536=LINE('',#10118,#2935);
#2537=LINE('',#10121,#2936);
#2538=LINE('',#10123,#2937);
#2539=LINE('',#10124,#2938);
#2540=LINE('',#10126,#2939);
#2541=LINE('',#10127,#2940);
#2542=LINE('',#10132,#2941);
#2543=LINE('',#10134,#2942);
#2544=LINE('',#10136,#2943);
#2545=LINE('',#10137,#2944);
#2546=LINE('',#10140,#2945);
#2547=LINE('',#10142,#2946);
#2548=LINE('',#10143,#2947);
#2549=LINE('',#10146,#2948);
#2550=LINE('',#10148,#2949);
#2551=LINE('',#10149,#2950);
#2552=LINE('',#10151,#2951);
#2553=LINE('',#10152,#2952);
#2554=LINE('',#10157,#2953);
#2555=LINE('',#10159,#2954);
#2556=LINE('',#10161,#2955);
#2557=LINE('',#10162,#2956);
#2558=LINE('',#10165,#2957);
#2559=LINE('',#10167,#2958);
#2560=LINE('',#10168,#2959);
#2561=LINE('',#10171,#2960);
#2562=LINE('',#10173,#2961);
#2563=LINE('',#10174,#2962);
#2564=LINE('',#10176,#2963);
#2565=LINE('',#10177,#2964);
#2566=LINE('',#10182,#2965);
#2567=LINE('',#10184,#2966);
#2568=LINE('',#10186,#2967);
#2569=LINE('',#10187,#2968);
#2570=LINE('',#10190,#2969);
#2571=LINE('',#10192,#2970);
#2572=LINE('',#10193,#2971);
#2573=LINE('',#10196,#2972);
#2574=LINE('',#10198,#2973);
#2575=LINE('',#10199,#2974);
#2576=LINE('',#10201,#2975);
#2577=LINE('',#10202,#2976);
#2578=LINE('',#10207,#2977);
#2579=LINE('',#10209,#2978);
#2580=LINE('',#10211,#2979);
#2581=LINE('',#10212,#2980);
#2582=LINE('',#10215,#2981);
#2583=LINE('',#10217,#2982);
#2584=LINE('',#10218,#2983);
#2585=LINE('',#10221,#2984);
#2586=LINE('',#10223,#2985);
#2587=LINE('',#10224,#2986);
#2588=LINE('',#10226,#2987);
#2589=LINE('',#10227,#2988);
#2590=LINE('',#10233,#2989);
#2591=LINE('',#10239,#2990);
#2592=LINE('',#10245,#2991);
#2593=LINE('',#10251,#2992);
#2594=LINE('',#10257,#2993);
#2595=LINE('',#10263,#2994);
#2596=LINE('',#10269,#2995);
#2597=LINE('',#10275,#2996);
#2598=LINE('',#10281,#2997);
#2599=LINE('',#10287,#2998);
#2600=LINE('',#10293,#2999);
#2601=LINE('',#10299,#3000);
#2602=LINE('',#10305,#3001);
#2603=LINE('',#10311,#3002);
#2604=LINE('',#10317,#3003);
#2605=LINE('',#10323,#3004);
#2606=LINE('',#10329,#3005);
#2607=LINE('',#10335,#3006);
#2608=LINE('',#10341,#3007);
#2609=LINE('',#10347,#3008);
#2610=LINE('',#10353,#3009);
#2611=LINE('',#10359,#3010);
#2612=LINE('',#10365,#3011);
#2613=LINE('',#10371,#3012);
#2614=LINE('',#10377,#3013);
#2615=LINE('',#10383,#3014);
#2616=LINE('',#10389,#3015);
#2617=LINE('',#10395,#3016);
#2618=LINE('',#10401,#3017);
#2619=LINE('',#10407,#3018);
#2620=LINE('',#10413,#3019);
#2621=LINE('',#10419,#3020);
#2622=LINE('',#10425,#3021);
#2623=LINE('',#10431,#3022);
#2624=LINE('',#10437,#3023);
#2625=LINE('',#10443,#3024);
#2626=LINE('',#10449,#3025);
#2627=LINE('',#10455,#3026);
#2628=LINE('',#10461,#3027);
#2629=LINE('',#10467,#3028);
#2630=LINE('',#10473,#3029);
#2631=LINE('',#10479,#3030);
#2632=LINE('',#10485,#3031);
#2633=LINE('',#10491,#3032);
#2634=LINE('',#10497,#3033);
#2635=LINE('',#10503,#3034);
#2636=LINE('',#10509,#3035);
#2637=LINE('',#10515,#3036);
#2638=LINE('',#10521,#3037);
#2639=LINE('',#10527,#3038);
#2640=LINE('',#10533,#3039);
#2641=LINE('',#10539,#3040);
#2642=LINE('',#10545,#3041);
#2643=LINE('',#10551,#3042);
#2644=LINE('',#10557,#3043);
#2645=LINE('',#10563,#3044);
#2646=LINE('',#10569,#3045);
#2647=LINE('',#10575,#3046);
#2648=LINE('',#10581,#3047);
#2649=LINE('',#10587,#3048);
#2650=LINE('',#10593,#3049);
#2651=LINE('',#10599,#3050);
#2652=LINE('',#10605,#3051);
#2653=LINE('',#10611,#3052);
#2654=LINE('',#10617,#3053);
#2655=LINE('',#10623,#3054);
#2656=LINE('',#10629,#3055);
#2657=LINE('',#10635,#3056);
#2658=LINE('',#10641,#3057);
#2659=LINE('',#10647,#3058);
#2660=LINE('',#10653,#3059);
#2661=LINE('',#10659,#3060);
#2662=LINE('',#10665,#3061);
#2663=LINE('',#10671,#3062);
#2664=LINE('',#10677,#3063);
#2665=LINE('',#10683,#3064);
#2666=LINE('',#10689,#3065);
#2667=LINE('',#10695,#3066);
#2668=LINE('',#10701,#3067);
#2669=LINE('',#10707,#3068);
#2670=LINE('',#10713,#3069);
#2671=LINE('',#10719,#3070);
#2672=LINE('',#10725,#3071);
#2673=LINE('',#10731,#3072);
#2674=LINE('',#10737,#3073);
#2675=LINE('',#10743,#3074);
#2676=LINE('',#10749,#3075);
#2677=LINE('',#10755,#3076);
#2678=LINE('',#10761,#3077);
#2679=LINE('',#10767,#3078);
#2680=LINE('',#10773,#3079);
#2681=LINE('',#10779,#3080);
#2682=LINE('',#10785,#3081);
#2683=LINE('',#10791,#3082);
#2684=LINE('',#10797,#3083);
#2685=LINE('',#10803,#3084);
#2686=LINE('',#10809,#3085);
#2687=LINE('',#10815,#3086);
#2688=LINE('',#10821,#3087);
#2689=LINE('',#10827,#3088);
#2690=LINE('',#10833,#3089);
#2691=LINE('',#10839,#3090);
#2692=LINE('',#10845,#3091);
#2693=LINE('',#10851,#3092);
#2694=LINE('',#10857,#3093);
#2695=LINE('',#10863,#3094);
#2696=LINE('',#10869,#3095);
#2697=LINE('',#10875,#3096);
#2698=LINE('',#10881,#3097);
#2699=LINE('',#10887,#3098);
#2700=LINE('',#10893,#3099);
#2701=LINE('',#10899,#3100);
#2702=LINE('',#10905,#3101);
#2703=LINE('',#10911,#3102);
#2704=LINE('',#10917,#3103);
#2705=LINE('',#10923,#3104);
#2706=LINE('',#10929,#3105);
#2707=LINE('',#10935,#3106);
#2708=LINE('',#10941,#3107);
#2709=LINE('',#10947,#3108);
#2710=LINE('',#10953,#3109);
#2711=LINE('',#10959,#3110);
#2712=LINE('',#10965,#3111);
#2713=LINE('',#10971,#3112);
#2714=LINE('',#10977,#3113);
#2715=LINE('',#10983,#3114);
#2716=LINE('',#10989,#3115);
#2717=LINE('',#10995,#3116);
#2718=LINE('',#11001,#3117);
#2719=LINE('',#11007,#3118);
#2720=LINE('',#11013,#3119);
#2721=LINE('',#11019,#3120);
#2722=LINE('',#11025,#3121);
#2723=LINE('',#11031,#3122);
#2724=LINE('',#11037,#3123);
#2725=LINE('',#11043,#3124);
#2726=LINE('',#11049,#3125);
#2727=LINE('',#11055,#3126);
#2728=LINE('',#11061,#3127);
#2729=LINE('',#11067,#3128);
#2730=LINE('',#11073,#3129);
#2731=LINE('',#11079,#3130);
#2732=LINE('',#11085,#3131);
#2733=LINE('',#11091,#3132);
#2734=LINE('',#11097,#3133);
#2735=LINE('',#11103,#3134);
#2736=LINE('',#11109,#3135);
#2737=LINE('',#11115,#3136);
#2738=LINE('',#11121,#3137);
#2739=LINE('',#11127,#3138);
#2740=LINE('',#11133,#3139);
#2741=LINE('',#11139,#3140);
#2742=LINE('',#11145,#3141);
#2743=LINE('',#11151,#3142);
#2744=LINE('',#11157,#3143);
#2745=LINE('',#11163,#3144);
#2746=LINE('',#11169,#3145);
#2747=LINE('',#11175,#3146);
#2748=LINE('',#11181,#3147);
#2749=LINE('',#11187,#3148);
#2750=LINE('',#11193,#3149);
#2751=LINE('',#11199,#3150);
#2752=LINE('',#11205,#3151);
#2753=LINE('',#11211,#3152);
#2754=LINE('',#11217,#3153);
#2755=LINE('',#11223,#3154);
#2756=LINE('',#11229,#3155);
#2757=LINE('',#11235,#3156);
#2758=LINE('',#11241,#3157);
#2759=LINE('',#11247,#3158);
#2760=LINE('',#11253,#3159);
#2761=LINE('',#11259,#3160);
#2762=LINE('',#11265,#3161);
#2763=LINE('',#11271,#3162);
#2764=LINE('',#11277,#3163);
#2765=LINE('',#11283,#3164);
#2766=LINE('',#11289,#3165);
#2767=LINE('',#11295,#3166);
#2768=LINE('',#11301,#3167);
#2769=LINE('',#11307,#3168);
#2770=LINE('',#11313,#3169);
#2771=LINE('',#11319,#3170);
#2772=LINE('',#11325,#3171);
#2773=LINE('',#11331,#3172);
#2774=LINE('',#11337,#3173);
#2775=LINE('',#11343,#3174);
#2776=LINE('',#11349,#3175);
#2777=LINE('',#11355,#3176);
#2778=LINE('',#11361,#3177);
#2779=LINE('',#11367,#3178);
#2780=LINE('',#11373,#3179);
#2781=LINE('',#11379,#3180);
#2782=LINE('',#11385,#3181);
#2783=LINE('',#11391,#3182);
#2784=LINE('',#11397,#3183);
#2785=LINE('',#11403,#3184);
#2786=LINE('',#11409,#3185);
#2787=LINE('',#11415,#3186);
#2788=LINE('',#11421,#3187);
#2789=LINE('',#11427,#3188);
#2790=LINE('',#11433,#3189);
#2791=LINE('',#11439,#3190);
#2792=LINE('',#11445,#3191);
#2793=LINE('',#11451,#3192);
#2794=LINE('',#11457,#3193);
#2795=LINE('',#11463,#3194);
#2796=LINE('',#11469,#3195);
#2797=LINE('',#11475,#3196);
#2798=LINE('',#11481,#3197);
#2799=LINE('',#11487,#3198);
#2800=LINE('',#11493,#3199);
#2801=LINE('',#11499,#3200);
#2802=LINE('',#11505,#3201);
#2803=LINE('',#11511,#3202);
#2804=LINE('',#11517,#3203);
#2805=LINE('',#11523,#3204);
#2806=LINE('',#11529,#3205);
#2807=LINE('',#11535,#3206);
#2808=LINE('',#11541,#3207);
#2809=LINE('',#11547,#3208);
#2810=LINE('',#11553,#3209);
#2811=LINE('',#11559,#3210);
#2812=LINE('',#11565,#3211);
#2813=LINE('',#11571,#3212);
#2814=LINE('',#11577,#3213);
#2815=LINE('',#11583,#3214);
#2816=LINE('',#11589,#3215);
#2817=LINE('',#11595,#3216);
#2818=LINE('',#11601,#3217);
#2819=LINE('',#11607,#3218);
#2820=LINE('',#11613,#3219);
#2821=LINE('',#11619,#3220);
#2822=LINE('',#11625,#3221);
#2823=LINE('',#11631,#3222);
#2824=LINE('',#11637,#3223);
#2825=LINE('',#11643,#3224);
#2826=LINE('',#11649,#3225);
#2827=LINE('',#11655,#3226);
#2828=LINE('',#11661,#3227);
#2829=LINE('',#11667,#3228);
#2830=LINE('',#11673,#3229);
#2831=LINE('',#11679,#3230);
#2832=LINE('',#11685,#3231);
#2833=LINE('',#11691,#3232);
#2834=LINE('',#11697,#3233);
#2835=LINE('',#11703,#3234);
#2836=LINE('',#11709,#3235);
#2837=LINE('',#11715,#3236);
#2838=LINE('',#11721,#3237);
#2839=LINE('',#11727,#3238);
#2840=LINE('',#11733,#3239);
#2841=LINE('',#11739,#3240);
#2842=LINE('',#11745,#3241);
#2843=LINE('',#11750,#3242);
#2844=LINE('',#11752,#3243);
#2845=LINE('',#11754,#3244);
#2846=LINE('',#11755,#3245);
#2847=LINE('',#11758,#3246);
#2848=LINE('',#11760,#3247);
#2849=LINE('',#11761,#3248);
#2850=LINE('',#11764,#3249);
#2851=LINE('',#11766,#3250);
#2852=LINE('',#11768,#3251);
#2853=LINE('',#11769,#3252);
#2854=LINE('',#11772,#3253);
#2855=LINE('',#11774,#3254);
#2856=LINE('',#11776,#3255);
#2857=LINE('',#11777,#3256);
#2858=LINE('',#11780,#3257);
#2859=LINE('',#11782,#3258);
#2860=LINE('',#11784,#3259);
#2861=LINE('',#11786,#3260);
#2862=LINE('',#11788,#3261);
#2863=LINE('',#11790,#3262);
#2864=LINE('',#11791,#3263);
#2865=LINE('',#11796,#3264);
#2866=LINE('',#11799,#3265);
#2867=LINE('',#11801,#3266);
#2868=LINE('',#11803,#3267);
#2869=LINE('',#11804,#3268);
#2870=LINE('',#11805,#3269);
#2871=LINE('',#11809,#3270);
#2872=LINE('',#11813,#3271);
#2873=LINE('',#11816,#3272);
#2874=LINE('',#11828,#3273);
#2875=LINE('',#11831,#3274);
#2876=LINE('',#11834,#3275);
#2877=LINE('',#11837,#3276);
#2878=LINE('',#11838,#3277);
#2879=LINE('',#11842,#3278);
#2880=LINE('',#11847,#3279);
#2881=LINE('',#11849,#3280);
#2882=LINE('',#11850,#3281);
#2883=LINE('',#11852,#3282);
#2884=LINE('',#11854,#3283);
#2885=LINE('',#11859,#3284);
#2886=LINE('',#11865,#3285);
#2887=LINE('',#11869,#3286);
#2888=LINE('',#11871,#3287);
#2889=LINE('',#11875,#3288);
#2890=LINE('',#11880,#3289);
#2891=LINE('',#11885,#3290);
#2892=LINE('',#11890,#3291);
#2893=VECTOR('',#7933,10.);
#2894=VECTOR('',#7934,10.);
#2895=VECTOR('',#7935,10.);
#2896=VECTOR('',#7936,10.);
#2897=VECTOR('',#7939,10.);
#2898=VECTOR('',#7940,10.);
#2899=VECTOR('',#7941,10.);
#2900=VECTOR('',#7944,10.);
#2901=VECTOR('',#7945,10.);
#2902=VECTOR('',#7946,10.);
#2903=VECTOR('',#7949,10.);
#2904=VECTOR('',#7950,10.);
#2905=VECTOR('',#7955,10.);
#2906=VECTOR('',#7956,10.);
#2907=VECTOR('',#7957,10.);
#2908=VECTOR('',#7958,10.);
#2909=VECTOR('',#7961,10.);
#2910=VECTOR('',#7962,10.);
#2911=VECTOR('',#7963,10.);
#2912=VECTOR('',#7966,10.);
#2913=VECTOR('',#7967,10.);
#2914=VECTOR('',#7968,10.);
#2915=VECTOR('',#7971,10.);
#2916=VECTOR('',#7972,10.);
#2917=VECTOR('',#7977,10.);
#2918=VECTOR('',#7978,10.);
#2919=VECTOR('',#7979,10.);
#2920=VECTOR('',#7980,10.);
#2921=VECTOR('',#7983,10.);
#2922=VECTOR('',#7984,10.);
#2923=VECTOR('',#7985,10.);
#2924=VECTOR('',#7988,10.);
#2925=VECTOR('',#7989,10.);
#2926=VECTOR('',#7990,10.);
#2927=VECTOR('',#7993,10.);
#2928=VECTOR('',#7994,10.);
#2929=VECTOR('',#7999,10.);
#2930=VECTOR('',#8000,10.);
#2931=VECTOR('',#8001,10.);
#2932=VECTOR('',#8002,10.);
#2933=VECTOR('',#8005,10.);
#2934=VECTOR('',#8006,10.);
#2935=VECTOR('',#8007,10.);
#2936=VECTOR('',#8010,10.);
#2937=VECTOR('',#8011,10.);
#2938=VECTOR('',#8012,10.);
#2939=VECTOR('',#8015,10.);
#2940=VECTOR('',#8016,10.);
#2941=VECTOR('',#8021,10.);
#2942=VECTOR('',#8022,10.);
#2943=VECTOR('',#8023,10.);
#2944=VECTOR('',#8024,10.);
#2945=VECTOR('',#8027,10.);
#2946=VECTOR('',#8028,10.);
#2947=VECTOR('',#8029,10.);
#2948=VECTOR('',#8032,10.);
#2949=VECTOR('',#8033,10.);
#2950=VECTOR('',#8034,10.);
#2951=VECTOR('',#8037,10.);
#2952=VECTOR('',#8038,10.);
#2953=VECTOR('',#8043,10.);
#2954=VECTOR('',#8044,10.);
#2955=VECTOR('',#8045,10.);
#2956=VECTOR('',#8046,10.);
#2957=VECTOR('',#8049,10.);
#2958=VECTOR('',#8050,10.);
#2959=VECTOR('',#8051,10.);
#2960=VECTOR('',#8054,10.);
#2961=VECTOR('',#8055,10.);
#2962=VECTOR('',#8056,10.);
#2963=VECTOR('',#8059,10.);
#2964=VECTOR('',#8060,10.);
#2965=VECTOR('',#8065,10.);
#2966=VECTOR('',#8066,10.);
#2967=VECTOR('',#8067,10.);
#2968=VECTOR('',#8068,10.);
#2969=VECTOR('',#8071,10.);
#2970=VECTOR('',#8072,10.);
#2971=VECTOR('',#8073,10.);
#2972=VECTOR('',#8076,10.);
#2973=VECTOR('',#8077,10.);
#2974=VECTOR('',#8078,10.);
#2975=VECTOR('',#8081,10.);
#2976=VECTOR('',#8082,10.);
#2977=VECTOR('',#8087,10.);
#2978=VECTOR('',#8088,10.);
#2979=VECTOR('',#8089,10.);
#2980=VECTOR('',#8090,10.);
#2981=VECTOR('',#8093,10.);
#2982=VECTOR('',#8094,10.);
#2983=VECTOR('',#8095,10.);
#2984=VECTOR('',#8098,10.);
#2985=VECTOR('',#8099,10.);
#2986=VECTOR('',#8100,10.);
#2987=VECTOR('',#8103,10.);
#2988=VECTOR('',#8104,10.);
#2989=VECTOR('',#8111,3.);
#2990=VECTOR('',#8118,2.99999999999999);
#2991=VECTOR('',#8125,0.750000000000006);
#2992=VECTOR('',#8132,0.750000000000004);
#2993=VECTOR('',#8139,0.749999999999997);
#2994=VECTOR('',#8146,0.750000000000001);
#2995=VECTOR('',#8153,0.749999999999993);
#2996=VECTOR('',#8160,0.749999999999996);
#2997=VECTOR('',#8167,0.749999999999993);
#2998=VECTOR('',#8174,0.749999999999993);
#2999=VECTOR('',#8181,0.749999999999993);
#3000=VECTOR('',#8188,0.749999999999993);
#3001=VECTOR('',#8195,0.749999999999993);
#3002=VECTOR('',#8202,0.750000000000002);
#3003=VECTOR('',#8209,0.749999999999993);
#3004=VECTOR('',#8216,0.750000000000002);
#3005=VECTOR('',#8223,0.749999999999993);
#3006=VECTOR('',#8230,0.749999999999993);
#3007=VECTOR('',#8237,0.749999999999993);
#3008=VECTOR('',#8244,0.749999999999993);
#3009=VECTOR('',#8251,0.750000000000002);
#3010=VECTOR('',#8258,0.749999999999993);
#3011=VECTOR('',#8265,0.750000000000011);
#3012=VECTOR('',#8272,0.749999999999993);
#3013=VECTOR('',#8279,0.749999999999993);
#3014=VECTOR('',#8286,0.749999999999993);
#3015=VECTOR('',#8293,0.749999999999993);
#3016=VECTOR('',#8300,0.750000000000002);
#3017=VECTOR('',#8307,0.750000000000002);
#3018=VECTOR('',#8314,0.749999999999993);
#3019=VECTOR('',#8321,0.749999999999993);
#3020=VECTOR('',#8328,0.750000000000002);
#3021=VECTOR('',#8335,0.749999999999993);
#3022=VECTOR('',#8342,0.750000000000002);
#3023=VECTOR('',#8349,0.749999999999993);
#3024=VECTOR('',#8356,0.750000000000002);
#3025=VECTOR('',#8363,0.750000000000002);
#3026=VECTOR('',#8370,0.750000000000002);
#3027=VECTOR('',#8377,0.750000000000002);
#3028=VECTOR('',#8384,0.749999999999997);
#3029=VECTOR('',#8391,0.750000000000004);
#3030=VECTOR('',#8398,0.749999999999997);
#3031=VECTOR('',#8405,0.750000000000005);
#3032=VECTOR('',#8412,0.750000000000006);
#3033=VECTOR('',#8419,0.749999999999997);
#3034=VECTOR('',#8426,0.750000000000002);
#3035=VECTOR('',#8433,0.749999999999993);
#3036=VECTOR('',#8440,0.750000000000002);
#3037=VECTOR('',#8447,0.750000000000002);
#3038=VECTOR('',#8454,0.749999999999993);
#3039=VECTOR('',#8461,0.749999999999993);
#3040=VECTOR('',#8468,0.749999999999993);
#3041=VECTOR('',#8475,0.749999999999993);
#3042=VECTOR('',#8482,0.749999999999994);
#3043=VECTOR('',#8489,0.750000000000005);
#3044=VECTOR('',#8496,0.750000000000002);
#3045=VECTOR('',#8503,0.749999999999997);
#3046=VECTOR('',#8510,0.750000000000001);
#3047=VECTOR('',#8517,0.749999999999997);
#3048=VECTOR('',#8524,0.750000000000005);
#3049=VECTOR('',#8531,0.75);
#3050=VECTOR('',#8538,0.749999999999992);
#3051=VECTOR('',#8545,0.750000000000002);
#3052=VECTOR('',#8552,0.750000000000005);
#3053=VECTOR('',#8559,0.749999999999995);
#3054=VECTOR('',#8566,0.749999999999995);
#3055=VECTOR('',#8573,0.749999999999993);
#3056=VECTOR('',#8580,0.75);
#3057=VECTOR('',#8587,0.750000000000001);
#3058=VECTOR('',#8594,0.750000000000002);
#3059=VECTOR('',#8601,0.749999999999993);
#3060=VECTOR('',#8608,0.749999999999993);
#3061=VECTOR('',#8615,0.749999999999997);
#3062=VECTOR('',#8622,0.749999999999997);
#3063=VECTOR('',#8629,0.75);
#3064=VECTOR('',#8636,0.749999999999995);
#3065=VECTOR('',#8643,0.749999999999993);
#3066=VECTOR('',#8650,0.749999999999993);
#3067=VECTOR('',#8657,0.749999999999993);
#3068=VECTOR('',#8664,0.749999999999993);
#3069=VECTOR('',#8671,0.749999999999993);
#3070=VECTOR('',#8678,0.750000000000002);
#3071=VECTOR('',#8685,0.750000000000011);
#3072=VECTOR('',#8692,0.749999999999997);
#3073=VECTOR('',#8699,0.750000000000002);
#3074=VECTOR('',#8706,0.749999999999995);
#3075=VECTOR('',#8713,0.750000000000005);
#3076=VECTOR('',#8720,0.75);
#3077=VECTOR('',#8727,0.749999999999995);
#3078=VECTOR('',#8734,0.750000000000001);
#3079=VECTOR('',#8741,0.749999999999997);
#3080=VECTOR('',#8748,0.749999999999997);
#3081=VECTOR('',#8755,0.749999999999993);
#3082=VECTOR('',#8762,0.749999999999993);
#3083=VECTOR('',#8769,0.749999999999993);
#3084=VECTOR('',#8776,0.750000000000002);
#3085=VECTOR('',#8783,0.750000000000002);
#3086=VECTOR('',#8790,0.749999999999993);
#3087=VECTOR('',#8797,0.749999999999993);
#3088=VECTOR('',#8804,0.749999999999993);
#3089=VECTOR('',#8811,0.749999999999993);
#3090=VECTOR('',#8818,0.749999999999993);
#3091=VECTOR('',#8825,0.749999999999993);
#3092=VECTOR('',#8832,0.749999999999993);
#3093=VECTOR('',#8839,0.749999999999993);
#3094=VECTOR('',#8846,0.749999999999993);
#3095=VECTOR('',#8853,0.750000000000011);
#3096=VECTOR('',#8860,0.749999999999993);
#3097=VECTOR('',#8867,0.749999999999993);
#3098=VECTOR('',#8874,0.750000000000002);
#3099=VECTOR('',#8881,0.749999999999993);
#3100=VECTOR('',#8888,0.749999999999993);
#3101=VECTOR('',#8895,0.749999999999993);
#3102=VECTOR('',#8902,0.750000000000002);
#3103=VECTOR('',#8909,0.749999999999993);
#3104=VECTOR('',#8916,0.749999999999993);
#3105=VECTOR('',#8923,0.749999999999993);
#3106=VECTOR('',#8930,0.749999999999993);
#3107=VECTOR('',#8937,0.749999999999993);
#3108=VECTOR('',#8944,0.749999999999993);
#3109=VECTOR('',#8951,0.749999999999993);
#3110=VECTOR('',#8958,0.749999999999992);
#3111=VECTOR('',#8965,0.749999999999994);
#3112=VECTOR('',#8972,0.750000000000005);
#3113=VECTOR('',#8979,0.749999999999996);
#3114=VECTOR('',#8986,0.749999999999997);
#3115=VECTOR('',#8993,0.749999999999995);
#3116=VECTOR('',#9000,0.749999999999997);
#3117=VECTOR('',#9007,0.749999999999996);
#3118=VECTOR('',#9014,0.750000000000005);
#3119=VECTOR('',#9021,0.750000000000004);
#3120=VECTOR('',#9028,0.750000000000002);
#3121=VECTOR('',#9035,0.749999999999997);
#3122=VECTOR('',#9042,0.749999999999993);
#3123=VECTOR('',#9049,0.750000000000011);
#3124=VECTOR('',#9056,0.749999999999993);
#3125=VECTOR('',#9063,0.749999999999993);
#3126=VECTOR('',#9070,0.749999999999993);
#3127=VECTOR('',#9077,0.749999999999993);
#3128=VECTOR('',#9084,0.749999999999993);
#3129=VECTOR('',#9091,0.750000000000011);
#3130=VECTOR('',#9098,0.749999999999993);
#3131=VECTOR('',#9105,0.749999999999993);
#3132=VECTOR('',#9112,0.750000000000002);
#3133=VECTOR('',#9119,0.750000000000011);
#3134=VECTOR('',#9126,0.749999999999997);
#3135=VECTOR('',#9133,0.749999999999993);
#3136=VECTOR('',#9140,0.749999999999993);
#3137=VECTOR('',#9147,0.750000000000002);
#3138=VECTOR('',#9154,0.749999999999993);
#3139=VECTOR('',#9161,0.749999999999993);
#3140=VECTOR('',#9168,0.750000000000011);
#3141=VECTOR('',#9175,0.750000000000002);
#3142=VECTOR('',#9182,0.749999999999993);
#3143=VECTOR('',#9189,0.749999999999993);
#3144=VECTOR('',#9196,0.749999999999993);
#3145=VECTOR('',#9203,0.749999999999993);
#3146=VECTOR('',#9210,0.749999999999993);
#3147=VECTOR('',#9217,0.750000000000011);
#3148=VECTOR('',#9224,0.750000000000002);
#3149=VECTOR('',#9231,0.749999999999993);
#3150=VECTOR('',#9238,0.749999999999993);
#3151=VECTOR('',#9245,0.750000000000002);
#3152=VECTOR('',#9252,0.749999999999993);
#3153=VECTOR('',#9259,0.749999999999993);
#3154=VECTOR('',#9266,0.749999999999994);
#3155=VECTOR('',#9273,0.749999999999993);
#3156=VECTOR('',#9280,0.749999999999996);
#3157=VECTOR('',#9287,0.749999999999992);
#3158=VECTOR('',#9294,0.749999999999993);
#3159=VECTOR('',#9301,0.749999999999996);
#3160=VECTOR('',#9308,0.75);
#3161=VECTOR('',#9315,0.750000000000002);
#3162=VECTOR('',#9322,0.749999999999993);
#3163=VECTOR('',#9329,0.749999999999993);
#3164=VECTOR('',#9336,0.749999999999993);
#3165=VECTOR('',#9343,0.749999999999993);
#3166=VECTOR('',#9350,0.750000000000011);
#3167=VECTOR('',#9357,0.750000000000002);
#3168=VECTOR('',#9364,0.749999999999995);
#3169=VECTOR('',#9371,0.749999999999996);
#3170=VECTOR('',#9378,0.750000000000006);
#3171=VECTOR('',#9385,0.750000000000004);
#3172=VECTOR('',#9392,0.749999999999996);
#3173=VECTOR('',#9399,0.750000000000001);
#3174=VECTOR('',#9406,0.750000000000006);
#3175=VECTOR('',#9413,0.749999999999997);
#3176=VECTOR('',#9420,0.749999999999995);
#3177=VECTOR('',#9427,0.749999999999993);
#3178=VECTOR('',#9434,0.750000000000002);
#3179=VECTOR('',#9441,0.750000000000002);
#3180=VECTOR('',#9448,0.750000000000005);
#3181=VECTOR('',#9455,0.749999999999997);
#3182=VECTOR('',#9462,0.749999999999997);
#3183=VECTOR('',#9469,0.749999999999996);
#3184=VECTOR('',#9476,0.749999999999995);
#3185=VECTOR('',#9483,0.749999999999995);
#3186=VECTOR('',#9490,0.749999999999997);
#3187=VECTOR('',#9497,0.749999999999996);
#3188=VECTOR('',#9504,0.75);
#3189=VECTOR('',#9511,0.749999999999997);
#3190=VECTOR('',#9518,0.749999999999993);
#3191=VECTOR('',#9525,0.749999999999993);
#3192=VECTOR('',#9532,0.750000000000011);
#3193=VECTOR('',#9539,0.749999999999993);
#3194=VECTOR('',#9546,0.749999999999993);
#3195=VECTOR('',#9553,0.750000000000002);
#3196=VECTOR('',#9560,0.750000000000011);
#3197=VECTOR('',#9567,0.749999999999993);
#3198=VECTOR('',#9574,0.750000000000005);
#3199=VECTOR('',#9581,0.749999999999996);
#3200=VECTOR('',#9588,0.750000000000001);
#3201=VECTOR('',#9595,0.749999999999993);
#3202=VECTOR('',#9602,0.749999999999995);
#3203=VECTOR('',#9609,0.75);
#3204=VECTOR('',#9616,0.749999999999995);
#3205=VECTOR('',#9623,0.750000000000002);
#3206=VECTOR('',#9630,0.749999999999993);
#3207=VECTOR('',#9637,0.749999999999993);
#3208=VECTOR('',#9644,0.749999999999993);
#3209=VECTOR('',#9651,0.750000000000002);
#3210=VECTOR('',#9658,0.749999999999993);
#3211=VECTOR('',#9665,0.749999999999993);
#3212=VECTOR('',#9672,0.749999999999993);
#3213=VECTOR('',#9679,0.750000000000002);
#3214=VECTOR('',#9686,0.749999999999993);
#3215=VECTOR('',#9693,0.750000000000002);
#3216=VECTOR('',#9700,0.749999999999993);
#3217=VECTOR('',#9707,0.749999999999993);
#3218=VECTOR('',#9714,0.749999999999993);
#3219=VECTOR('',#9721,0.749999999999993);
#3220=VECTOR('',#9728,0.749999999999993);
#3221=VECTOR('',#9735,0.749999999999993);
#3222=VECTOR('',#9742,0.750000000000011);
#3223=VECTOR('',#9749,0.749999999999993);
#3224=VECTOR('',#9756,0.749999999999993);
#3225=VECTOR('',#9763,0.749999999999993);
#3226=VECTOR('',#9770,0.750000000000011);
#3227=VECTOR('',#9777,0.750000000000011);
#3228=VECTOR('',#9784,0.750000000000011);
#3229=VECTOR('',#9791,0.749999999999993);
#3230=VECTOR('',#9798,0.749999999999993);
#3231=VECTOR('',#9805,0.749999999999993);
#3232=VECTOR('',#9812,0.749999999999993);
#3233=VECTOR('',#9819,0.749999999999993);
#3234=VECTOR('',#9826,0.749999999999993);
#3235=VECTOR('',#9833,0.749999999999995);
#3236=VECTOR('',#9840,0.749999999999997);
#3237=VECTOR('',#9847,0.749999999999995);
#3238=VECTOR('',#9854,0.749999999999993);
#3239=VECTOR('',#9861,0.749999999999996);
#3240=VECTOR('',#9868,0.749999999999996);
#3241=VECTOR('',#9875,0.749999999999997);
#3242=VECTOR('',#9880,10.);
#3243=VECTOR('',#9881,10.);
#3244=VECTOR('',#9882,10.);
#3245=VECTOR('',#9883,10.);
#3246=VECTOR('',#9886,10.);
#3247=VECTOR('',#9887,10.);
#3248=VECTOR('',#9888,10.);
#3249=VECTOR('',#9891,10.);
#3250=VECTOR('',#9892,10.);
#3251=VECTOR('',#9893,10.);
#3252=VECTOR('',#9894,10.);
#3253=VECTOR('',#9897,10.);
#3254=VECTOR('',#9898,10.);
#3255=VECTOR('',#9899,10.);
#3256=VECTOR('',#9900,10.);
#3257=VECTOR('',#9903,10.);
#3258=VECTOR('',#9904,10.);
#3259=VECTOR('',#9905,10.);
#3260=VECTOR('',#9906,10.);
#3261=VECTOR('',#9907,10.);
#3262=VECTOR('',#9908,10.);
#3263=VECTOR('',#9909,10.);
#3264=VECTOR('',#9914,10.);
#3265=VECTOR('',#9919,10.);
#3266=VECTOR('',#9920,10.);
#3267=VECTOR('',#9921,10.);
#3268=VECTOR('',#9922,10.);
#3269=VECTOR('',#9923,10.);
#3270=VECTOR('',#9926,10.);
#3271=VECTOR('',#9929,10.);
#3272=VECTOR('',#9932,10.);
#3273=VECTOR('',#9945,10.);
#3274=VECTOR('',#9948,10.);
#3275=VECTOR('',#9951,10.);
#3276=VECTOR('',#9954,10.);
#3277=VECTOR('',#9955,10.);
#3278=VECTOR('',#9960,10.);
#3279=VECTOR('',#9967,10.);
#3280=VECTOR('',#9968,10.);
#3281=VECTOR('',#9969,10.);
#3282=VECTOR('',#9972,10.);
#3283=VECTOR('',#9975,10.);
#3284=VECTOR('',#9980,3.00000000000001);
#3285=VECTOR('',#9987,2.99999999999999);
#3286=VECTOR('',#9994,10.);
#3287=VECTOR('',#9997,10.);
#3288=VECTOR('',#10002,1.7);
#3289=VECTOR('',#10009,1.7);
#3290=VECTOR('',#10016,1.7);
#3291=VECTOR('',#10023,1.7);
#3292=VERTEX_POINT('',#10030);
#3293=VERTEX_POINT('',#10031);
#3294=VERTEX_POINT('',#10033);
#3295=VERTEX_POINT('',#10035);
#3296=VERTEX_POINT('',#10039);
#3297=VERTEX_POINT('',#10041);
#3298=VERTEX_POINT('',#10045);
#3299=VERTEX_POINT('',#10047);
#3300=VERTEX_POINT('',#10055);
#3301=VERTEX_POINT('',#10056);
#3302=VERTEX_POINT('',#10058);
#3303=VERTEX_POINT('',#10060);
#3304=VERTEX_POINT('',#10064);
#3305=VERTEX_POINT('',#10066);
#3306=VERTEX_POINT('',#10070);
#3307=VERTEX_POINT('',#10072);
#3308=VERTEX_POINT('',#10080);
#3309=VERTEX_POINT('',#10081);
#3310=VERTEX_POINT('',#10083);
#3311=VERTEX_POINT('',#10085);
#3312=VERTEX_POINT('',#10089);
#3313=VERTEX_POINT('',#10091);
#3314=VERTEX_POINT('',#10095);
#3315=VERTEX_POINT('',#10097);
#3316=VERTEX_POINT('',#10105);
#3317=VERTEX_POINT('',#10106);
#3318=VERTEX_POINT('',#10108);
#3319=VERTEX_POINT('',#10110);
#3320=VERTEX_POINT('',#10114);
#3321=VERTEX_POINT('',#10116);
#3322=VERTEX_POINT('',#10120);
#3323=VERTEX_POINT('',#10122);
#3324=VERTEX_POINT('',#10130);
#3325=VERTEX_POINT('',#10131);
#3326=VERTEX_POINT('',#10133);
#3327=VERTEX_POINT('',#10135);
#3328=VERTEX_POINT('',#10139);
#3329=VERTEX_POINT('',#10141);
#3330=VERTEX_POINT('',#10145);
#3331=VERTEX_POINT('',#10147);
#3332=VERTEX_POINT('',#10155);
#3333=VERTEX_POINT('',#10156);
#3334=VERTEX_POINT('',#10158);
#3335=VERTEX_POINT('',#10160);
#3336=VERTEX_POINT('',#10164);
#3337=VERTEX_POINT('',#10166);
#3338=VERTEX_POINT('',#10170);
#3339=VERTEX_POINT('',#10172);
#3340=VERTEX_POINT('',#10180);
#3341=VERTEX_POINT('',#10181);
#3342=VERTEX_POINT('',#10183);
#3343=VERTEX_POINT('',#10185);
#3344=VERTEX_POINT('',#10189);
#3345=VERTEX_POINT('',#10191);
#3346=VERTEX_POINT('',#10195);
#3347=VERTEX_POINT('',#10197);
#3348=VERTEX_POINT('',#10205);
#3349=VERTEX_POINT('',#10206);
#3350=VERTEX_POINT('',#10208);
#3351=VERTEX_POINT('',#10210);
#3352=VERTEX_POINT('',#10214);
#3353=VERTEX_POINT('',#10216);
#3354=VERTEX_POINT('',#10220);
#3355=VERTEX_POINT('',#10222);
#3356=VERTEX_POINT('',#10230);
#3357=VERTEX_POINT('',#10232);
#3358=VERTEX_POINT('',#10236);
#3359=VERTEX_POINT('',#10238);
#3360=VERTEX_POINT('',#10242);
#3361=VERTEX_POINT('',#10244);
#3362=VERTEX_POINT('',#10248);
#3363=VERTEX_POINT('',#10250);
#3364=VERTEX_POINT('',#10254);
#3365=VERTEX_POINT('',#10256);
#3366=VERTEX_POINT('',#10260);
#3367=VERTEX_POINT('',#10262);
#3368=VERTEX_POINT('',#10266);
#3369=VERTEX_POINT('',#10268);
#3370=VERTEX_POINT('',#10272);
#3371=VERTEX_POINT('',#10274);
#3372=VERTEX_POINT('',#10278);
#3373=VERTEX_POINT('',#10280);
#3374=VERTEX_POINT('',#10284);
#3375=VERTEX_POINT('',#10286);
#3376=VERTEX_POINT('',#10290);
#3377=VERTEX_POINT('',#10292);
#3378=VERTEX_POINT('',#10296);
#3379=VERTEX_POINT('',#10298);
#3380=VERTEX_POINT('',#10302);
#3381=VERTEX_POINT('',#10304);
#3382=VERTEX_POINT('',#10308);
#3383=VERTEX_POINT('',#10310);
#3384=VERTEX_POINT('',#10314);
#3385=VERTEX_POINT('',#10316);
#3386=VERTEX_POINT('',#10320);
#3387=VERTEX_POINT('',#10322);
#3388=VERTEX_POINT('',#10326);
#3389=VERTEX_POINT('',#10328);
#3390=VERTEX_POINT('',#10332);
#3391=VERTEX_POINT('',#10334);
#3392=VERTEX_POINT('',#10338);
#3393=VERTEX_POINT('',#10340);
#3394=VERTEX_POINT('',#10344);
#3395=VERTEX_POINT('',#10346);
#3396=VERTEX_POINT('',#10350);
#3397=VERTEX_POINT('',#10352);
#3398=VERTEX_POINT('',#10356);
#3399=VERTEX_POINT('',#10358);
#3400=VERTEX_POINT('',#10362);
#3401=VERTEX_POINT('',#10364);
#3402=VERTEX_POINT('',#10368);
#3403=VERTEX_POINT('',#10370);
#3404=VERTEX_POINT('',#10374);
#3405=VERTEX_POINT('',#10376);
#3406=VERTEX_POINT('',#10380);
#3407=VERTEX_POINT('',#10382);
#3408=VERTEX_POINT('',#10386);
#3409=VERTEX_POINT('',#10388);
#3410=VERTEX_POINT('',#10392);
#3411=VERTEX_POINT('',#10394);
#3412=VERTEX_POINT('',#10398);
#3413=VERTEX_POINT('',#10400);
#3414=VERTEX_POINT('',#10404);
#3415=VERTEX_POINT('',#10406);
#3416=VERTEX_POINT('',#10410);
#3417=VERTEX_POINT('',#10412);
#3418=VERTEX_POINT('',#10416);
#3419=VERTEX_POINT('',#10418);
#3420=VERTEX_POINT('',#10422);
#3421=VERTEX_POINT('',#10424);
#3422=VERTEX_POINT('',#10428);
#3423=VERTEX_POINT('',#10430);
#3424=VERTEX_POINT('',#10434);
#3425=VERTEX_POINT('',#10436);
#3426=VERTEX_POINT('',#10440);
#3427=VERTEX_POINT('',#10442);
#3428=VERTEX_POINT('',#10446);
#3429=VERTEX_POINT('',#10448);
#3430=VERTEX_POINT('',#10452);
#3431=VERTEX_POINT('',#10454);
#3432=VERTEX_POINT('',#10458);
#3433=VERTEX_POINT('',#10460);
#3434=VERTEX_POINT('',#10464);
#3435=VERTEX_POINT('',#10466);
#3436=VERTEX_POINT('',#10470);
#3437=VERTEX_POINT('',#10472);
#3438=VERTEX_POINT('',#10476);
#3439=VERTEX_POINT('',#10478);
#3440=VERTEX_POINT('',#10482);
#3441=VERTEX_POINT('',#10484);
#3442=VERTEX_POINT('',#10488);
#3443=VERTEX_POINT('',#10490);
#3444=VERTEX_POINT('',#10494);
#3445=VERTEX_POINT('',#10496);
#3446=VERTEX_POINT('',#10500);
#3447=VERTEX_POINT('',#10502);
#3448=VERTEX_POINT('',#10506);
#3449=VERTEX_POINT('',#10508);
#3450=VERTEX_POINT('',#10512);
#3451=VERTEX_POINT('',#10514);
#3452=VERTEX_POINT('',#10518);
#3453=VERTEX_POINT('',#10520);
#3454=VERTEX_POINT('',#10524);
#3455=VERTEX_POINT('',#10526);
#3456=VERTEX_POINT('',#10530);
#3457=VERTEX_POINT('',#10532);
#3458=VERTEX_POINT('',#10536);
#3459=VERTEX_POINT('',#10538);
#3460=VERTEX_POINT('',#10542);
#3461=VERTEX_POINT('',#10544);
#3462=VERTEX_POINT('',#10548);
#3463=VERTEX_POINT('',#10550);
#3464=VERTEX_POINT('',#10554);
#3465=VERTEX_POINT('',#10556);
#3466=VERTEX_POINT('',#10560);
#3467=VERTEX_POINT('',#10562);
#3468=VERTEX_POINT('',#10566);
#3469=VERTEX_POINT('',#10568);
#3470=VERTEX_POINT('',#10572);
#3471=VERTEX_POINT('',#10574);
#3472=VERTEX_POINT('',#10578);
#3473=VERTEX_POINT('',#10580);
#3474=VERTEX_POINT('',#10584);
#3475=VERTEX_POINT('',#10586);
#3476=VERTEX_POINT('',#10590);
#3477=VERTEX_POINT('',#10592);
#3478=VERTEX_POINT('',#10596);
#3479=VERTEX_POINT('',#10598);
#3480=VERTEX_POINT('',#10602);
#3481=VERTEX_POINT('',#10604);
#3482=VERTEX_POINT('',#10608);
#3483=VERTEX_POINT('',#10610);
#3484=VERTEX_POINT('',#10614);
#3485=VERTEX_POINT('',#10616);
#3486=VERTEX_POINT('',#10620);
#3487=VERTEX_POINT('',#10622);
#3488=VERTEX_POINT('',#10626);
#3489=VERTEX_POINT('',#10628);
#3490=VERTEX_POINT('',#10632);
#3491=VERTEX_POINT('',#10634);
#3492=VERTEX_POINT('',#10638);
#3493=VERTEX_POINT('',#10640);
#3494=VERTEX_POINT('',#10644);
#3495=VERTEX_POINT('',#10646);
#3496=VERTEX_POINT('',#10650);
#3497=VERTEX_POINT('',#10652);
#3498=VERTEX_POINT('',#10656);
#3499=VERTEX_POINT('',#10658);
#3500=VERTEX_POINT('',#10662);
#3501=VERTEX_POINT('',#10664);
#3502=VERTEX_POINT('',#10668);
#3503=VERTEX_POINT('',#10670);
#3504=VERTEX_POINT('',#10674);
#3505=VERTEX_POINT('',#10676);
#3506=VERTEX_POINT('',#10680);
#3507=VERTEX_POINT('',#10682);
#3508=VERTEX_POINT('',#10686);
#3509=VERTEX_POINT('',#10688);
#3510=VERTEX_POINT('',#10692);
#3511=VERTEX_POINT('',#10694);
#3512=VERTEX_POINT('',#10698);
#3513=VERTEX_POINT('',#10700);
#3514=VERTEX_POINT('',#10704);
#3515=VERTEX_POINT('',#10706);
#3516=VERTEX_POINT('',#10710);
#3517=VERTEX_POINT('',#10712);
#3518=VERTEX_POINT('',#10716);
#3519=VERTEX_POINT('',#10718);
#3520=VERTEX_POINT('',#10722);
#3521=VERTEX_POINT('',#10724);
#3522=VERTEX_POINT('',#10728);
#3523=VERTEX_POINT('',#10730);
#3524=VERTEX_POINT('',#10734);
#3525=VERTEX_POINT('',#10736);
#3526=VERTEX_POINT('',#10740);
#3527=VERTEX_POINT('',#10742);
#3528=VERTEX_POINT('',#10746);
#3529=VERTEX_POINT('',#10748);
#3530=VERTEX_POINT('',#10752);
#3531=VERTEX_POINT('',#10754);
#3532=VERTEX_POINT('',#10758);
#3533=VERTEX_POINT('',#10760);
#3534=VERTEX_POINT('',#10764);
#3535=VERTEX_POINT('',#10766);
#3536=VERTEX_POINT('',#10770);
#3537=VERTEX_POINT('',#10772);
#3538=VERTEX_POINT('',#10776);
#3539=VERTEX_POINT('',#10778);
#3540=VERTEX_POINT('',#10782);
#3541=VERTEX_POINT('',#10784);
#3542=VERTEX_POINT('',#10788);
#3543=VERTEX_POINT('',#10790);
#3544=VERTEX_POINT('',#10794);
#3545=VERTEX_POINT('',#10796);
#3546=VERTEX_POINT('',#10800);
#3547=VERTEX_POINT('',#10802);
#3548=VERTEX_POINT('',#10806);
#3549=VERTEX_POINT('',#10808);
#3550=VERTEX_POINT('',#10812);
#3551=VERTEX_POINT('',#10814);
#3552=VERTEX_POINT('',#10818);
#3553=VERTEX_POINT('',#10820);
#3554=VERTEX_POINT('',#10824);
#3555=VERTEX_POINT('',#10826);
#3556=VERTEX_POINT('',#10830);
#3557=VERTEX_POINT('',#10832);
#3558=VERTEX_POINT('',#10836);
#3559=VERTEX_POINT('',#10838);
#3560=VERTEX_POINT('',#10842);
#3561=VERTEX_POINT('',#10844);
#3562=VERTEX_POINT('',#10848);
#3563=VERTEX_POINT('',#10850);
#3564=VERTEX_POINT('',#10854);
#3565=VERTEX_POINT('',#10856);
#3566=VERTEX_POINT('',#10860);
#3567=VERTEX_POINT('',#10862);
#3568=VERTEX_POINT('',#10866);
#3569=VERTEX_POINT('',#10868);
#3570=VERTEX_POINT('',#10872);
#3571=VERTEX_POINT('',#10874);
#3572=VERTEX_POINT('',#10878);
#3573=VERTEX_POINT('',#10880);
#3574=VERTEX_POINT('',#10884);
#3575=VERTEX_POINT('',#10886);
#3576=VERTEX_POINT('',#10890);
#3577=VERTEX_POINT('',#10892);
#3578=VERTEX_POINT('',#10896);
#3579=VERTEX_POINT('',#10898);
#3580=VERTEX_POINT('',#10902);
#3581=VERTEX_POINT('',#10904);
#3582=VERTEX_POINT('',#10908);
#3583=VERTEX_POINT('',#10910);
#3584=VERTEX_POINT('',#10914);
#3585=VERTEX_POINT('',#10916);
#3586=VERTEX_POINT('',#10920);
#3587=VERTEX_POINT('',#10922);
#3588=VERTEX_POINT('',#10926);
#3589=VERTEX_POINT('',#10928);
#3590=VERTEX_POINT('',#10932);
#3591=VERTEX_POINT('',#10934);
#3592=VERTEX_POINT('',#10938);
#3593=VERTEX_POINT('',#10940);
#3594=VERTEX_POINT('',#10944);
#3595=VERTEX_POINT('',#10946);
#3596=VERTEX_POINT('',#10950);
#3597=VERTEX_POINT('',#10952);
#3598=VERTEX_POINT('',#10956);
#3599=VERTEX_POINT('',#10958);
#3600=VERTEX_POINT('',#10962);
#3601=VERTEX_POINT('',#10964);
#3602=VERTEX_POINT('',#10968);
#3603=VERTEX_POINT('',#10970);
#3604=VERTEX_POINT('',#10974);
#3605=VERTEX_POINT('',#10976);
#3606=VERTEX_POINT('',#10980);
#3607=VERTEX_POINT('',#10982);
#3608=VERTEX_POINT('',#10986);
#3609=VERTEX_POINT('',#10988);
#3610=VERTEX_POINT('',#10992);
#3611=VERTEX_POINT('',#10994);
#3612=VERTEX_POINT('',#10998);
#3613=VERTEX_POINT('',#11000);
#3614=VERTEX_POINT('',#11004);
#3615=VERTEX_POINT('',#11006);
#3616=VERTEX_POINT('',#11010);
#3617=VERTEX_POINT('',#11012);
#3618=VERTEX_POINT('',#11016);
#3619=VERTEX_POINT('',#11018);
#3620=VERTEX_POINT('',#11022);
#3621=VERTEX_POINT('',#11024);
#3622=VERTEX_POINT('',#11028);
#3623=VERTEX_POINT('',#11030);
#3624=VERTEX_POINT('',#11034);
#3625=VERTEX_POINT('',#11036);
#3626=VERTEX_POINT('',#11040);
#3627=VERTEX_POINT('',#11042);
#3628=VERTEX_POINT('',#11046);
#3629=VERTEX_POINT('',#11048);
#3630=VERTEX_POINT('',#11052);
#3631=VERTEX_POINT('',#11054);
#3632=VERTEX_POINT('',#11058);
#3633=VERTEX_POINT('',#11060);
#3634=VERTEX_POINT('',#11064);
#3635=VERTEX_POINT('',#11066);
#3636=VERTEX_POINT('',#11070);
#3637=VERTEX_POINT('',#11072);
#3638=VERTEX_POINT('',#11076);
#3639=VERTEX_POINT('',#11078);
#3640=VERTEX_POINT('',#11082);
#3641=VERTEX_POINT('',#11084);
#3642=VERTEX_POINT('',#11088);
#3643=VERTEX_POINT('',#11090);
#3644=VERTEX_POINT('',#11094);
#3645=VERTEX_POINT('',#11096);
#3646=VERTEX_POINT('',#11100);
#3647=VERTEX_POINT('',#11102);
#3648=VERTEX_POINT('',#11106);
#3649=VERTEX_POINT('',#11108);
#3650=VERTEX_POINT('',#11112);
#3651=VERTEX_POINT('',#11114);
#3652=VERTEX_POINT('',#11118);
#3653=VERTEX_POINT('',#11120);
#3654=VERTEX_POINT('',#11124);
#3655=VERTEX_POINT('',#11126);
#3656=VERTEX_POINT('',#11130);
#3657=VERTEX_POINT('',#11132);
#3658=VERTEX_POINT('',#11136);
#3659=VERTEX_POINT('',#11138);
#3660=VERTEX_POINT('',#11142);
#3661=VERTEX_POINT('',#11144);
#3662=VERTEX_POINT('',#11148);
#3663=VERTEX_POINT('',#11150);
#3664=VERTEX_POINT('',#11154);
#3665=VERTEX_POINT('',#11156);
#3666=VERTEX_POINT('',#11160);
#3667=VERTEX_POINT('',#11162);
#3668=VERTEX_POINT('',#11166);
#3669=VERTEX_POINT('',#11168);
#3670=VERTEX_POINT('',#11172);
#3671=VERTEX_POINT('',#11174);
#3672=VERTEX_POINT('',#11178);
#3673=VERTEX_POINT('',#11180);
#3674=VERTEX_POINT('',#11184);
#3675=VERTEX_POINT('',#11186);
#3676=VERTEX_POINT('',#11190);
#3677=VERTEX_POINT('',#11192);
#3678=VERTEX_POINT('',#11196);
#3679=VERTEX_POINT('',#11198);
#3680=VERTEX_POINT('',#11202);
#3681=VERTEX_POINT('',#11204);
#3682=VERTEX_POINT('',#11208);
#3683=VERTEX_POINT('',#11210);
#3684=VERTEX_POINT('',#11214);
#3685=VERTEX_POINT('',#11216);
#3686=VERTEX_POINT('',#11220);
#3687=VERTEX_POINT('',#11222);
#3688=VERTEX_POINT('',#11226);
#3689=VERTEX_POINT('',#11228);
#3690=VERTEX_POINT('',#11232);
#3691=VERTEX_POINT('',#11234);
#3692=VERTEX_POINT('',#11238);
#3693=VERTEX_POINT('',#11240);
#3694=VERTEX_POINT('',#11244);
#3695=VERTEX_POINT('',#11246);
#3696=VERTEX_POINT('',#11250);
#3697=VERTEX_POINT('',#11252);
#3698=VERTEX_POINT('',#11256);
#3699=VERTEX_POINT('',#11258);
#3700=VERTEX_POINT('',#11262);
#3701=VERTEX_POINT('',#11264);
#3702=VERTEX_POINT('',#11268);
#3703=VERTEX_POINT('',#11270);
#3704=VERTEX_POINT('',#11274);
#3705=VERTEX_POINT('',#11276);
#3706=VERTEX_POINT('',#11280);
#3707=VERTEX_POINT('',#11282);
#3708=VERTEX_POINT('',#11286);
#3709=VERTEX_POINT('',#11288);
#3710=VERTEX_POINT('',#11292);
#3711=VERTEX_POINT('',#11294);
#3712=VERTEX_POINT('',#11298);
#3713=VERTEX_POINT('',#11300);
#3714=VERTEX_POINT('',#11304);
#3715=VERTEX_POINT('',#11306);
#3716=VERTEX_POINT('',#11310);
#3717=VERTEX_POINT('',#11312);
#3718=VERTEX_POINT('',#11316);
#3719=VERTEX_POINT('',#11318);
#3720=VERTEX_POINT('',#11322);
#3721=VERTEX_POINT('',#11324);
#3722=VERTEX_POINT('',#11328);
#3723=VERTEX_POINT('',#11330);
#3724=VERTEX_POINT('',#11334);
#3725=VERTEX_POINT('',#11336);
#3726=VERTEX_POINT('',#11340);
#3727=VERTEX_POINT('',#11342);
#3728=VERTEX_POINT('',#11346);
#3729=VERTEX_POINT('',#11348);
#3730=VERTEX_POINT('',#11352);
#3731=VERTEX_POINT('',#11354);
#3732=VERTEX_POINT('',#11358);
#3733=VERTEX_POINT('',#11360);
#3734=VERTEX_POINT('',#11364);
#3735=VERTEX_POINT('',#11366);
#3736=VERTEX_POINT('',#11370);
#3737=VERTEX_POINT('',#11372);
#3738=VERTEX_POINT('',#11376);
#3739=VERTEX_POINT('',#11378);
#3740=VERTEX_POINT('',#11382);
#3741=VERTEX_POINT('',#11384);
#3742=VERTEX_POINT('',#11388);
#3743=VERTEX_POINT('',#11390);
#3744=VERTEX_POINT('',#11394);
#3745=VERTEX_POINT('',#11396);
#3746=VERTEX_POINT('',#11400);
#3747=VERTEX_POINT('',#11402);
#3748=VERTEX_POINT('',#11406);
#3749=VERTEX_POINT('',#11408);
#3750=VERTEX_POINT('',#11412);
#3751=VERTEX_POINT('',#11414);
#3752=VERTEX_POINT('',#11418);
#3753=VERTEX_POINT('',#11420);
#3754=VERTEX_POINT('',#11424);
#3755=VERTEX_POINT('',#11426);
#3756=VERTEX_POINT('',#11430);
#3757=VERTEX_POINT('',#11432);
#3758=VERTEX_POINT('',#11436);
#3759=VERTEX_POINT('',#11438);
#3760=VERTEX_POINT('',#11442);
#3761=VERTEX_POINT('',#11444);
#3762=VERTEX_POINT('',#11448);
#3763=VERTEX_POINT('',#11450);
#3764=VERTEX_POINT('',#11454);
#3765=VERTEX_POINT('',#11456);
#3766=VERTEX_POINT('',#11460);
#3767=VERTEX_POINT('',#11462);
#3768=VERTEX_POINT('',#11466);
#3769=VERTEX_POINT('',#11468);
#3770=VERTEX_POINT('',#11472);
#3771=VERTEX_POINT('',#11474);
#3772=VERTEX_POINT('',#11478);
#3773=VERTEX_POINT('',#11480);
#3774=VERTEX_POINT('',#11484);
#3775=VERTEX_POINT('',#11486);
#3776=VERTEX_POINT('',#11490);
#3777=VERTEX_POINT('',#11492);
#3778=VERTEX_POINT('',#11496);
#3779=VERTEX_POINT('',#11498);
#3780=VERTEX_POINT('',#11502);
#3781=VERTEX_POINT('',#11504);
#3782=VERTEX_POINT('',#11508);
#3783=VERTEX_POINT('',#11510);
#3784=VERTEX_POINT('',#11514);
#3785=VERTEX_POINT('',#11516);
#3786=VERTEX_POINT('',#11520);
#3787=VERTEX_POINT('',#11522);
#3788=VERTEX_POINT('',#11526);
#3789=VERTEX_POINT('',#11528);
#3790=VERTEX_POINT('',#11532);
#3791=VERTEX_POINT('',#11534);
#3792=VERTEX_POINT('',#11538);
#3793=VERTEX_POINT('',#11540);
#3794=VERTEX_POINT('',#11544);
#3795=VERTEX_POINT('',#11546);
#3796=VERTEX_POINT('',#11550);
#3797=VERTEX_POINT('',#11552);
#3798=VERTEX_POINT('',#11556);
#3799=VERTEX_POINT('',#11558);
#3800=VERTEX_POINT('',#11562);
#3801=VERTEX_POINT('',#11564);
#3802=VERTEX_POINT('',#11568);
#3803=VERTEX_POINT('',#11570);
#3804=VERTEX_POINT('',#11574);
#3805=VERTEX_POINT('',#11576);
#3806=VERTEX_POINT('',#11580);
#3807=VERTEX_POINT('',#11582);
#3808=VERTEX_POINT('',#11586);
#3809=VERTEX_POINT('',#11588);
#3810=VERTEX_POINT('',#11592);
#3811=VERTEX_POINT('',#11594);
#3812=VERTEX_POINT('',#11598);
#3813=VERTEX_POINT('',#11600);
#3814=VERTEX_POINT('',#11604);
#3815=VERTEX_POINT('',#11606);
#3816=VERTEX_POINT('',#11610);
#3817=VERTEX_POINT('',#11612);
#3818=VERTEX_POINT('',#11616);
#3819=VERTEX_POINT('',#11618);
#3820=VERTEX_POINT('',#11622);
#3821=VERTEX_POINT('',#11624);
#3822=VERTEX_POINT('',#11628);
#3823=VERTEX_POINT('',#11630);
#3824=VERTEX_POINT('',#11634);
#3825=VERTEX_POINT('',#11636);
#3826=VERTEX_POINT('',#11640);
#3827=VERTEX_POINT('',#11642);
#3828=VERTEX_POINT('',#11646);
#3829=VERTEX_POINT('',#11648);
#3830=VERTEX_POINT('',#11652);
#3831=VERTEX_POINT('',#11654);
#3832=VERTEX_POINT('',#11658);
#3833=VERTEX_POINT('',#11660);
#3834=VERTEX_POINT('',#11664);
#3835=VERTEX_POINT('',#11666);
#3836=VERTEX_POINT('',#11670);
#3837=VERTEX_POINT('',#11672);
#3838=VERTEX_POINT('',#11676);
#3839=VERTEX_POINT('',#11678);
#3840=VERTEX_POINT('',#11682);
#3841=VERTEX_POINT('',#11684);
#3842=VERTEX_POINT('',#11688);
#3843=VERTEX_POINT('',#11690);
#3844=VERTEX_POINT('',#11694);
#3845=VERTEX_POINT('',#11696);
#3846=VERTEX_POINT('',#11700);
#3847=VERTEX_POINT('',#11702);
#3848=VERTEX_POINT('',#11706);
#3849=VERTEX_POINT('',#11708);
#3850=VERTEX_POINT('',#11712);
#3851=VERTEX_POINT('',#11714);
#3852=VERTEX_POINT('',#11718);
#3853=VERTEX_POINT('',#11720);
#3854=VERTEX_POINT('',#11724);
#3855=VERTEX_POINT('',#11726);
#3856=VERTEX_POINT('',#11730);
#3857=VERTEX_POINT('',#11732);
#3858=VERTEX_POINT('',#11736);
#3859=VERTEX_POINT('',#11738);
#3860=VERTEX_POINT('',#11742);
#3861=VERTEX_POINT('',#11744);
#3862=VERTEX_POINT('',#11748);
#3863=VERTEX_POINT('',#11749);
#3864=VERTEX_POINT('',#11751);
#3865=VERTEX_POINT('',#11753);
#3866=VERTEX_POINT('',#11757);
#3867=VERTEX_POINT('',#11759);
#3868=VERTEX_POINT('',#11763);
#3869=VERTEX_POINT('',#11765);
#3870=VERTEX_POINT('',#11767);
#3871=VERTEX_POINT('',#11771);
#3872=VERTEX_POINT('',#11773);
#3873=VERTEX_POINT('',#11775);
#3874=VERTEX_POINT('',#11779);
#3875=VERTEX_POINT('',#11781);
#3876=VERTEX_POINT('',#11783);
#3877=VERTEX_POINT('',#11785);
#3878=VERTEX_POINT('',#11787);
#3879=VERTEX_POINT('',#11789);
#3880=VERTEX_POINT('',#11793);
#3881=VERTEX_POINT('',#11795);
#3882=VERTEX_POINT('',#11800);
#3883=VERTEX_POINT('',#11802);
#3884=VERTEX_POINT('',#11806);
#3885=VERTEX_POINT('',#11808);
#3886=VERTEX_POINT('',#11810);
#3887=VERTEX_POINT('',#11812);
#3888=VERTEX_POINT('',#11814);
#3889=VERTEX_POINT('',#11817);
#3890=VERTEX_POINT('',#11819);
#3891=VERTEX_POINT('',#11821);
#3892=VERTEX_POINT('',#11823);
#3893=VERTEX_POINT('',#11826);
#3894=VERTEX_POINT('',#11830);
#3895=VERTEX_POINT('',#11832);
#3896=VERTEX_POINT('',#11836);
#3897=VERTEX_POINT('',#11840);
#3898=VERTEX_POINT('',#11846);
#3899=VERTEX_POINT('',#11848);
#3900=VERTEX_POINT('',#11856);
#3901=VERTEX_POINT('',#11858);
#3902=VERTEX_POINT('',#11862);
#3903=VERTEX_POINT('',#11864);
#3904=VERTEX_POINT('',#11874);
#3905=VERTEX_POINT('',#11879);
#3906=VERTEX_POINT('',#11884);
#3907=VERTEX_POINT('',#11889);
#3908=EDGE_CURVE('',#3292,#3293,#2494,.T.);
#3909=EDGE_CURVE('',#3292,#3294,#2495,.T.);
#3910=EDGE_CURVE('',#3295,#3294,#2496,.T.);
#3911=EDGE_CURVE('',#3293,#3295,#2497,.T.);
#3912=EDGE_CURVE('',#3293,#3296,#2498,.T.);
#3913=EDGE_CURVE('',#3297,#3295,#2499,.T.);
#3914=EDGE_CURVE('',#3296,#3297,#2500,.T.);
#3915=EDGE_CURVE('',#3296,#3298,#2501,.T.);
#3916=EDGE_CURVE('',#3299,#3297,#2502,.T.);
#3917=EDGE_CURVE('',#3298,#3299,#2503,.T.);
#3918=EDGE_CURVE('',#3298,#3292,#2504,.T.);
#3919=EDGE_CURVE('',#3294,#3299,#2505,.T.);
#3920=EDGE_CURVE('',#3300,#3301,#2506,.T.);
#3921=EDGE_CURVE('',#3300,#3302,#2507,.T.);
#3922=EDGE_CURVE('',#3303,#3302,#2508,.T.);
#3923=EDGE_CURVE('',#3301,#3303,#2509,.T.);
#3924=EDGE_CURVE('',#3301,#3304,#2510,.T.);
#3925=EDGE_CURVE('',#3305,#3303,#2511,.T.);
#3926=EDGE_CURVE('',#3304,#3305,#2512,.T.);
#3927=EDGE_CURVE('',#3304,#3306,#2513,.T.);
#3928=EDGE_CURVE('',#3307,#3305,#2514,.T.);
#3929=EDGE_CURVE('',#3306,#3307,#2515,.T.);
#3930=EDGE_CURVE('',#3306,#3300,#2516,.T.);
#3931=EDGE_CURVE('',#3302,#3307,#2517,.T.);
#3932=EDGE_CURVE('',#3308,#3309,#2518,.T.);
#3933=EDGE_CURVE('',#3308,#3310,#2519,.T.);
#3934=EDGE_CURVE('',#3311,#3310,#2520,.T.);
#3935=EDGE_CURVE('',#3309,#3311,#2521,.T.);
#3936=EDGE_CURVE('',#3309,#3312,#2522,.T.);
#3937=EDGE_CURVE('',#3313,#3311,#2523,.T.);
#3938=EDGE_CURVE('',#3312,#3313,#2524,.T.);
#3939=EDGE_CURVE('',#3312,#3314,#2525,.T.);
#3940=EDGE_CURVE('',#3315,#3313,#2526,.T.);
#3941=EDGE_CURVE('',#3314,#3315,#2527,.T.);
#3942=EDGE_CURVE('',#3314,#3308,#2528,.T.);
#3943=EDGE_CURVE('',#3310,#3315,#2529,.T.);
#3944=EDGE_CURVE('',#3316,#3317,#2530,.T.);
#3945=EDGE_CURVE('',#3316,#3318,#2531,.T.);
#3946=EDGE_CURVE('',#3319,#3318,#2532,.T.);
#3947=EDGE_CURVE('',#3317,#3319,#2533,.T.);
#3948=EDGE_CURVE('',#3317,#3320,#2534,.T.);
#3949=EDGE_CURVE('',#3321,#3319,#2535,.T.);
#3950=EDGE_CURVE('',#3320,#3321,#2536,.T.);
#3951=EDGE_CURVE('',#3320,#3322,#2537,.T.);
#3952=EDGE_CURVE('',#3323,#3321,#2538,.T.);
#3953=EDGE_CURVE('',#3322,#3323,#2539,.T.);
#3954=EDGE_CURVE('',#3322,#3316,#2540,.T.);
#3955=EDGE_CURVE('',#3318,#3323,#2541,.T.);
#3956=EDGE_CURVE('',#3324,#3325,#2542,.T.);
#3957=EDGE_CURVE('',#3324,#3326,#2543,.T.);
#3958=EDGE_CURVE('',#3327,#3326,#2544,.T.);
#3959=EDGE_CURVE('',#3325,#3327,#2545,.T.);
#3960=EDGE_CURVE('',#3325,#3328,#2546,.T.);
#3961=EDGE_CURVE('',#3329,#3327,#2547,.T.);
#3962=EDGE_CURVE('',#3328,#3329,#2548,.T.);
#3963=EDGE_CURVE('',#3328,#3330,#2549,.T.);
#3964=EDGE_CURVE('',#3331,#3329,#2550,.T.);
#3965=EDGE_CURVE('',#3330,#3331,#2551,.T.);
#3966=EDGE_CURVE('',#3330,#3324,#2552,.T.);
#3967=EDGE_CURVE('',#3326,#3331,#2553,.T.);
#3968=EDGE_CURVE('',#3332,#3333,#2554,.T.);
#3969=EDGE_CURVE('',#3332,#3334,#2555,.T.);
#3970=EDGE_CURVE('',#3335,#3334,#2556,.T.);
#3971=EDGE_CURVE('',#3333,#3335,#2557,.T.);
#3972=EDGE_CURVE('',#3333,#3336,#2558,.T.);
#3973=EDGE_CURVE('',#3337,#3335,#2559,.T.);
#3974=EDGE_CURVE('',#3336,#3337,#2560,.T.);
#3975=EDGE_CURVE('',#3336,#3338,#2561,.T.);
#3976=EDGE_CURVE('',#3339,#3337,#2562,.T.);
#3977=EDGE_CURVE('',#3338,#3339,#2563,.T.);
#3978=EDGE_CURVE('',#3338,#3332,#2564,.T.);
#3979=EDGE_CURVE('',#3334,#3339,#2565,.T.);
#3980=EDGE_CURVE('',#3340,#3341,#2566,.T.);
#3981=EDGE_CURVE('',#3340,#3342,#2567,.T.);
#3982=EDGE_CURVE('',#3343,#3342,#2568,.T.);
#3983=EDGE_CURVE('',#3341,#3343,#2569,.T.);
#3984=EDGE_CURVE('',#3341,#3344,#2570,.T.);
#3985=EDGE_CURVE('',#3345,#3343,#2571,.T.);
#3986=EDGE_CURVE('',#3344,#3345,#2572,.T.);
#3987=EDGE_CURVE('',#3344,#3346,#2573,.T.);
#3988=EDGE_CURVE('',#3347,#3345,#2574,.T.);
#3989=EDGE_CURVE('',#3346,#3347,#2575,.T.);
#3990=EDGE_CURVE('',#3346,#3340,#2576,.T.);
#3991=EDGE_CURVE('',#3342,#3347,#2577,.T.);
#3992=EDGE_CURVE('',#3348,#3349,#2578,.T.);
#3993=EDGE_CURVE('',#3348,#3350,#2579,.T.);
#3994=EDGE_CURVE('',#3351,#3350,#2580,.T.);
#3995=EDGE_CURVE('',#3349,#3351,#2581,.T.);
#3996=EDGE_CURVE('',#3349,#3352,#2582,.T.);
#3997=EDGE_CURVE('',#3353,#3351,#2583,.T.);
#3998=EDGE_CURVE('',#3352,#3353,#2584,.T.);
#3999=EDGE_CURVE('',#3352,#3354,#2585,.T.);
#4000=EDGE_CURVE('',#3355,#3353,#2586,.T.);
#4001=EDGE_CURVE('',#3354,#3355,#2587,.T.);
#4002=EDGE_CURVE('',#3354,#3348,#2588,.T.);
#4003=EDGE_CURVE('',#3350,#3355,#2589,.T.);
#4004=EDGE_CURVE('',#3356,#3356,#537,.T.);
#4005=EDGE_CURVE('',#3356,#3357,#2590,.T.);
#4006=EDGE_CURVE('',#3357,#3357,#538,.T.);
#4007=EDGE_CURVE('',#3358,#3358,#539,.T.);
#4008=EDGE_CURVE('',#3358,#3359,#2591,.T.);
#4009=EDGE_CURVE('',#3359,#3359,#540,.T.);
#4010=EDGE_CURVE('',#3360,#3360,#541,.T.);
#4011=EDGE_CURVE('',#3360,#3361,#2592,.T.);
#4012=EDGE_CURVE('',#3361,#3361,#542,.T.);
#4013=EDGE_CURVE('',#3362,#3362,#543,.T.);
#4014=EDGE_CURVE('',#3362,#3363,#2593,.T.);
#4015=EDGE_CURVE('',#3363,#3363,#544,.T.);
#4016=EDGE_CURVE('',#3364,#3364,#545,.T.);
#4017=EDGE_CURVE('',#3364,#3365,#2594,.T.);
#4018=EDGE_CURVE('',#3365,#3365,#546,.T.);
#4019=EDGE_CURVE('',#3366,#3366,#547,.T.);
#4020=EDGE_CURVE('',#3366,#3367,#2595,.T.);
#4021=EDGE_CURVE('',#3367,#3367,#548,.T.);
#4022=EDGE_CURVE('',#3368,#3368,#549,.T.);
#4023=EDGE_CURVE('',#3368,#3369,#2596,.T.);
#4024=EDGE_CURVE('',#3369,#3369,#550,.T.);
#4025=EDGE_CURVE('',#3370,#3370,#551,.T.);
#4026=EDGE_CURVE('',#3370,#3371,#2597,.T.);
#4027=EDGE_CURVE('',#3371,#3371,#552,.T.);
#4028=EDGE_CURVE('',#3372,#3372,#553,.T.);
#4029=EDGE_CURVE('',#3372,#3373,#2598,.T.);
#4030=EDGE_CURVE('',#3373,#3373,#554,.T.);
#4031=EDGE_CURVE('',#3374,#3374,#555,.T.);
#4032=EDGE_CURVE('',#3374,#3375,#2599,.T.);
#4033=EDGE_CURVE('',#3375,#3375,#556,.T.);
#4034=EDGE_CURVE('',#3376,#3376,#557,.T.);
#4035=EDGE_CURVE('',#3376,#3377,#2600,.T.);
#4036=EDGE_CURVE('',#3377,#3377,#558,.T.);
#4037=EDGE_CURVE('',#3378,#3378,#559,.T.);
#4038=EDGE_CURVE('',#3378,#3379,#2601,.T.);
#4039=EDGE_CURVE('',#3379,#3379,#560,.T.);
#4040=EDGE_CURVE('',#3380,#3380,#561,.T.);
#4041=EDGE_CURVE('',#3380,#3381,#2602,.T.);
#4042=EDGE_CURVE('',#3381,#3381,#562,.T.);
#4043=EDGE_CURVE('',#3382,#3382,#563,.T.);
#4044=EDGE_CURVE('',#3382,#3383,#2603,.T.);
#4045=EDGE_CURVE('',#3383,#3383,#564,.T.);
#4046=EDGE_CURVE('',#3384,#3384,#565,.T.);
#4047=EDGE_CURVE('',#3384,#3385,#2604,.T.);
#4048=EDGE_CURVE('',#3385,#3385,#566,.T.);
#4049=EDGE_CURVE('',#3386,#3386,#567,.T.);
#4050=EDGE_CURVE('',#3386,#3387,#2605,.T.);
#4051=EDGE_CURVE('',#3387,#3387,#568,.T.);
#4052=EDGE_CURVE('',#3388,#3388,#569,.T.);
#4053=EDGE_CURVE('',#3388,#3389,#2606,.T.);
#4054=EDGE_CURVE('',#3389,#3389,#570,.T.);
#4055=EDGE_CURVE('',#3390,#3390,#571,.T.);
#4056=EDGE_CURVE('',#3390,#3391,#2607,.T.);
#4057=EDGE_CURVE('',#3391,#3391,#572,.T.);
#4058=EDGE_CURVE('',#3392,#3392,#573,.T.);
#4059=EDGE_CURVE('',#3392,#3393,#2608,.T.);
#4060=EDGE_CURVE('',#3393,#3393,#574,.T.);
#4061=EDGE_CURVE('',#3394,#3394,#575,.T.);
#4062=EDGE_CURVE('',#3394,#3395,#2609,.T.);
#4063=EDGE_CURVE('',#3395,#3395,#576,.T.);
#4064=EDGE_CURVE('',#3396,#3396,#577,.T.);
#4065=EDGE_CURVE('',#3396,#3397,#2610,.T.);
#4066=EDGE_CURVE('',#3397,#3397,#578,.T.);
#4067=EDGE_CURVE('',#3398,#3398,#579,.T.);
#4068=EDGE_CURVE('',#3398,#3399,#2611,.T.);
#4069=EDGE_CURVE('',#3399,#3399,#580,.T.);
#4070=EDGE_CURVE('',#3400,#3400,#581,.T.);
#4071=EDGE_CURVE('',#3400,#3401,#2612,.T.);
#4072=EDGE_CURVE('',#3401,#3401,#582,.T.);
#4073=EDGE_CURVE('',#3402,#3402,#583,.T.);
#4074=EDGE_CURVE('',#3402,#3403,#2613,.T.);
#4075=EDGE_CURVE('',#3403,#3403,#584,.T.);
#4076=EDGE_CURVE('',#3404,#3404,#585,.T.);
#4077=EDGE_CURVE('',#3404,#3405,#2614,.T.);
#4078=EDGE_CURVE('',#3405,#3405,#586,.T.);
#4079=EDGE_CURVE('',#3406,#3406,#587,.T.);
#4080=EDGE_CURVE('',#3406,#3407,#2615,.T.);
#4081=EDGE_CURVE('',#3407,#3407,#588,.T.);
#4082=EDGE_CURVE('',#3408,#3408,#589,.T.);
#4083=EDGE_CURVE('',#3408,#3409,#2616,.T.);
#4084=EDGE_CURVE('',#3409,#3409,#590,.T.);
#4085=EDGE_CURVE('',#3410,#3410,#591,.T.);
#4086=EDGE_CURVE('',#3410,#3411,#2617,.T.);
#4087=EDGE_CURVE('',#3411,#3411,#592,.T.);
#4088=EDGE_CURVE('',#3412,#3412,#593,.T.);
#4089=EDGE_CURVE('',#3412,#3413,#2618,.T.);
#4090=EDGE_CURVE('',#3413,#3413,#594,.T.);
#4091=EDGE_CURVE('',#3414,#3414,#595,.T.);
#4092=EDGE_CURVE('',#3414,#3415,#2619,.T.);
#4093=EDGE_CURVE('',#3415,#3415,#596,.T.);
#4094=EDGE_CURVE('',#3416,#3416,#597,.T.);
#4095=EDGE_CURVE('',#3416,#3417,#2620,.T.);
#4096=EDGE_CURVE('',#3417,#3417,#598,.T.);
#4097=EDGE_CURVE('',#3418,#3418,#599,.T.);
#4098=EDGE_CURVE('',#3418,#3419,#2621,.T.);
#4099=EDGE_CURVE('',#3419,#3419,#600,.T.);
#4100=EDGE_CURVE('',#3420,#3420,#601,.T.);
#4101=EDGE_CURVE('',#3420,#3421,#2622,.T.);
#4102=EDGE_CURVE('',#3421,#3421,#602,.T.);
#4103=EDGE_CURVE('',#3422,#3422,#603,.T.);
#4104=EDGE_CURVE('',#3422,#3423,#2623,.T.);
#4105=EDGE_CURVE('',#3423,#3423,#604,.T.);
#4106=EDGE_CURVE('',#3424,#3424,#605,.T.);
#4107=EDGE_CURVE('',#3424,#3425,#2624,.T.);
#4108=EDGE_CURVE('',#3425,#3425,#606,.T.);
#4109=EDGE_CURVE('',#3426,#3426,#607,.T.);
#4110=EDGE_CURVE('',#3426,#3427,#2625,.T.);
#4111=EDGE_CURVE('',#3427,#3427,#608,.T.);
#4112=EDGE_CURVE('',#3428,#3428,#609,.T.);
#4113=EDGE_CURVE('',#3428,#3429,#2626,.T.);
#4114=EDGE_CURVE('',#3429,#3429,#610,.T.);
#4115=EDGE_CURVE('',#3430,#3430,#611,.T.);
#4116=EDGE_CURVE('',#3430,#3431,#2627,.T.);
#4117=EDGE_CURVE('',#3431,#3431,#612,.T.);
#4118=EDGE_CURVE('',#3432,#3432,#613,.T.);
#4119=EDGE_CURVE('',#3432,#3433,#2628,.T.);
#4120=EDGE_CURVE('',#3433,#3433,#614,.T.);
#4121=EDGE_CURVE('',#3434,#3434,#615,.T.);
#4122=EDGE_CURVE('',#3434,#3435,#2629,.T.);
#4123=EDGE_CURVE('',#3435,#3435,#616,.T.);
#4124=EDGE_CURVE('',#3436,#3436,#617,.T.);
#4125=EDGE_CURVE('',#3436,#3437,#2630,.T.);
#4126=EDGE_CURVE('',#3437,#3437,#618,.T.);
#4127=EDGE_CURVE('',#3438,#3438,#619,.T.);
#4128=EDGE_CURVE('',#3438,#3439,#2631,.T.);
#4129=EDGE_CURVE('',#3439,#3439,#620,.T.);
#4130=EDGE_CURVE('',#3440,#3440,#621,.T.);
#4131=EDGE_CURVE('',#3440,#3441,#2632,.T.);
#4132=EDGE_CURVE('',#3441,#3441,#622,.T.);
#4133=EDGE_CURVE('',#3442,#3442,#623,.T.);
#4134=EDGE_CURVE('',#3442,#3443,#2633,.T.);
#4135=EDGE_CURVE('',#3443,#3443,#624,.T.);
#4136=EDGE_CURVE('',#3444,#3444,#625,.T.);
#4137=EDGE_CURVE('',#3444,#3445,#2634,.T.);
#4138=EDGE_CURVE('',#3445,#3445,#626,.T.);
#4139=EDGE_CURVE('',#3446,#3446,#627,.T.);
#4140=EDGE_CURVE('',#3446,#3447,#2635,.T.);
#4141=EDGE_CURVE('',#3447,#3447,#628,.T.);
#4142=EDGE_CURVE('',#3448,#3448,#629,.T.);
#4143=EDGE_CURVE('',#3448,#3449,#2636,.T.);
#4144=EDGE_CURVE('',#3449,#3449,#630,.T.);
#4145=EDGE_CURVE('',#3450,#3450,#631,.T.);
#4146=EDGE_CURVE('',#3450,#3451,#2637,.T.);
#4147=EDGE_CURVE('',#3451,#3451,#632,.T.);
#4148=EDGE_CURVE('',#3452,#3452,#633,.T.);
#4149=EDGE_CURVE('',#3452,#3453,#2638,.T.);
#4150=EDGE_CURVE('',#3453,#3453,#634,.T.);
#4151=EDGE_CURVE('',#3454,#3454,#635,.T.);
#4152=EDGE_CURVE('',#3454,#3455,#2639,.T.);
#4153=EDGE_CURVE('',#3455,#3455,#636,.T.);
#4154=EDGE_CURVE('',#3456,#3456,#637,.T.);
#4155=EDGE_CURVE('',#3456,#3457,#2640,.T.);
#4156=EDGE_CURVE('',#3457,#3457,#638,.T.);
#4157=EDGE_CURVE('',#3458,#3458,#639,.T.);
#4158=EDGE_CURVE('',#3458,#3459,#2641,.T.);
#4159=EDGE_CURVE('',#3459,#3459,#640,.T.);
#4160=EDGE_CURVE('',#3460,#3460,#641,.T.);
#4161=EDGE_CURVE('',#3460,#3461,#2642,.T.);
#4162=EDGE_CURVE('',#3461,#3461,#642,.T.);
#4163=EDGE_CURVE('',#3462,#3462,#643,.T.);
#4164=EDGE_CURVE('',#3462,#3463,#2643,.T.);
#4165=EDGE_CURVE('',#3463,#3463,#644,.T.);
#4166=EDGE_CURVE('',#3464,#3464,#645,.T.);
#4167=EDGE_CURVE('',#3464,#3465,#2644,.T.);
#4168=EDGE_CURVE('',#3465,#3465,#646,.T.);
#4169=EDGE_CURVE('',#3466,#3466,#647,.T.);
#4170=EDGE_CURVE('',#3466,#3467,#2645,.T.);
#4171=EDGE_CURVE('',#3467,#3467,#648,.T.);
#4172=EDGE_CURVE('',#3468,#3468,#649,.T.);
#4173=EDGE_CURVE('',#3468,#3469,#2646,.T.);
#4174=EDGE_CURVE('',#3469,#3469,#650,.T.);
#4175=EDGE_CURVE('',#3470,#3470,#651,.T.);
#4176=EDGE_CURVE('',#3470,#3471,#2647,.T.);
#4177=EDGE_CURVE('',#3471,#3471,#652,.T.);
#4178=EDGE_CURVE('',#3472,#3472,#653,.T.);
#4179=EDGE_CURVE('',#3472,#3473,#2648,.T.);
#4180=EDGE_CURVE('',#3473,#3473,#654,.T.);
#4181=EDGE_CURVE('',#3474,#3474,#655,.T.);
#4182=EDGE_CURVE('',#3474,#3475,#2649,.T.);
#4183=EDGE_CURVE('',#3475,#3475,#656,.T.);
#4184=EDGE_CURVE('',#3476,#3476,#657,.T.);
#4185=EDGE_CURVE('',#3476,#3477,#2650,.T.);
#4186=EDGE_CURVE('',#3477,#3477,#658,.T.);
#4187=EDGE_CURVE('',#3478,#3478,#659,.T.);
#4188=EDGE_CURVE('',#3478,#3479,#2651,.T.);
#4189=EDGE_CURVE('',#3479,#3479,#660,.T.);
#4190=EDGE_CURVE('',#3480,#3480,#661,.T.);
#4191=EDGE_CURVE('',#3480,#3481,#2652,.T.);
#4192=EDGE_CURVE('',#3481,#3481,#662,.T.);
#4193=EDGE_CURVE('',#3482,#3482,#663,.T.);
#4194=EDGE_CURVE('',#3482,#3483,#2653,.T.);
#4195=EDGE_CURVE('',#3483,#3483,#664,.T.);
#4196=EDGE_CURVE('',#3484,#3484,#665,.T.);
#4197=EDGE_CURVE('',#3484,#3485,#2654,.T.);
#4198=EDGE_CURVE('',#3485,#3485,#666,.T.);
#4199=EDGE_CURVE('',#3486,#3486,#667,.T.);
#4200=EDGE_CURVE('',#3486,#3487,#2655,.T.);
#4201=EDGE_CURVE('',#3487,#3487,#668,.T.);
#4202=EDGE_CURVE('',#3488,#3488,#669,.T.);
#4203=EDGE_CURVE('',#3488,#3489,#2656,.T.);
#4204=EDGE_CURVE('',#3489,#3489,#670,.T.);
#4205=EDGE_CURVE('',#3490,#3490,#671,.T.);
#4206=EDGE_CURVE('',#3490,#3491,#2657,.T.);
#4207=EDGE_CURVE('',#3491,#3491,#672,.T.);
#4208=EDGE_CURVE('',#3492,#3492,#673,.T.);
#4209=EDGE_CURVE('',#3492,#3493,#2658,.T.);
#4210=EDGE_CURVE('',#3493,#3493,#674,.T.);
#4211=EDGE_CURVE('',#3494,#3494,#675,.T.);
#4212=EDGE_CURVE('',#3494,#3495,#2659,.T.);
#4213=EDGE_CURVE('',#3495,#3495,#676,.T.);
#4214=EDGE_CURVE('',#3496,#3496,#677,.T.);
#4215=EDGE_CURVE('',#3496,#3497,#2660,.T.);
#4216=EDGE_CURVE('',#3497,#3497,#678,.T.);
#4217=EDGE_CURVE('',#3498,#3498,#679,.T.);
#4218=EDGE_CURVE('',#3498,#3499,#2661,.T.);
#4219=EDGE_CURVE('',#3499,#3499,#680,.T.);
#4220=EDGE_CURVE('',#3500,#3500,#681,.T.);
#4221=EDGE_CURVE('',#3500,#3501,#2662,.T.);
#4222=EDGE_CURVE('',#3501,#3501,#682,.T.);
#4223=EDGE_CURVE('',#3502,#3502,#683,.T.);
#4224=EDGE_CURVE('',#3502,#3503,#2663,.T.);
#4225=EDGE_CURVE('',#3503,#3503,#684,.T.);
#4226=EDGE_CURVE('',#3504,#3504,#685,.T.);
#4227=EDGE_CURVE('',#3504,#3505,#2664,.T.);
#4228=EDGE_CURVE('',#3505,#3505,#686,.T.);
#4229=EDGE_CURVE('',#3506,#3506,#687,.T.);
#4230=EDGE_CURVE('',#3506,#3507,#2665,.T.);
#4231=EDGE_CURVE('',#3507,#3507,#688,.T.);
#4232=EDGE_CURVE('',#3508,#3508,#689,.T.);
#4233=EDGE_CURVE('',#3508,#3509,#2666,.T.);
#4234=EDGE_CURVE('',#3509,#3509,#690,.T.);
#4235=EDGE_CURVE('',#3510,#3510,#691,.T.);
#4236=EDGE_CURVE('',#3510,#3511,#2667,.T.);
#4237=EDGE_CURVE('',#3511,#3511,#692,.T.);
#4238=EDGE_CURVE('',#3512,#3512,#693,.T.);
#4239=EDGE_CURVE('',#3512,#3513,#2668,.T.);
#4240=EDGE_CURVE('',#3513,#3513,#694,.T.);
#4241=EDGE_CURVE('',#3514,#3514,#695,.T.);
#4242=EDGE_CURVE('',#3514,#3515,#2669,.T.);
#4243=EDGE_CURVE('',#3515,#3515,#696,.T.);
#4244=EDGE_CURVE('',#3516,#3516,#697,.T.);
#4245=EDGE_CURVE('',#3516,#3517,#2670,.T.);
#4246=EDGE_CURVE('',#3517,#3517,#698,.T.);
#4247=EDGE_CURVE('',#3518,#3518,#699,.T.);
#4248=EDGE_CURVE('',#3518,#3519,#2671,.T.);
#4249=EDGE_CURVE('',#3519,#3519,#700,.T.);
#4250=EDGE_CURVE('',#3520,#3520,#701,.T.);
#4251=EDGE_CURVE('',#3520,#3521,#2672,.T.);
#4252=EDGE_CURVE('',#3521,#3521,#702,.T.);
#4253=EDGE_CURVE('',#3522,#3522,#703,.T.);
#4254=EDGE_CURVE('',#3522,#3523,#2673,.T.);
#4255=EDGE_CURVE('',#3523,#3523,#704,.T.);
#4256=EDGE_CURVE('',#3524,#3524,#705,.T.);
#4257=EDGE_CURVE('',#3524,#3525,#2674,.T.);
#4258=EDGE_CURVE('',#3525,#3525,#706,.T.);
#4259=EDGE_CURVE('',#3526,#3526,#707,.T.);
#4260=EDGE_CURVE('',#3526,#3527,#2675,.T.);
#4261=EDGE_CURVE('',#3527,#3527,#708,.T.);
#4262=EDGE_CURVE('',#3528,#3528,#709,.T.);
#4263=EDGE_CURVE('',#3528,#3529,#2676,.T.);
#4264=EDGE_CURVE('',#3529,#3529,#710,.T.);
#4265=EDGE_CURVE('',#3530,#3530,#711,.T.);
#4266=EDGE_CURVE('',#3530,#3531,#2677,.T.);
#4267=EDGE_CURVE('',#3531,#3531,#712,.T.);
#4268=EDGE_CURVE('',#3532,#3532,#713,.T.);
#4269=EDGE_CURVE('',#3532,#3533,#2678,.T.);
#4270=EDGE_CURVE('',#3533,#3533,#714,.T.);
#4271=EDGE_CURVE('',#3534,#3534,#715,.T.);
#4272=EDGE_CURVE('',#3534,#3535,#2679,.T.);
#4273=EDGE_CURVE('',#3535,#3535,#716,.T.);
#4274=EDGE_CURVE('',#3536,#3536,#717,.T.);
#4275=EDGE_CURVE('',#3536,#3537,#2680,.T.);
#4276=EDGE_CURVE('',#3537,#3537,#718,.T.);
#4277=EDGE_CURVE('',#3538,#3538,#719,.T.);
#4278=EDGE_CURVE('',#3538,#3539,#2681,.T.);
#4279=EDGE_CURVE('',#3539,#3539,#720,.T.);
#4280=EDGE_CURVE('',#3540,#3540,#721,.T.);
#4281=EDGE_CURVE('',#3540,#3541,#2682,.T.);
#4282=EDGE_CURVE('',#3541,#3541,#722,.T.);
#4283=EDGE_CURVE('',#3542,#3542,#723,.T.);
#4284=EDGE_CURVE('',#3542,#3543,#2683,.T.);
#4285=EDGE_CURVE('',#3543,#3543,#724,.T.);
#4286=EDGE_CURVE('',#3544,#3544,#725,.T.);
#4287=EDGE_CURVE('',#3544,#3545,#2684,.T.);
#4288=EDGE_CURVE('',#3545,#3545,#726,.T.);
#4289=EDGE_CURVE('',#3546,#3546,#727,.T.);
#4290=EDGE_CURVE('',#3546,#3547,#2685,.T.);
#4291=EDGE_CURVE('',#3547,#3547,#728,.T.);
#4292=EDGE_CURVE('',#3548,#3548,#729,.T.);
#4293=EDGE_CURVE('',#3548,#3549,#2686,.T.);
#4294=EDGE_CURVE('',#3549,#3549,#730,.T.);
#4295=EDGE_CURVE('',#3550,#3550,#731,.T.);
#4296=EDGE_CURVE('',#3550,#3551,#2687,.T.);
#4297=EDGE_CURVE('',#3551,#3551,#732,.T.);
#4298=EDGE_CURVE('',#3552,#3552,#733,.T.);
#4299=EDGE_CURVE('',#3552,#3553,#2688,.T.);
#4300=EDGE_CURVE('',#3553,#3553,#734,.T.);
#4301=EDGE_CURVE('',#3554,#3554,#735,.T.);
#4302=EDGE_CURVE('',#3554,#3555,#2689,.T.);
#4303=EDGE_CURVE('',#3555,#3555,#736,.T.);
#4304=EDGE_CURVE('',#3556,#3556,#737,.T.);
#4305=EDGE_CURVE('',#3556,#3557,#2690,.T.);
#4306=EDGE_CURVE('',#3557,#3557,#738,.T.);
#4307=EDGE_CURVE('',#3558,#3558,#739,.T.);
#4308=EDGE_CURVE('',#3558,#3559,#2691,.T.);
#4309=EDGE_CURVE('',#3559,#3559,#740,.T.);
#4310=EDGE_CURVE('',#3560,#3560,#741,.T.);
#4311=EDGE_CURVE('',#3560,#3561,#2692,.T.);
#4312=EDGE_CURVE('',#3561,#3561,#742,.T.);
#4313=EDGE_CURVE('',#3562,#3562,#743,.T.);
#4314=EDGE_CURVE('',#3562,#3563,#2693,.T.);
#4315=EDGE_CURVE('',#3563,#3563,#744,.T.);
#4316=EDGE_CURVE('',#3564,#3564,#745,.T.);
#4317=EDGE_CURVE('',#3564,#3565,#2694,.T.);
#4318=EDGE_CURVE('',#3565,#3565,#746,.T.);
#4319=EDGE_CURVE('',#3566,#3566,#747,.T.);
#4320=EDGE_CURVE('',#3566,#3567,#2695,.T.);
#4321=EDGE_CURVE('',#3567,#3567,#748,.T.);
#4322=EDGE_CURVE('',#3568,#3568,#749,.T.);
#4323=EDGE_CURVE('',#3568,#3569,#2696,.T.);
#4324=EDGE_CURVE('',#3569,#3569,#750,.T.);
#4325=EDGE_CURVE('',#3570,#3570,#751,.T.);
#4326=EDGE_CURVE('',#3570,#3571,#2697,.T.);
#4327=EDGE_CURVE('',#3571,#3571,#752,.T.);
#4328=EDGE_CURVE('',#3572,#3572,#753,.T.);
#4329=EDGE_CURVE('',#3572,#3573,#2698,.T.);
#4330=EDGE_CURVE('',#3573,#3573,#754,.T.);
#4331=EDGE_CURVE('',#3574,#3574,#755,.T.);
#4332=EDGE_CURVE('',#3574,#3575,#2699,.T.);
#4333=EDGE_CURVE('',#3575,#3575,#756,.T.);
#4334=EDGE_CURVE('',#3576,#3576,#757,.T.);
#4335=EDGE_CURVE('',#3576,#3577,#2700,.T.);
#4336=EDGE_CURVE('',#3577,#3577,#758,.T.);
#4337=EDGE_CURVE('',#3578,#3578,#759,.T.);
#4338=EDGE_CURVE('',#3578,#3579,#2701,.T.);
#4339=EDGE_CURVE('',#3579,#3579,#760,.T.);
#4340=EDGE_CURVE('',#3580,#3580,#761,.T.);
#4341=EDGE_CURVE('',#3580,#3581,#2702,.T.);
#4342=EDGE_CURVE('',#3581,#3581,#762,.T.);
#4343=EDGE_CURVE('',#3582,#3582,#763,.T.);
#4344=EDGE_CURVE('',#3582,#3583,#2703,.T.);
#4345=EDGE_CURVE('',#3583,#3583,#764,.T.);
#4346=EDGE_CURVE('',#3584,#3584,#765,.T.);
#4347=EDGE_CURVE('',#3584,#3585,#2704,.T.);
#4348=EDGE_CURVE('',#3585,#3585,#766,.T.);
#4349=EDGE_CURVE('',#3586,#3586,#767,.T.);
#4350=EDGE_CURVE('',#3586,#3587,#2705,.T.);
#4351=EDGE_CURVE('',#3587,#3587,#768,.T.);
#4352=EDGE_CURVE('',#3588,#3588,#769,.T.);
#4353=EDGE_CURVE('',#3588,#3589,#2706,.T.);
#4354=EDGE_CURVE('',#3589,#3589,#770,.T.);
#4355=EDGE_CURVE('',#3590,#3590,#771,.T.);
#4356=EDGE_CURVE('',#3590,#3591,#2707,.T.);
#4357=EDGE_CURVE('',#3591,#3591,#772,.T.);
#4358=EDGE_CURVE('',#3592,#3592,#773,.T.);
#4359=EDGE_CURVE('',#3592,#3593,#2708,.T.);
#4360=EDGE_CURVE('',#3593,#3593,#774,.T.);
#4361=EDGE_CURVE('',#3594,#3594,#775,.T.);
#4362=EDGE_CURVE('',#3594,#3595,#2709,.T.);
#4363=EDGE_CURVE('',#3595,#3595,#776,.T.);
#4364=EDGE_CURVE('',#3596,#3596,#777,.T.);
#4365=EDGE_CURVE('',#3596,#3597,#2710,.T.);
#4366=EDGE_CURVE('',#3597,#3597,#778,.T.);
#4367=EDGE_CURVE('',#3598,#3598,#779,.T.);
#4368=EDGE_CURVE('',#3598,#3599,#2711,.T.);
#4369=EDGE_CURVE('',#3599,#3599,#780,.T.);
#4370=EDGE_CURVE('',#3600,#3600,#781,.T.);
#4371=EDGE_CURVE('',#3600,#3601,#2712,.T.);
#4372=EDGE_CURVE('',#3601,#3601,#782,.T.);
#4373=EDGE_CURVE('',#3602,#3602,#783,.T.);
#4374=EDGE_CURVE('',#3602,#3603,#2713,.T.);
#4375=EDGE_CURVE('',#3603,#3603,#784,.T.);
#4376=EDGE_CURVE('',#3604,#3604,#785,.T.);
#4377=EDGE_CURVE('',#3604,#3605,#2714,.T.);
#4378=EDGE_CURVE('',#3605,#3605,#786,.T.);
#4379=EDGE_CURVE('',#3606,#3606,#787,.T.);
#4380=EDGE_CURVE('',#3606,#3607,#2715,.T.);
#4381=EDGE_CURVE('',#3607,#3607,#788,.T.);
#4382=EDGE_CURVE('',#3608,#3608,#789,.T.);
#4383=EDGE_CURVE('',#3608,#3609,#2716,.T.);
#4384=EDGE_CURVE('',#3609,#3609,#790,.T.);
#4385=EDGE_CURVE('',#3610,#3610,#791,.T.);
#4386=EDGE_CURVE('',#3610,#3611,#2717,.T.);
#4387=EDGE_CURVE('',#3611,#3611,#792,.T.);
#4388=EDGE_CURVE('',#3612,#3612,#793,.T.);
#4389=EDGE_CURVE('',#3612,#3613,#2718,.T.);
#4390=EDGE_CURVE('',#3613,#3613,#794,.T.);
#4391=EDGE_CURVE('',#3614,#3614,#795,.T.);
#4392=EDGE_CURVE('',#3614,#3615,#2719,.T.);
#4393=EDGE_CURVE('',#3615,#3615,#796,.T.);
#4394=EDGE_CURVE('',#3616,#3616,#797,.T.);
#4395=EDGE_CURVE('',#3616,#3617,#2720,.T.);
#4396=EDGE_CURVE('',#3617,#3617,#798,.T.);
#4397=EDGE_CURVE('',#3618,#3618,#799,.T.);
#4398=EDGE_CURVE('',#3618,#3619,#2721,.T.);
#4399=EDGE_CURVE('',#3619,#3619,#800,.T.);
#4400=EDGE_CURVE('',#3620,#3620,#801,.T.);
#4401=EDGE_CURVE('',#3620,#3621,#2722,.T.);
#4402=EDGE_CURVE('',#3621,#3621,#802,.T.);
#4403=EDGE_CURVE('',#3622,#3622,#803,.T.);
#4404=EDGE_CURVE('',#3622,#3623,#2723,.T.);
#4405=EDGE_CURVE('',#3623,#3623,#804,.T.);
#4406=EDGE_CURVE('',#3624,#3624,#805,.T.);
#4407=EDGE_CURVE('',#3624,#3625,#2724,.T.);
#4408=EDGE_CURVE('',#3625,#3625,#806,.T.);
#4409=EDGE_CURVE('',#3626,#3626,#807,.T.);
#4410=EDGE_CURVE('',#3626,#3627,#2725,.T.);
#4411=EDGE_CURVE('',#3627,#3627,#808,.T.);
#4412=EDGE_CURVE('',#3628,#3628,#809,.T.);
#4413=EDGE_CURVE('',#3628,#3629,#2726,.T.);
#4414=EDGE_CURVE('',#3629,#3629,#810,.T.);
#4415=EDGE_CURVE('',#3630,#3630,#811,.T.);
#4416=EDGE_CURVE('',#3630,#3631,#2727,.T.);
#4417=EDGE_CURVE('',#3631,#3631,#812,.T.);
#4418=EDGE_CURVE('',#3632,#3632,#813,.T.);
#4419=EDGE_CURVE('',#3632,#3633,#2728,.T.);
#4420=EDGE_CURVE('',#3633,#3633,#814,.T.);
#4421=EDGE_CURVE('',#3634,#3634,#815,.T.);
#4422=EDGE_CURVE('',#3634,#3635,#2729,.T.);
#4423=EDGE_CURVE('',#3635,#3635,#816,.T.);
#4424=EDGE_CURVE('',#3636,#3636,#817,.T.);
#4425=EDGE_CURVE('',#3636,#3637,#2730,.T.);
#4426=EDGE_CURVE('',#3637,#3637,#818,.T.);
#4427=EDGE_CURVE('',#3638,#3638,#819,.T.);
#4428=EDGE_CURVE('',#3638,#3639,#2731,.T.);
#4429=EDGE_CURVE('',#3639,#3639,#820,.T.);
#4430=EDGE_CURVE('',#3640,#3640,#821,.T.);
#4431=EDGE_CURVE('',#3640,#3641,#2732,.T.);
#4432=EDGE_CURVE('',#3641,#3641,#822,.T.);
#4433=EDGE_CURVE('',#3642,#3642,#823,.T.);
#4434=EDGE_CURVE('',#3642,#3643,#2733,.T.);
#4435=EDGE_CURVE('',#3643,#3643,#824,.T.);
#4436=EDGE_CURVE('',#3644,#3644,#825,.T.);
#4437=EDGE_CURVE('',#3644,#3645,#2734,.T.);
#4438=EDGE_CURVE('',#3645,#3645,#826,.T.);
#4439=EDGE_CURVE('',#3646,#3646,#827,.T.);
#4440=EDGE_CURVE('',#3646,#3647,#2735,.T.);
#4441=EDGE_CURVE('',#3647,#3647,#828,.T.);
#4442=EDGE_CURVE('',#3648,#3648,#829,.T.);
#4443=EDGE_CURVE('',#3648,#3649,#2736,.T.);
#4444=EDGE_CURVE('',#3649,#3649,#830,.T.);
#4445=EDGE_CURVE('',#3650,#3650,#831,.T.);
#4446=EDGE_CURVE('',#3650,#3651,#2737,.T.);
#4447=EDGE_CURVE('',#3651,#3651,#832,.T.);
#4448=EDGE_CURVE('',#3652,#3652,#833,.T.);
#4449=EDGE_CURVE('',#3652,#3653,#2738,.T.);
#4450=EDGE_CURVE('',#3653,#3653,#834,.T.);
#4451=EDGE_CURVE('',#3654,#3654,#835,.T.);
#4452=EDGE_CURVE('',#3654,#3655,#2739,.T.);
#4453=EDGE_CURVE('',#3655,#3655,#836,.T.);
#4454=EDGE_CURVE('',#3656,#3656,#837,.T.);
#4455=EDGE_CURVE('',#3656,#3657,#2740,.T.);
#4456=EDGE_CURVE('',#3657,#3657,#838,.T.);
#4457=EDGE_CURVE('',#3658,#3658,#839,.T.);
#4458=EDGE_CURVE('',#3658,#3659,#2741,.T.);
#4459=EDGE_CURVE('',#3659,#3659,#840,.T.);
#4460=EDGE_CURVE('',#3660,#3660,#841,.T.);
#4461=EDGE_CURVE('',#3660,#3661,#2742,.T.);
#4462=EDGE_CURVE('',#3661,#3661,#842,.T.);
#4463=EDGE_CURVE('',#3662,#3662,#843,.T.);
#4464=EDGE_CURVE('',#3662,#3663,#2743,.T.);
#4465=EDGE_CURVE('',#3663,#3663,#844,.T.);
#4466=EDGE_CURVE('',#3664,#3664,#845,.T.);
#4467=EDGE_CURVE('',#3664,#3665,#2744,.T.);
#4468=EDGE_CURVE('',#3665,#3665,#846,.T.);
#4469=EDGE_CURVE('',#3666,#3666,#847,.T.);
#4470=EDGE_CURVE('',#3666,#3667,#2745,.T.);
#4471=EDGE_CURVE('',#3667,#3667,#848,.T.);
#4472=EDGE_CURVE('',#3668,#3668,#849,.T.);
#4473=EDGE_CURVE('',#3668,#3669,#2746,.T.);
#4474=EDGE_CURVE('',#3669,#3669,#850,.T.);
#4475=EDGE_CURVE('',#3670,#3670,#851,.T.);
#4476=EDGE_CURVE('',#3670,#3671,#2747,.T.);
#4477=EDGE_CURVE('',#3671,#3671,#852,.T.);
#4478=EDGE_CURVE('',#3672,#3672,#853,.T.);
#4479=EDGE_CURVE('',#3672,#3673,#2748,.T.);
#4480=EDGE_CURVE('',#3673,#3673,#854,.T.);
#4481=EDGE_CURVE('',#3674,#3674,#855,.T.);
#4482=EDGE_CURVE('',#3674,#3675,#2749,.T.);
#4483=EDGE_CURVE('',#3675,#3675,#856,.T.);
#4484=EDGE_CURVE('',#3676,#3676,#857,.T.);
#4485=EDGE_CURVE('',#3676,#3677,#2750,.T.);
#4486=EDGE_CURVE('',#3677,#3677,#858,.T.);
#4487=EDGE_CURVE('',#3678,#3678,#859,.T.);
#4488=EDGE_CURVE('',#3678,#3679,#2751,.T.);
#4489=EDGE_CURVE('',#3679,#3679,#860,.T.);
#4490=EDGE_CURVE('',#3680,#3680,#861,.T.);
#4491=EDGE_CURVE('',#3680,#3681,#2752,.T.);
#4492=EDGE_CURVE('',#3681,#3681,#862,.T.);
#4493=EDGE_CURVE('',#3682,#3682,#863,.T.);
#4494=EDGE_CURVE('',#3682,#3683,#2753,.T.);
#4495=EDGE_CURVE('',#3683,#3683,#864,.T.);
#4496=EDGE_CURVE('',#3684,#3684,#865,.T.);
#4497=EDGE_CURVE('',#3684,#3685,#2754,.T.);
#4498=EDGE_CURVE('',#3685,#3685,#866,.T.);
#4499=EDGE_CURVE('',#3686,#3686,#867,.T.);
#4500=EDGE_CURVE('',#3686,#3687,#2755,.T.);
#4501=EDGE_CURVE('',#3687,#3687,#868,.T.);
#4502=EDGE_CURVE('',#3688,#3688,#869,.T.);
#4503=EDGE_CURVE('',#3688,#3689,#2756,.T.);
#4504=EDGE_CURVE('',#3689,#3689,#870,.T.);
#4505=EDGE_CURVE('',#3690,#3690,#871,.T.);
#4506=EDGE_CURVE('',#3690,#3691,#2757,.T.);
#4507=EDGE_CURVE('',#3691,#3691,#872,.T.);
#4508=EDGE_CURVE('',#3692,#3692,#873,.T.);
#4509=EDGE_CURVE('',#3692,#3693,#2758,.T.);
#4510=EDGE_CURVE('',#3693,#3693,#874,.T.);
#4511=EDGE_CURVE('',#3694,#3694,#875,.T.);
#4512=EDGE_CURVE('',#3694,#3695,#2759,.T.);
#4513=EDGE_CURVE('',#3695,#3695,#876,.T.);
#4514=EDGE_CURVE('',#3696,#3696,#877,.T.);
#4515=EDGE_CURVE('',#3696,#3697,#2760,.T.);
#4516=EDGE_CURVE('',#3697,#3697,#878,.T.);
#4517=EDGE_CURVE('',#3698,#3698,#879,.T.);
#4518=EDGE_CURVE('',#3698,#3699,#2761,.T.);
#4519=EDGE_CURVE('',#3699,#3699,#880,.T.);
#4520=EDGE_CURVE('',#3700,#3700,#881,.T.);
#4521=EDGE_CURVE('',#3700,#3701,#2762,.T.);
#4522=EDGE_CURVE('',#3701,#3701,#882,.T.);
#4523=EDGE_CURVE('',#3702,#3702,#883,.T.);
#4524=EDGE_CURVE('',#3702,#3703,#2763,.T.);
#4525=EDGE_CURVE('',#3703,#3703,#884,.T.);
#4526=EDGE_CURVE('',#3704,#3704,#885,.T.);
#4527=EDGE_CURVE('',#3704,#3705,#2764,.T.);
#4528=EDGE_CURVE('',#3705,#3705,#886,.T.);
#4529=EDGE_CURVE('',#3706,#3706,#887,.T.);
#4530=EDGE_CURVE('',#3706,#3707,#2765,.T.);
#4531=EDGE_CURVE('',#3707,#3707,#888,.T.);
#4532=EDGE_CURVE('',#3708,#3708,#889,.T.);
#4533=EDGE_CURVE('',#3708,#3709,#2766,.T.);
#4534=EDGE_CURVE('',#3709,#3709,#890,.T.);
#4535=EDGE_CURVE('',#3710,#3710,#891,.T.);
#4536=EDGE_CURVE('',#3710,#3711,#2767,.T.);
#4537=EDGE_CURVE('',#3711,#3711,#892,.T.);
#4538=EDGE_CURVE('',#3712,#3712,#893,.T.);
#4539=EDGE_CURVE('',#3712,#3713,#2768,.T.);
#4540=EDGE_CURVE('',#3713,#3713,#894,.T.);
#4541=EDGE_CURVE('',#3714,#3714,#895,.T.);
#4542=EDGE_CURVE('',#3714,#3715,#2769,.T.);
#4543=EDGE_CURVE('',#3715,#3715,#896,.T.);
#4544=EDGE_CURVE('',#3716,#3716,#897,.T.);
#4545=EDGE_CURVE('',#3716,#3717,#2770,.T.);
#4546=EDGE_CURVE('',#3717,#3717,#898,.T.);
#4547=EDGE_CURVE('',#3718,#3718,#899,.T.);
#4548=EDGE_CURVE('',#3718,#3719,#2771,.T.);
#4549=EDGE_CURVE('',#3719,#3719,#900,.T.);
#4550=EDGE_CURVE('',#3720,#3720,#901,.T.);
#4551=EDGE_CURVE('',#3720,#3721,#2772,.T.);
#4552=EDGE_CURVE('',#3721,#3721,#902,.T.);
#4553=EDGE_CURVE('',#3722,#3722,#903,.T.);
#4554=EDGE_CURVE('',#3722,#3723,#2773,.T.);
#4555=EDGE_CURVE('',#3723,#3723,#904,.T.);
#4556=EDGE_CURVE('',#3724,#3724,#905,.T.);
#4557=EDGE_CURVE('',#3724,#3725,#2774,.T.);
#4558=EDGE_CURVE('',#3725,#3725,#906,.T.);
#4559=EDGE_CURVE('',#3726,#3726,#907,.T.);
#4560=EDGE_CURVE('',#3726,#3727,#2775,.T.);
#4561=EDGE_CURVE('',#3727,#3727,#908,.T.);
#4562=EDGE_CURVE('',#3728,#3728,#909,.T.);
#4563=EDGE_CURVE('',#3728,#3729,#2776,.T.);
#4564=EDGE_CURVE('',#3729,#3729,#910,.T.);
#4565=EDGE_CURVE('',#3730,#3730,#911,.T.);
#4566=EDGE_CURVE('',#3730,#3731,#2777,.T.);
#4567=EDGE_CURVE('',#3731,#3731,#912,.T.);
#4568=EDGE_CURVE('',#3732,#3732,#913,.T.);
#4569=EDGE_CURVE('',#3732,#3733,#2778,.T.);
#4570=EDGE_CURVE('',#3733,#3733,#914,.T.);
#4571=EDGE_CURVE('',#3734,#3734,#915,.T.);
#4572=EDGE_CURVE('',#3734,#3735,#2779,.T.);
#4573=EDGE_CURVE('',#3735,#3735,#916,.T.);
#4574=EDGE_CURVE('',#3736,#3736,#917,.T.);
#4575=EDGE_CURVE('',#3736,#3737,#2780,.T.);
#4576=EDGE_CURVE('',#3737,#3737,#918,.T.);
#4577=EDGE_CURVE('',#3738,#3738,#919,.T.);
#4578=EDGE_CURVE('',#3738,#3739,#2781,.T.);
#4579=EDGE_CURVE('',#3739,#3739,#920,.T.);
#4580=EDGE_CURVE('',#3740,#3740,#921,.T.);
#4581=EDGE_CURVE('',#3740,#3741,#2782,.T.);
#4582=EDGE_CURVE('',#3741,#3741,#922,.T.);
#4583=EDGE_CURVE('',#3742,#3742,#923,.T.);
#4584=EDGE_CURVE('',#3742,#3743,#2783,.T.);
#4585=EDGE_CURVE('',#3743,#3743,#924,.T.);
#4586=EDGE_CURVE('',#3744,#3744,#925,.T.);
#4587=EDGE_CURVE('',#3744,#3745,#2784,.T.);
#4588=EDGE_CURVE('',#3745,#3745,#926,.T.);
#4589=EDGE_CURVE('',#3746,#3746,#927,.T.);
#4590=EDGE_CURVE('',#3746,#3747,#2785,.T.);
#4591=EDGE_CURVE('',#3747,#3747,#928,.T.);
#4592=EDGE_CURVE('',#3748,#3748,#929,.T.);
#4593=EDGE_CURVE('',#3748,#3749,#2786,.T.);
#4594=EDGE_CURVE('',#3749,#3749,#930,.T.);
#4595=EDGE_CURVE('',#3750,#3750,#931,.T.);
#4596=EDGE_CURVE('',#3750,#3751,#2787,.T.);
#4597=EDGE_CURVE('',#3751,#3751,#932,.T.);
#4598=EDGE_CURVE('',#3752,#3752,#933,.T.);
#4599=EDGE_CURVE('',#3752,#3753,#2788,.T.);
#4600=EDGE_CURVE('',#3753,#3753,#934,.T.);
#4601=EDGE_CURVE('',#3754,#3754,#935,.T.);
#4602=EDGE_CURVE('',#3754,#3755,#2789,.T.);
#4603=EDGE_CURVE('',#3755,#3755,#936,.T.);
#4604=EDGE_CURVE('',#3756,#3756,#937,.T.);
#4605=EDGE_CURVE('',#3756,#3757,#2790,.T.);
#4606=EDGE_CURVE('',#3757,#3757,#938,.T.);
#4607=EDGE_CURVE('',#3758,#3758,#939,.T.);
#4608=EDGE_CURVE('',#3758,#3759,#2791,.T.);
#4609=EDGE_CURVE('',#3759,#3759,#940,.T.);
#4610=EDGE_CURVE('',#3760,#3760,#941,.T.);
#4611=EDGE_CURVE('',#3760,#3761,#2792,.T.);
#4612=EDGE_CURVE('',#3761,#3761,#942,.T.);
#4613=EDGE_CURVE('',#3762,#3762,#943,.T.);
#4614=EDGE_CURVE('',#3762,#3763,#2793,.T.);
#4615=EDGE_CURVE('',#3763,#3763,#944,.T.);
#4616=EDGE_CURVE('',#3764,#3764,#945,.T.);
#4617=EDGE_CURVE('',#3764,#3765,#2794,.T.);
#4618=EDGE_CURVE('',#3765,#3765,#946,.T.);
#4619=EDGE_CURVE('',#3766,#3766,#947,.T.);
#4620=EDGE_CURVE('',#3766,#3767,#2795,.T.);
#4621=EDGE_CURVE('',#3767,#3767,#948,.T.);
#4622=EDGE_CURVE('',#3768,#3768,#949,.T.);
#4623=EDGE_CURVE('',#3768,#3769,#2796,.T.);
#4624=EDGE_CURVE('',#3769,#3769,#950,.T.);
#4625=EDGE_CURVE('',#3770,#3770,#951,.T.);
#4626=EDGE_CURVE('',#3770,#3771,#2797,.T.);
#4627=EDGE_CURVE('',#3771,#3771,#952,.T.);
#4628=EDGE_CURVE('',#3772,#3772,#953,.T.);
#4629=EDGE_CURVE('',#3772,#3773,#2798,.T.);
#4630=EDGE_CURVE('',#3773,#3773,#954,.T.);
#4631=EDGE_CURVE('',#3774,#3774,#955,.T.);
#4632=EDGE_CURVE('',#3774,#3775,#2799,.T.);
#4633=EDGE_CURVE('',#3775,#3775,#956,.T.);
#4634=EDGE_CURVE('',#3776,#3776,#957,.T.);
#4635=EDGE_CURVE('',#3776,#3777,#2800,.T.);
#4636=EDGE_CURVE('',#3777,#3777,#958,.T.);
#4637=EDGE_CURVE('',#3778,#3778,#959,.T.);
#4638=EDGE_CURVE('',#3778,#3779,#2801,.T.);
#4639=EDGE_CURVE('',#3779,#3779,#960,.T.);
#4640=EDGE_CURVE('',#3780,#3780,#961,.T.);
#4641=EDGE_CURVE('',#3780,#3781,#2802,.T.);
#4642=EDGE_CURVE('',#3781,#3781,#962,.T.);
#4643=EDGE_CURVE('',#3782,#3782,#963,.T.);
#4644=EDGE_CURVE('',#3782,#3783,#2803,.T.);
#4645=EDGE_CURVE('',#3783,#3783,#964,.T.);
#4646=EDGE_CURVE('',#3784,#3784,#965,.T.);
#4647=EDGE_CURVE('',#3784,#3785,#2804,.T.);
#4648=EDGE_CURVE('',#3785,#3785,#966,.T.);
#4649=EDGE_CURVE('',#3786,#3786,#967,.T.);
#4650=EDGE_CURVE('',#3786,#3787,#2805,.T.);
#4651=EDGE_CURVE('',#3787,#3787,#968,.T.);
#4652=EDGE_CURVE('',#3788,#3788,#969,.T.);
#4653=EDGE_CURVE('',#3788,#3789,#2806,.T.);
#4654=EDGE_CURVE('',#3789,#3789,#970,.T.);
#4655=EDGE_CURVE('',#3790,#3790,#971,.T.);
#4656=EDGE_CURVE('',#3790,#3791,#2807,.T.);
#4657=EDGE_CURVE('',#3791,#3791,#972,.T.);
#4658=EDGE_CURVE('',#3792,#3792,#973,.T.);
#4659=EDGE_CURVE('',#3792,#3793,#2808,.T.);
#4660=EDGE_CURVE('',#3793,#3793,#974,.T.);
#4661=EDGE_CURVE('',#3794,#3794,#975,.T.);
#4662=EDGE_CURVE('',#3794,#3795,#2809,.T.);
#4663=EDGE_CURVE('',#3795,#3795,#976,.T.);
#4664=EDGE_CURVE('',#3796,#3796,#977,.T.);
#4665=EDGE_CURVE('',#3796,#3797,#2810,.T.);
#4666=EDGE_CURVE('',#3797,#3797,#978,.T.);
#4667=EDGE_CURVE('',#3798,#3798,#979,.T.);
#4668=EDGE_CURVE('',#3798,#3799,#2811,.T.);
#4669=EDGE_CURVE('',#3799,#3799,#980,.T.);
#4670=EDGE_CURVE('',#3800,#3800,#981,.T.);
#4671=EDGE_CURVE('',#3800,#3801,#2812,.T.);
#4672=EDGE_CURVE('',#3801,#3801,#982,.T.);
#4673=EDGE_CURVE('',#3802,#3802,#983,.T.);
#4674=EDGE_CURVE('',#3802,#3803,#2813,.T.);
#4675=EDGE_CURVE('',#3803,#3803,#984,.T.);
#4676=EDGE_CURVE('',#3804,#3804,#985,.T.);
#4677=EDGE_CURVE('',#3804,#3805,#2814,.T.);
#4678=EDGE_CURVE('',#3805,#3805,#986,.T.);
#4679=EDGE_CURVE('',#3806,#3806,#987,.T.);
#4680=EDGE_CURVE('',#3806,#3807,#2815,.T.);
#4681=EDGE_CURVE('',#3807,#3807,#988,.T.);
#4682=EDGE_CURVE('',#3808,#3808,#989,.T.);
#4683=EDGE_CURVE('',#3808,#3809,#2816,.T.);
#4684=EDGE_CURVE('',#3809,#3809,#990,.T.);
#4685=EDGE_CURVE('',#3810,#3810,#991,.T.);
#4686=EDGE_CURVE('',#3810,#3811,#2817,.T.);
#4687=EDGE_CURVE('',#3811,#3811,#992,.T.);
#4688=EDGE_CURVE('',#3812,#3812,#993,.T.);
#4689=EDGE_CURVE('',#3812,#3813,#2818,.T.);
#4690=EDGE_CURVE('',#3813,#3813,#994,.T.);
#4691=EDGE_CURVE('',#3814,#3814,#995,.T.);
#4692=EDGE_CURVE('',#3814,#3815,#2819,.T.);
#4693=EDGE_CURVE('',#3815,#3815,#996,.T.);
#4694=EDGE_CURVE('',#3816,#3816,#997,.T.);
#4695=EDGE_CURVE('',#3816,#3817,#2820,.T.);
#4696=EDGE_CURVE('',#3817,#3817,#998,.T.);
#4697=EDGE_CURVE('',#3818,#3818,#999,.T.);
#4698=EDGE_CURVE('',#3818,#3819,#2821,.T.);
#4699=EDGE_CURVE('',#3819,#3819,#1000,.T.);
#4700=EDGE_CURVE('',#3820,#3820,#1001,.T.);
#4701=EDGE_CURVE('',#3820,#3821,#2822,.T.);
#4702=EDGE_CURVE('',#3821,#3821,#1002,.T.);
#4703=EDGE_CURVE('',#3822,#3822,#1003,.T.);
#4704=EDGE_CURVE('',#3822,#3823,#2823,.T.);
#4705=EDGE_CURVE('',#3823,#3823,#1004,.T.);
#4706=EDGE_CURVE('',#3824,#3824,#1005,.T.);
#4707=EDGE_CURVE('',#3824,#3825,#2824,.T.);
#4708=EDGE_CURVE('',#3825,#3825,#1006,.T.);
#4709=EDGE_CURVE('',#3826,#3826,#1007,.T.);
#4710=EDGE_CURVE('',#3826,#3827,#2825,.T.);
#4711=EDGE_CURVE('',#3827,#3827,#1008,.T.);
#4712=EDGE_CURVE('',#3828,#3828,#1009,.T.);
#4713=EDGE_CURVE('',#3828,#3829,#2826,.T.);
#4714=EDGE_CURVE('',#3829,#3829,#1010,.T.);
#4715=EDGE_CURVE('',#3830,#3830,#1011,.T.);
#4716=EDGE_CURVE('',#3830,#3831,#2827,.T.);
#4717=EDGE_CURVE('',#3831,#3831,#1012,.T.);
#4718=EDGE_CURVE('',#3832,#3832,#1013,.T.);
#4719=EDGE_CURVE('',#3832,#3833,#2828,.T.);
#4720=EDGE_CURVE('',#3833,#3833,#1014,.T.);
#4721=EDGE_CURVE('',#3834,#3834,#1015,.T.);
#4722=EDGE_CURVE('',#3834,#3835,#2829,.T.);
#4723=EDGE_CURVE('',#3835,#3835,#1016,.T.);
#4724=EDGE_CURVE('',#3836,#3836,#1017,.T.);
#4725=EDGE_CURVE('',#3836,#3837,#2830,.T.);
#4726=EDGE_CURVE('',#3837,#3837,#1018,.T.);
#4727=EDGE_CURVE('',#3838,#3838,#1019,.T.);
#4728=EDGE_CURVE('',#3838,#3839,#2831,.T.);
#4729=EDGE_CURVE('',#3839,#3839,#1020,.T.);
#4730=EDGE_CURVE('',#3840,#3840,#1021,.T.);
#4731=EDGE_CURVE('',#3840,#3841,#2832,.T.);
#4732=EDGE_CURVE('',#3841,#3841,#1022,.T.);
#4733=EDGE_CURVE('',#3842,#3842,#1023,.T.);
#4734=EDGE_CURVE('',#3842,#3843,#2833,.T.);
#4735=EDGE_CURVE('',#3843,#3843,#1024,.T.);
#4736=EDGE_CURVE('',#3844,#3844,#1025,.T.);
#4737=EDGE_CURVE('',#3844,#3845,#2834,.T.);
#4738=EDGE_CURVE('',#3845,#3845,#1026,.T.);
#4739=EDGE_CURVE('',#3846,#3846,#1027,.T.);
#4740=EDGE_CURVE('',#3846,#3847,#2835,.T.);
#4741=EDGE_CURVE('',#3847,#3847,#1028,.T.);
#4742=EDGE_CURVE('',#3848,#3848,#1029,.T.);
#4743=EDGE_CURVE('',#3848,#3849,#2836,.T.);
#4744=EDGE_CURVE('',#3849,#3849,#1030,.T.);
#4745=EDGE_CURVE('',#3850,#3850,#1031,.T.);
#4746=EDGE_CURVE('',#3850,#3851,#2837,.T.);
#4747=EDGE_CURVE('',#3851,#3851,#1032,.T.);
#4748=EDGE_CURVE('',#3852,#3852,#1033,.T.);
#4749=EDGE_CURVE('',#3852,#3853,#2838,.T.);
#4750=EDGE_CURVE('',#3853,#3853,#1034,.T.);
#4751=EDGE_CURVE('',#3854,#3854,#1035,.T.);
#4752=EDGE_CURVE('',#3854,#3855,#2839,.T.);
#4753=EDGE_CURVE('',#3855,#3855,#1036,.T.);
#4754=EDGE_CURVE('',#3856,#3856,#1037,.T.);
#4755=EDGE_CURVE('',#3856,#3857,#2840,.T.);
#4756=EDGE_CURVE('',#3857,#3857,#1038,.T.);
#4757=EDGE_CURVE('',#3858,#3858,#1039,.T.);
#4758=EDGE_CURVE('',#3858,#3859,#2841,.T.);
#4759=EDGE_CURVE('',#3859,#3859,#1040,.T.);
#4760=EDGE_CURVE('',#3860,#3860,#1041,.T.);
#4761=EDGE_CURVE('',#3860,#3861,#2842,.T.);
#4762=EDGE_CURVE('',#3861,#3861,#1042,.T.);
#4763=EDGE_CURVE('',#3862,#3863,#2843,.T.);
#4764=EDGE_CURVE('',#3863,#3864,#2844,.T.);
#4765=EDGE_CURVE('',#3864,#3865,#2845,.T.);
#4766=EDGE_CURVE('',#3862,#3865,#2846,.T.);
#4767=EDGE_CURVE('',#3866,#3864,#2847,.T.);
#4768=EDGE_CURVE('',#3867,#3866,#2848,.T.);
#4769=EDGE_CURVE('',#3865,#3867,#2849,.T.);
#4770=EDGE_CURVE('',#3868,#3863,#2850,.T.);
#4771=EDGE_CURVE('',#3863,#3869,#2851,.T.);
#4772=EDGE_CURVE('',#3869,#3870,#2852,.T.);
#4773=EDGE_CURVE('',#3868,#3870,#2853,.T.);
#4774=EDGE_CURVE('',#3862,#3871,#2854,.T.);
#4775=EDGE_CURVE('',#3872,#3871,#2855,.T.);
#4776=EDGE_CURVE('',#3873,#3872,#2856,.T.);
#4777=EDGE_CURVE('',#3873,#3862,#2857,.T.);
#4778=EDGE_CURVE('',#3874,#3867,#2858,.T.);
#4779=EDGE_CURVE('',#3866,#3875,#2859,.T.);
#4780=EDGE_CURVE('',#3876,#3875,#2860,.T.);
#4781=EDGE_CURVE('',#3877,#3876,#2861,.T.);
#4782=EDGE_CURVE('',#3877,#3878,#2862,.T.);
#4783=EDGE_CURVE('',#3879,#3878,#2863,.T.);
#4784=EDGE_CURVE('',#3874,#3879,#2864,.T.);
#4785=EDGE_CURVE('',#3876,#3880,#1043,.T.);
#4786=EDGE_CURVE('',#3880,#3881,#2865,.T.);
#4787=EDGE_CURVE('',#3881,#3877,#1044,.T.);
#4788=EDGE_CURVE('',#3875,#3868,#2866,.T.);
#4789=EDGE_CURVE('',#3870,#3882,#2867,.T.);
#4790=EDGE_CURVE('',#3882,#3883,#2868,.T.);
#4791=EDGE_CURVE('',#3883,#3872,#2869,.T.);
#4792=EDGE_CURVE('',#3871,#3874,#2870,.T.);
#4793=EDGE_CURVE('',#3884,#3879,#1045,.T.);
#4794=EDGE_CURVE('',#3884,#3885,#2871,.T.);
#4795=EDGE_CURVE('',#3886,#3885,#1046,.T.);
#4796=EDGE_CURVE('',#3886,#3887,#2872,.T.);
#4797=EDGE_CURVE('',#3888,#3887,#1047,.T.);
#4798=EDGE_CURVE('',#3888,#3880,#2873,.T.);
#4799=EDGE_CURVE('',#3889,#3889,#1048,.T.);
#4800=EDGE_CURVE('',#3890,#3890,#1049,.T.);
#4801=EDGE_CURVE('',#3891,#3891,#1050,.T.);
#4802=EDGE_CURVE('',#3892,#3892,#1051,.T.);
#4803=EDGE_CURVE('',#3878,#3893,#1052,.T.);
#4804=EDGE_CURVE('',#3893,#3884,#2874,.T.);
#4805=EDGE_CURVE('',#3885,#3894,#2875,.T.);
#4806=EDGE_CURVE('',#3894,#3895,#1053,.T.);
#4807=EDGE_CURVE('',#3895,#3886,#2876,.T.);
#4808=EDGE_CURVE('',#3895,#3896,#2877,.T.);
#4809=EDGE_CURVE('',#3887,#3896,#2878,.T.);
#4810=EDGE_CURVE('',#3896,#3897,#1054,.T.);
#4811=EDGE_CURVE('',#3897,#3888,#2879,.T.);
#4812=EDGE_CURVE('',#3898,#3873,#2880,.T.);
#4813=EDGE_CURVE('',#3899,#3898,#2881,.T.);
#4814=EDGE_CURVE('',#3869,#3899,#2882,.T.);
#4815=EDGE_CURVE('',#3899,#3882,#2883,.T.);
#4816=EDGE_CURVE('',#3898,#3883,#2884,.T.);
#4817=EDGE_CURVE('',#3900,#3900,#1055,.T.);
#4818=EDGE_CURVE('',#3900,#3901,#2885,.T.);
#4819=EDGE_CURVE('',#3901,#3901,#1056,.T.);
#4820=EDGE_CURVE('',#3902,#3902,#1057,.T.);
#4821=EDGE_CURVE('',#3902,#3903,#2886,.T.);
#4822=EDGE_CURVE('',#3903,#3903,#1058,.T.);
#4823=EDGE_CURVE('',#3897,#3881,#2887,.T.);
#4824=EDGE_CURVE('',#3893,#3894,#2888,.T.);
#4825=EDGE_CURVE('',#3891,#3904,#2889,.T.);
#4826=EDGE_CURVE('',#3904,#3904,#1059,.T.);
#4827=EDGE_CURVE('',#3890,#3905,#2890,.T.);
#4828=EDGE_CURVE('',#3905,#3905,#1060,.T.);
#4829=EDGE_CURVE('',#3892,#3906,#2891,.T.);
#4830=EDGE_CURVE('',#3906,#3906,#1061,.T.);
#4831=EDGE_CURVE('',#3889,#3907,#2892,.T.);
#4832=EDGE_CURVE('',#3907,#3907,#1062,.T.);
#4833=ORIENTED_EDGE('',*,*,#3908,.F.);
#4834=ORIENTED_EDGE('',*,*,#3909,.T.);
#4835=ORIENTED_EDGE('',*,*,#3910,.F.);
#4836=ORIENTED_EDGE('',*,*,#3911,.F.);
#4837=ORIENTED_EDGE('',*,*,#3912,.F.);
#4838=ORIENTED_EDGE('',*,*,#3911,.T.);
#4839=ORIENTED_EDGE('',*,*,#3913,.F.);
#4840=ORIENTED_EDGE('',*,*,#3914,.F.);
#4841=ORIENTED_EDGE('',*,*,#3915,.F.);
#4842=ORIENTED_EDGE('',*,*,#3914,.T.);
#4843=ORIENTED_EDGE('',*,*,#3916,.F.);
#4844=ORIENTED_EDGE('',*,*,#3917,.F.);
#4845=ORIENTED_EDGE('',*,*,#3918,.F.);
#4846=ORIENTED_EDGE('',*,*,#3917,.T.);
#4847=ORIENTED_EDGE('',*,*,#3919,.F.);
#4848=ORIENTED_EDGE('',*,*,#3909,.F.);
#4849=ORIENTED_EDGE('',*,*,#3919,.T.);
#4850=ORIENTED_EDGE('',*,*,#3916,.T.);
#4851=ORIENTED_EDGE('',*,*,#3913,.T.);
#4852=ORIENTED_EDGE('',*,*,#3910,.T.);
#4853=ORIENTED_EDGE('',*,*,#3920,.F.);
#4854=ORIENTED_EDGE('',*,*,#3921,.T.);
#4855=ORIENTED_EDGE('',*,*,#3922,.F.);
#4856=ORIENTED_EDGE('',*,*,#3923,.F.);
#4857=ORIENTED_EDGE('',*,*,#3924,.F.);
#4858=ORIENTED_EDGE('',*,*,#3923,.T.);
#4859=ORIENTED_EDGE('',*,*,#3925,.F.);
#4860=ORIENTED_EDGE('',*,*,#3926,.F.);
#4861=ORIENTED_EDGE('',*,*,#3927,.F.);
#4862=ORIENTED_EDGE('',*,*,#3926,.T.);
#4863=ORIENTED_EDGE('',*,*,#3928,.F.);
#4864=ORIENTED_EDGE('',*,*,#3929,.F.);
#4865=ORIENTED_EDGE('',*,*,#3930,.F.);
#4866=ORIENTED_EDGE('',*,*,#3929,.T.);
#4867=ORIENTED_EDGE('',*,*,#3931,.F.);
#4868=ORIENTED_EDGE('',*,*,#3921,.F.);
#4869=ORIENTED_EDGE('',*,*,#3931,.T.);
#4870=ORIENTED_EDGE('',*,*,#3928,.T.);
#4871=ORIENTED_EDGE('',*,*,#3925,.T.);
#4872=ORIENTED_EDGE('',*,*,#3922,.T.);
#4873=ORIENTED_EDGE('',*,*,#3932,.F.);
#4874=ORIENTED_EDGE('',*,*,#3933,.T.);
#4875=ORIENTED_EDGE('',*,*,#3934,.F.);
#4876=ORIENTED_EDGE('',*,*,#3935,.F.);
#4877=ORIENTED_EDGE('',*,*,#3936,.F.);
#4878=ORIENTED_EDGE('',*,*,#3935,.T.);
#4879=ORIENTED_EDGE('',*,*,#3937,.F.);
#4880=ORIENTED_EDGE('',*,*,#3938,.F.);
#4881=ORIENTED_EDGE('',*,*,#3939,.F.);
#4882=ORIENTED_EDGE('',*,*,#3938,.T.);
#4883=ORIENTED_EDGE('',*,*,#3940,.F.);
#4884=ORIENTED_EDGE('',*,*,#3941,.F.);
#4885=ORIENTED_EDGE('',*,*,#3942,.F.);
#4886=ORIENTED_EDGE('',*,*,#3941,.T.);
#4887=ORIENTED_EDGE('',*,*,#3943,.F.);
#4888=ORIENTED_EDGE('',*,*,#3933,.F.);
#4889=ORIENTED_EDGE('',*,*,#3943,.T.);
#4890=ORIENTED_EDGE('',*,*,#3940,.T.);
#4891=ORIENTED_EDGE('',*,*,#3937,.T.);
#4892=ORIENTED_EDGE('',*,*,#3934,.T.);
#4893=ORIENTED_EDGE('',*,*,#3944,.F.);
#4894=ORIENTED_EDGE('',*,*,#3945,.T.);
#4895=ORIENTED_EDGE('',*,*,#3946,.F.);
#4896=ORIENTED_EDGE('',*,*,#3947,.F.);
#4897=ORIENTED_EDGE('',*,*,#3948,.F.);
#4898=ORIENTED_EDGE('',*,*,#3947,.T.);
#4899=ORIENTED_EDGE('',*,*,#3949,.F.);
#4900=ORIENTED_EDGE('',*,*,#3950,.F.);
#4901=ORIENTED_EDGE('',*,*,#3951,.F.);
#4902=ORIENTED_EDGE('',*,*,#3950,.T.);
#4903=ORIENTED_EDGE('',*,*,#3952,.F.);
#4904=ORIENTED_EDGE('',*,*,#3953,.F.);
#4905=ORIENTED_EDGE('',*,*,#3954,.F.);
#4906=ORIENTED_EDGE('',*,*,#3953,.T.);
#4907=ORIENTED_EDGE('',*,*,#3955,.F.);
#4908=ORIENTED_EDGE('',*,*,#3945,.F.);
#4909=ORIENTED_EDGE('',*,*,#3955,.T.);
#4910=ORIENTED_EDGE('',*,*,#3952,.T.);
#4911=ORIENTED_EDGE('',*,*,#3949,.T.);
#4912=ORIENTED_EDGE('',*,*,#3946,.T.);
#4913=ORIENTED_EDGE('',*,*,#3956,.F.);
#4914=ORIENTED_EDGE('',*,*,#3957,.T.);
#4915=ORIENTED_EDGE('',*,*,#3958,.F.);
#4916=ORIENTED_EDGE('',*,*,#3959,.F.);
#4917=ORIENTED_EDGE('',*,*,#3960,.F.);
#4918=ORIENTED_EDGE('',*,*,#3959,.T.);
#4919=ORIENTED_EDGE('',*,*,#3961,.F.);
#4920=ORIENTED_EDGE('',*,*,#3962,.F.);
#4921=ORIENTED_EDGE('',*,*,#3963,.F.);
#4922=ORIENTED_EDGE('',*,*,#3962,.T.);
#4923=ORIENTED_EDGE('',*,*,#3964,.F.);
#4924=ORIENTED_EDGE('',*,*,#3965,.F.);
#4925=ORIENTED_EDGE('',*,*,#3966,.F.);
#4926=ORIENTED_EDGE('',*,*,#3965,.T.);
#4927=ORIENTED_EDGE('',*,*,#3967,.F.);
#4928=ORIENTED_EDGE('',*,*,#3957,.F.);
#4929=ORIENTED_EDGE('',*,*,#3967,.T.);
#4930=ORIENTED_EDGE('',*,*,#3964,.T.);
#4931=ORIENTED_EDGE('',*,*,#3961,.T.);
#4932=ORIENTED_EDGE('',*,*,#3958,.T.);
#4933=ORIENTED_EDGE('',*,*,#3968,.F.);
#4934=ORIENTED_EDGE('',*,*,#3969,.T.);
#4935=ORIENTED_EDGE('',*,*,#3970,.F.);
#4936=ORIENTED_EDGE('',*,*,#3971,.F.);
#4937=ORIENTED_EDGE('',*,*,#3972,.F.);
#4938=ORIENTED_EDGE('',*,*,#3971,.T.);
#4939=ORIENTED_EDGE('',*,*,#3973,.F.);
#4940=ORIENTED_EDGE('',*,*,#3974,.F.);
#4941=ORIENTED_EDGE('',*,*,#3975,.F.);
#4942=ORIENTED_EDGE('',*,*,#3974,.T.);
#4943=ORIENTED_EDGE('',*,*,#3976,.F.);
#4944=ORIENTED_EDGE('',*,*,#3977,.F.);
#4945=ORIENTED_EDGE('',*,*,#3978,.F.);
#4946=ORIENTED_EDGE('',*,*,#3977,.T.);
#4947=ORIENTED_EDGE('',*,*,#3979,.F.);
#4948=ORIENTED_EDGE('',*,*,#3969,.F.);
#4949=ORIENTED_EDGE('',*,*,#3979,.T.);
#4950=ORIENTED_EDGE('',*,*,#3976,.T.);
#4951=ORIENTED_EDGE('',*,*,#3973,.T.);
#4952=ORIENTED_EDGE('',*,*,#3970,.T.);
#4953=ORIENTED_EDGE('',*,*,#3980,.F.);
#4954=ORIENTED_EDGE('',*,*,#3981,.T.);
#4955=ORIENTED_EDGE('',*,*,#3982,.F.);
#4956=ORIENTED_EDGE('',*,*,#3983,.F.);
#4957=ORIENTED_EDGE('',*,*,#3984,.F.);
#4958=ORIENTED_EDGE('',*,*,#3983,.T.);
#4959=ORIENTED_EDGE('',*,*,#3985,.F.);
#4960=ORIENTED_EDGE('',*,*,#3986,.F.);
#4961=ORIENTED_EDGE('',*,*,#3987,.F.);
#4962=ORIENTED_EDGE('',*,*,#3986,.T.);
#4963=ORIENTED_EDGE('',*,*,#3988,.F.);
#4964=ORIENTED_EDGE('',*,*,#3989,.F.);
#4965=ORIENTED_EDGE('',*,*,#3990,.F.);
#4966=ORIENTED_EDGE('',*,*,#3989,.T.);
#4967=ORIENTED_EDGE('',*,*,#3991,.F.);
#4968=ORIENTED_EDGE('',*,*,#3981,.F.);
#4969=ORIENTED_EDGE('',*,*,#3991,.T.);
#4970=ORIENTED_EDGE('',*,*,#3988,.T.);
#4971=ORIENTED_EDGE('',*,*,#3985,.T.);
#4972=ORIENTED_EDGE('',*,*,#3982,.T.);
#4973=ORIENTED_EDGE('',*,*,#3992,.F.);
#4974=ORIENTED_EDGE('',*,*,#3993,.T.);
#4975=ORIENTED_EDGE('',*,*,#3994,.F.);
#4976=ORIENTED_EDGE('',*,*,#3995,.F.);
#4977=ORIENTED_EDGE('',*,*,#3996,.F.);
#4978=ORIENTED_EDGE('',*,*,#3995,.T.);
#4979=ORIENTED_EDGE('',*,*,#3997,.F.);
#4980=ORIENTED_EDGE('',*,*,#3998,.F.);
#4981=ORIENTED_EDGE('',*,*,#3999,.F.);
#4982=ORIENTED_EDGE('',*,*,#3998,.T.);
#4983=ORIENTED_EDGE('',*,*,#4000,.F.);
#4984=ORIENTED_EDGE('',*,*,#4001,.F.);
#4985=ORIENTED_EDGE('',*,*,#4002,.F.);
#4986=ORIENTED_EDGE('',*,*,#4001,.T.);
#4987=ORIENTED_EDGE('',*,*,#4003,.F.);
#4988=ORIENTED_EDGE('',*,*,#3993,.F.);
#4989=ORIENTED_EDGE('',*,*,#4003,.T.);
#4990=ORIENTED_EDGE('',*,*,#4000,.T.);
#4991=ORIENTED_EDGE('',*,*,#3997,.T.);
#4992=ORIENTED_EDGE('',*,*,#3994,.T.);
#4993=ORIENTED_EDGE('',*,*,#4004,.T.);
#4994=ORIENTED_EDGE('',*,*,#4005,.T.);
#4995=ORIENTED_EDGE('',*,*,#4006,.F.);
#4996=ORIENTED_EDGE('',*,*,#4005,.F.);
#4997=ORIENTED_EDGE('',*,*,#4007,.T.);
#4998=ORIENTED_EDGE('',*,*,#4008,.T.);
#4999=ORIENTED_EDGE('',*,*,#4009,.F.);
#5000=ORIENTED_EDGE('',*,*,#4008,.F.);
#5001=ORIENTED_EDGE('',*,*,#4010,.F.);
#5002=ORIENTED_EDGE('',*,*,#4011,.T.);
#5003=ORIENTED_EDGE('',*,*,#4012,.F.);
#5004=ORIENTED_EDGE('',*,*,#4011,.F.);
#5005=ORIENTED_EDGE('',*,*,#4013,.F.);
#5006=ORIENTED_EDGE('',*,*,#4014,.T.);
#5007=ORIENTED_EDGE('',*,*,#4015,.F.);
#5008=ORIENTED_EDGE('',*,*,#4014,.F.);
#5009=ORIENTED_EDGE('',*,*,#4016,.F.);
#5010=ORIENTED_EDGE('',*,*,#4017,.T.);
#5011=ORIENTED_EDGE('',*,*,#4018,.F.);
#5012=ORIENTED_EDGE('',*,*,#4017,.F.);
#5013=ORIENTED_EDGE('',*,*,#4019,.F.);
#5014=ORIENTED_EDGE('',*,*,#4020,.T.);
#5015=ORIENTED_EDGE('',*,*,#4021,.F.);
#5016=ORIENTED_EDGE('',*,*,#4020,.F.);
#5017=ORIENTED_EDGE('',*,*,#4022,.F.);
#5018=ORIENTED_EDGE('',*,*,#4023,.T.);
#5019=ORIENTED_EDGE('',*,*,#4024,.F.);
#5020=ORIENTED_EDGE('',*,*,#4023,.F.);
#5021=ORIENTED_EDGE('',*,*,#4025,.F.);
#5022=ORIENTED_EDGE('',*,*,#4026,.T.);
#5023=ORIENTED_EDGE('',*,*,#4027,.F.);
#5024=ORIENTED_EDGE('',*,*,#4026,.F.);
#5025=ORIENTED_EDGE('',*,*,#4028,.F.);
#5026=ORIENTED_EDGE('',*,*,#4029,.T.);
#5027=ORIENTED_EDGE('',*,*,#4030,.F.);
#5028=ORIENTED_EDGE('',*,*,#4029,.F.);
#5029=ORIENTED_EDGE('',*,*,#4031,.F.);
#5030=ORIENTED_EDGE('',*,*,#4032,.T.);
#5031=ORIENTED_EDGE('',*,*,#4033,.F.);
#5032=ORIENTED_EDGE('',*,*,#4032,.F.);
#5033=ORIENTED_EDGE('',*,*,#4034,.F.);
#5034=ORIENTED_EDGE('',*,*,#4035,.T.);
#5035=ORIENTED_EDGE('',*,*,#4036,.F.);
#5036=ORIENTED_EDGE('',*,*,#4035,.F.);
#5037=ORIENTED_EDGE('',*,*,#4037,.F.);
#5038=ORIENTED_EDGE('',*,*,#4038,.T.);
#5039=ORIENTED_EDGE('',*,*,#4039,.F.);
#5040=ORIENTED_EDGE('',*,*,#4038,.F.);
#5041=ORIENTED_EDGE('',*,*,#4040,.F.);
#5042=ORIENTED_EDGE('',*,*,#4041,.T.);
#5043=ORIENTED_EDGE('',*,*,#4042,.F.);
#5044=ORIENTED_EDGE('',*,*,#4041,.F.);
#5045=ORIENTED_EDGE('',*,*,#4043,.F.);
#5046=ORIENTED_EDGE('',*,*,#4044,.T.);
#5047=ORIENTED_EDGE('',*,*,#4045,.F.);
#5048=ORIENTED_EDGE('',*,*,#4044,.F.);
#5049=ORIENTED_EDGE('',*,*,#4046,.F.);
#5050=ORIENTED_EDGE('',*,*,#4047,.T.);
#5051=ORIENTED_EDGE('',*,*,#4048,.F.);
#5052=ORIENTED_EDGE('',*,*,#4047,.F.);
#5053=ORIENTED_EDGE('',*,*,#4049,.F.);
#5054=ORIENTED_EDGE('',*,*,#4050,.T.);
#5055=ORIENTED_EDGE('',*,*,#4051,.F.);
#5056=ORIENTED_EDGE('',*,*,#4050,.F.);
#5057=ORIENTED_EDGE('',*,*,#4052,.F.);
#5058=ORIENTED_EDGE('',*,*,#4053,.T.);
#5059=ORIENTED_EDGE('',*,*,#4054,.F.);
#5060=ORIENTED_EDGE('',*,*,#4053,.F.);
#5061=ORIENTED_EDGE('',*,*,#4055,.F.);
#5062=ORIENTED_EDGE('',*,*,#4056,.T.);
#5063=ORIENTED_EDGE('',*,*,#4057,.F.);
#5064=ORIENTED_EDGE('',*,*,#4056,.F.);
#5065=ORIENTED_EDGE('',*,*,#4058,.F.);
#5066=ORIENTED_EDGE('',*,*,#4059,.T.);
#5067=ORIENTED_EDGE('',*,*,#4060,.F.);
#5068=ORIENTED_EDGE('',*,*,#4059,.F.);
#5069=ORIENTED_EDGE('',*,*,#4061,.F.);
#5070=ORIENTED_EDGE('',*,*,#4062,.T.);
#5071=ORIENTED_EDGE('',*,*,#4063,.F.);
#5072=ORIENTED_EDGE('',*,*,#4062,.F.);
#5073=ORIENTED_EDGE('',*,*,#4064,.F.);
#5074=ORIENTED_EDGE('',*,*,#4065,.T.);
#5075=ORIENTED_EDGE('',*,*,#4066,.F.);
#5076=ORIENTED_EDGE('',*,*,#4065,.F.);
#5077=ORIENTED_EDGE('',*,*,#4067,.F.);
#5078=ORIENTED_EDGE('',*,*,#4068,.T.);
#5079=ORIENTED_EDGE('',*,*,#4069,.F.);
#5080=ORIENTED_EDGE('',*,*,#4068,.F.);
#5081=ORIENTED_EDGE('',*,*,#4070,.F.);
#5082=ORIENTED_EDGE('',*,*,#4071,.T.);
#5083=ORIENTED_EDGE('',*,*,#4072,.F.);
#5084=ORIENTED_EDGE('',*,*,#4071,.F.);
#5085=ORIENTED_EDGE('',*,*,#4073,.F.);
#5086=ORIENTED_EDGE('',*,*,#4074,.T.);
#5087=ORIENTED_EDGE('',*,*,#4075,.F.);
#5088=ORIENTED_EDGE('',*,*,#4074,.F.);
#5089=ORIENTED_EDGE('',*,*,#4076,.F.);
#5090=ORIENTED_EDGE('',*,*,#4077,.T.);
#5091=ORIENTED_EDGE('',*,*,#4078,.F.);
#5092=ORIENTED_EDGE('',*,*,#4077,.F.);
#5093=ORIENTED_EDGE('',*,*,#4079,.F.);
#5094=ORIENTED_EDGE('',*,*,#4080,.T.);
#5095=ORIENTED_EDGE('',*,*,#4081,.F.);
#5096=ORIENTED_EDGE('',*,*,#4080,.F.);
#5097=ORIENTED_EDGE('',*,*,#4082,.F.);
#5098=ORIENTED_EDGE('',*,*,#4083,.T.);
#5099=ORIENTED_EDGE('',*,*,#4084,.F.);
#5100=ORIENTED_EDGE('',*,*,#4083,.F.);
#5101=ORIENTED_EDGE('',*,*,#4085,.F.);
#5102=ORIENTED_EDGE('',*,*,#4086,.T.);
#5103=ORIENTED_EDGE('',*,*,#4087,.F.);
#5104=ORIENTED_EDGE('',*,*,#4086,.F.);
#5105=ORIENTED_EDGE('',*,*,#4088,.F.);
#5106=ORIENTED_EDGE('',*,*,#4089,.T.);
#5107=ORIENTED_EDGE('',*,*,#4090,.F.);
#5108=ORIENTED_EDGE('',*,*,#4089,.F.);
#5109=ORIENTED_EDGE('',*,*,#4091,.F.);
#5110=ORIENTED_EDGE('',*,*,#4092,.T.);
#5111=ORIENTED_EDGE('',*,*,#4093,.F.);
#5112=ORIENTED_EDGE('',*,*,#4092,.F.);
#5113=ORIENTED_EDGE('',*,*,#4094,.F.);
#5114=ORIENTED_EDGE('',*,*,#4095,.T.);
#5115=ORIENTED_EDGE('',*,*,#4096,.F.);
#5116=ORIENTED_EDGE('',*,*,#4095,.F.);
#5117=ORIENTED_EDGE('',*,*,#4097,.F.);
#5118=ORIENTED_EDGE('',*,*,#4098,.T.);
#5119=ORIENTED_EDGE('',*,*,#4099,.F.);
#5120=ORIENTED_EDGE('',*,*,#4098,.F.);
#5121=ORIENTED_EDGE('',*,*,#4100,.F.);
#5122=ORIENTED_EDGE('',*,*,#4101,.T.);
#5123=ORIENTED_EDGE('',*,*,#4102,.F.);
#5124=ORIENTED_EDGE('',*,*,#4101,.F.);
#5125=ORIENTED_EDGE('',*,*,#4103,.F.);
#5126=ORIENTED_EDGE('',*,*,#4104,.T.);
#5127=ORIENTED_EDGE('',*,*,#4105,.F.);
#5128=ORIENTED_EDGE('',*,*,#4104,.F.);
#5129=ORIENTED_EDGE('',*,*,#4106,.F.);
#5130=ORIENTED_EDGE('',*,*,#4107,.T.);
#5131=ORIENTED_EDGE('',*,*,#4108,.F.);
#5132=ORIENTED_EDGE('',*,*,#4107,.F.);
#5133=ORIENTED_EDGE('',*,*,#4109,.F.);
#5134=ORIENTED_EDGE('',*,*,#4110,.T.);
#5135=ORIENTED_EDGE('',*,*,#4111,.F.);
#5136=ORIENTED_EDGE('',*,*,#4110,.F.);
#5137=ORIENTED_EDGE('',*,*,#4112,.F.);
#5138=ORIENTED_EDGE('',*,*,#4113,.T.);
#5139=ORIENTED_EDGE('',*,*,#4114,.F.);
#5140=ORIENTED_EDGE('',*,*,#4113,.F.);
#5141=ORIENTED_EDGE('',*,*,#4115,.F.);
#5142=ORIENTED_EDGE('',*,*,#4116,.T.);
#5143=ORIENTED_EDGE('',*,*,#4117,.F.);
#5144=ORIENTED_EDGE('',*,*,#4116,.F.);
#5145=ORIENTED_EDGE('',*,*,#4118,.F.);
#5146=ORIENTED_EDGE('',*,*,#4119,.T.);
#5147=ORIENTED_EDGE('',*,*,#4120,.F.);
#5148=ORIENTED_EDGE('',*,*,#4119,.F.);
#5149=ORIENTED_EDGE('',*,*,#4121,.F.);
#5150=ORIENTED_EDGE('',*,*,#4122,.T.);
#5151=ORIENTED_EDGE('',*,*,#4123,.F.);
#5152=ORIENTED_EDGE('',*,*,#4122,.F.);
#5153=ORIENTED_EDGE('',*,*,#4124,.F.);
#5154=ORIENTED_EDGE('',*,*,#4125,.T.);
#5155=ORIENTED_EDGE('',*,*,#4126,.F.);
#5156=ORIENTED_EDGE('',*,*,#4125,.F.);
#5157=ORIENTED_EDGE('',*,*,#4127,.F.);
#5158=ORIENTED_EDGE('',*,*,#4128,.T.);
#5159=ORIENTED_EDGE('',*,*,#4129,.F.);
#5160=ORIENTED_EDGE('',*,*,#4128,.F.);
#5161=ORIENTED_EDGE('',*,*,#4130,.F.);
#5162=ORIENTED_EDGE('',*,*,#4131,.T.);
#5163=ORIENTED_EDGE('',*,*,#4132,.F.);
#5164=ORIENTED_EDGE('',*,*,#4131,.F.);
#5165=ORIENTED_EDGE('',*,*,#4133,.F.);
#5166=ORIENTED_EDGE('',*,*,#4134,.T.);
#5167=ORIENTED_EDGE('',*,*,#4135,.F.);
#5168=ORIENTED_EDGE('',*,*,#4134,.F.);
#5169=ORIENTED_EDGE('',*,*,#4136,.F.);
#5170=ORIENTED_EDGE('',*,*,#4137,.T.);
#5171=ORIENTED_EDGE('',*,*,#4138,.F.);
#5172=ORIENTED_EDGE('',*,*,#4137,.F.);
#5173=ORIENTED_EDGE('',*,*,#4139,.F.);
#5174=ORIENTED_EDGE('',*,*,#4140,.T.);
#5175=ORIENTED_EDGE('',*,*,#4141,.F.);
#5176=ORIENTED_EDGE('',*,*,#4140,.F.);
#5177=ORIENTED_EDGE('',*,*,#4142,.F.);
#5178=ORIENTED_EDGE('',*,*,#4143,.T.);
#5179=ORIENTED_EDGE('',*,*,#4144,.F.);
#5180=ORIENTED_EDGE('',*,*,#4143,.F.);
#5181=ORIENTED_EDGE('',*,*,#4145,.F.);
#5182=ORIENTED_EDGE('',*,*,#4146,.T.);
#5183=ORIENTED_EDGE('',*,*,#4147,.F.);
#5184=ORIENTED_EDGE('',*,*,#4146,.F.);
#5185=ORIENTED_EDGE('',*,*,#4148,.F.);
#5186=ORIENTED_EDGE('',*,*,#4149,.T.);
#5187=ORIENTED_EDGE('',*,*,#4150,.F.);
#5188=ORIENTED_EDGE('',*,*,#4149,.F.);
#5189=ORIENTED_EDGE('',*,*,#4151,.F.);
#5190=ORIENTED_EDGE('',*,*,#4152,.T.);
#5191=ORIENTED_EDGE('',*,*,#4153,.F.);
#5192=ORIENTED_EDGE('',*,*,#4152,.F.);
#5193=ORIENTED_EDGE('',*,*,#4154,.F.);
#5194=ORIENTED_EDGE('',*,*,#4155,.T.);
#5195=ORIENTED_EDGE('',*,*,#4156,.F.);
#5196=ORIENTED_EDGE('',*,*,#4155,.F.);
#5197=ORIENTED_EDGE('',*,*,#4157,.F.);
#5198=ORIENTED_EDGE('',*,*,#4158,.T.);
#5199=ORIENTED_EDGE('',*,*,#4159,.F.);
#5200=ORIENTED_EDGE('',*,*,#4158,.F.);
#5201=ORIENTED_EDGE('',*,*,#4160,.F.);
#5202=ORIENTED_EDGE('',*,*,#4161,.T.);
#5203=ORIENTED_EDGE('',*,*,#4162,.F.);
#5204=ORIENTED_EDGE('',*,*,#4161,.F.);
#5205=ORIENTED_EDGE('',*,*,#4163,.F.);
#5206=ORIENTED_EDGE('',*,*,#4164,.T.);
#5207=ORIENTED_EDGE('',*,*,#4165,.F.);
#5208=ORIENTED_EDGE('',*,*,#4164,.F.);
#5209=ORIENTED_EDGE('',*,*,#4166,.F.);
#5210=ORIENTED_EDGE('',*,*,#4167,.T.);
#5211=ORIENTED_EDGE('',*,*,#4168,.F.);
#5212=ORIENTED_EDGE('',*,*,#4167,.F.);
#5213=ORIENTED_EDGE('',*,*,#4169,.F.);
#5214=ORIENTED_EDGE('',*,*,#4170,.T.);
#5215=ORIENTED_EDGE('',*,*,#4171,.F.);
#5216=ORIENTED_EDGE('',*,*,#4170,.F.);
#5217=ORIENTED_EDGE('',*,*,#4172,.F.);
#5218=ORIENTED_EDGE('',*,*,#4173,.T.);
#5219=ORIENTED_EDGE('',*,*,#4174,.F.);
#5220=ORIENTED_EDGE('',*,*,#4173,.F.);
#5221=ORIENTED_EDGE('',*,*,#4175,.F.);
#5222=ORIENTED_EDGE('',*,*,#4176,.T.);
#5223=ORIENTED_EDGE('',*,*,#4177,.F.);
#5224=ORIENTED_EDGE('',*,*,#4176,.F.);
#5225=ORIENTED_EDGE('',*,*,#4178,.F.);
#5226=ORIENTED_EDGE('',*,*,#4179,.T.);
#5227=ORIENTED_EDGE('',*,*,#4180,.F.);
#5228=ORIENTED_EDGE('',*,*,#4179,.F.);
#5229=ORIENTED_EDGE('',*,*,#4181,.F.);
#5230=ORIENTED_EDGE('',*,*,#4182,.T.);
#5231=ORIENTED_EDGE('',*,*,#4183,.F.);
#5232=ORIENTED_EDGE('',*,*,#4182,.F.);
#5233=ORIENTED_EDGE('',*,*,#4184,.F.);
#5234=ORIENTED_EDGE('',*,*,#4185,.T.);
#5235=ORIENTED_EDGE('',*,*,#4186,.F.);
#5236=ORIENTED_EDGE('',*,*,#4185,.F.);
#5237=ORIENTED_EDGE('',*,*,#4187,.F.);
#5238=ORIENTED_EDGE('',*,*,#4188,.T.);
#5239=ORIENTED_EDGE('',*,*,#4189,.F.);
#5240=ORIENTED_EDGE('',*,*,#4188,.F.);
#5241=ORIENTED_EDGE('',*,*,#4190,.F.);
#5242=ORIENTED_EDGE('',*,*,#4191,.T.);
#5243=ORIENTED_EDGE('',*,*,#4192,.F.);
#5244=ORIENTED_EDGE('',*,*,#4191,.F.);
#5245=ORIENTED_EDGE('',*,*,#4193,.F.);
#5246=ORIENTED_EDGE('',*,*,#4194,.T.);
#5247=ORIENTED_EDGE('',*,*,#4195,.F.);
#5248=ORIENTED_EDGE('',*,*,#4194,.F.);
#5249=ORIENTED_EDGE('',*,*,#4196,.F.);
#5250=ORIENTED_EDGE('',*,*,#4197,.T.);
#5251=ORIENTED_EDGE('',*,*,#4198,.F.);
#5252=ORIENTED_EDGE('',*,*,#4197,.F.);
#5253=ORIENTED_EDGE('',*,*,#4199,.F.);
#5254=ORIENTED_EDGE('',*,*,#4200,.T.);
#5255=ORIENTED_EDGE('',*,*,#4201,.F.);
#5256=ORIENTED_EDGE('',*,*,#4200,.F.);
#5257=ORIENTED_EDGE('',*,*,#4202,.F.);
#5258=ORIENTED_EDGE('',*,*,#4203,.T.);
#5259=ORIENTED_EDGE('',*,*,#4204,.F.);
#5260=ORIENTED_EDGE('',*,*,#4203,.F.);
#5261=ORIENTED_EDGE('',*,*,#4205,.F.);
#5262=ORIENTED_EDGE('',*,*,#4206,.T.);
#5263=ORIENTED_EDGE('',*,*,#4207,.F.);
#5264=ORIENTED_EDGE('',*,*,#4206,.F.);
#5265=ORIENTED_EDGE('',*,*,#4208,.F.);
#5266=ORIENTED_EDGE('',*,*,#4209,.T.);
#5267=ORIENTED_EDGE('',*,*,#4210,.F.);
#5268=ORIENTED_EDGE('',*,*,#4209,.F.);
#5269=ORIENTED_EDGE('',*,*,#4211,.F.);
#5270=ORIENTED_EDGE('',*,*,#4212,.T.);
#5271=ORIENTED_EDGE('',*,*,#4213,.F.);
#5272=ORIENTED_EDGE('',*,*,#4212,.F.);
#5273=ORIENTED_EDGE('',*,*,#4214,.F.);
#5274=ORIENTED_EDGE('',*,*,#4215,.T.);
#5275=ORIENTED_EDGE('',*,*,#4216,.F.);
#5276=ORIENTED_EDGE('',*,*,#4215,.F.);
#5277=ORIENTED_EDGE('',*,*,#4217,.F.);
#5278=ORIENTED_EDGE('',*,*,#4218,.T.);
#5279=ORIENTED_EDGE('',*,*,#4219,.F.);
#5280=ORIENTED_EDGE('',*,*,#4218,.F.);
#5281=ORIENTED_EDGE('',*,*,#4220,.F.);
#5282=ORIENTED_EDGE('',*,*,#4221,.T.);
#5283=ORIENTED_EDGE('',*,*,#4222,.F.);
#5284=ORIENTED_EDGE('',*,*,#4221,.F.);
#5285=ORIENTED_EDGE('',*,*,#4223,.F.);
#5286=ORIENTED_EDGE('',*,*,#4224,.T.);
#5287=ORIENTED_EDGE('',*,*,#4225,.F.);
#5288=ORIENTED_EDGE('',*,*,#4224,.F.);
#5289=ORIENTED_EDGE('',*,*,#4226,.F.);
#5290=ORIENTED_EDGE('',*,*,#4227,.T.);
#5291=ORIENTED_EDGE('',*,*,#4228,.F.);
#5292=ORIENTED_EDGE('',*,*,#4227,.F.);
#5293=ORIENTED_EDGE('',*,*,#4229,.F.);
#5294=ORIENTED_EDGE('',*,*,#4230,.T.);
#5295=ORIENTED_EDGE('',*,*,#4231,.F.);
#5296=ORIENTED_EDGE('',*,*,#4230,.F.);
#5297=ORIENTED_EDGE('',*,*,#4232,.F.);
#5298=ORIENTED_EDGE('',*,*,#4233,.T.);
#5299=ORIENTED_EDGE('',*,*,#4234,.F.);
#5300=ORIENTED_EDGE('',*,*,#4233,.F.);
#5301=ORIENTED_EDGE('',*,*,#4235,.F.);
#5302=ORIENTED_EDGE('',*,*,#4236,.T.);
#5303=ORIENTED_EDGE('',*,*,#4237,.F.);
#5304=ORIENTED_EDGE('',*,*,#4236,.F.);
#5305=ORIENTED_EDGE('',*,*,#4238,.F.);
#5306=ORIENTED_EDGE('',*,*,#4239,.T.);
#5307=ORIENTED_EDGE('',*,*,#4240,.F.);
#5308=ORIENTED_EDGE('',*,*,#4239,.F.);
#5309=ORIENTED_EDGE('',*,*,#4241,.F.);
#5310=ORIENTED_EDGE('',*,*,#4242,.T.);
#5311=ORIENTED_EDGE('',*,*,#4243,.F.);
#5312=ORIENTED_EDGE('',*,*,#4242,.F.);
#5313=ORIENTED_EDGE('',*,*,#4244,.F.);
#5314=ORIENTED_EDGE('',*,*,#4245,.T.);
#5315=ORIENTED_EDGE('',*,*,#4246,.F.);
#5316=ORIENTED_EDGE('',*,*,#4245,.F.);
#5317=ORIENTED_EDGE('',*,*,#4247,.F.);
#5318=ORIENTED_EDGE('',*,*,#4248,.T.);
#5319=ORIENTED_EDGE('',*,*,#4249,.F.);
#5320=ORIENTED_EDGE('',*,*,#4248,.F.);
#5321=ORIENTED_EDGE('',*,*,#4250,.F.);
#5322=ORIENTED_EDGE('',*,*,#4251,.T.);
#5323=ORIENTED_EDGE('',*,*,#4252,.F.);
#5324=ORIENTED_EDGE('',*,*,#4251,.F.);
#5325=ORIENTED_EDGE('',*,*,#4253,.F.);
#5326=ORIENTED_EDGE('',*,*,#4254,.T.);
#5327=ORIENTED_EDGE('',*,*,#4255,.F.);
#5328=ORIENTED_EDGE('',*,*,#4254,.F.);
#5329=ORIENTED_EDGE('',*,*,#4256,.F.);
#5330=ORIENTED_EDGE('',*,*,#4257,.T.);
#5331=ORIENTED_EDGE('',*,*,#4258,.F.);
#5332=ORIENTED_EDGE('',*,*,#4257,.F.);
#5333=ORIENTED_EDGE('',*,*,#4259,.F.);
#5334=ORIENTED_EDGE('',*,*,#4260,.T.);
#5335=ORIENTED_EDGE('',*,*,#4261,.F.);
#5336=ORIENTED_EDGE('',*,*,#4260,.F.);
#5337=ORIENTED_EDGE('',*,*,#4262,.F.);
#5338=ORIENTED_EDGE('',*,*,#4263,.T.);
#5339=ORIENTED_EDGE('',*,*,#4264,.F.);
#5340=ORIENTED_EDGE('',*,*,#4263,.F.);
#5341=ORIENTED_EDGE('',*,*,#4265,.F.);
#5342=ORIENTED_EDGE('',*,*,#4266,.T.);
#5343=ORIENTED_EDGE('',*,*,#4267,.F.);
#5344=ORIENTED_EDGE('',*,*,#4266,.F.);
#5345=ORIENTED_EDGE('',*,*,#4268,.F.);
#5346=ORIENTED_EDGE('',*,*,#4269,.T.);
#5347=ORIENTED_EDGE('',*,*,#4270,.F.);
#5348=ORIENTED_EDGE('',*,*,#4269,.F.);
#5349=ORIENTED_EDGE('',*,*,#4271,.F.);
#5350=ORIENTED_EDGE('',*,*,#4272,.T.);
#5351=ORIENTED_EDGE('',*,*,#4273,.F.);
#5352=ORIENTED_EDGE('',*,*,#4272,.F.);
#5353=ORIENTED_EDGE('',*,*,#4274,.F.);
#5354=ORIENTED_EDGE('',*,*,#4275,.T.);
#5355=ORIENTED_EDGE('',*,*,#4276,.F.);
#5356=ORIENTED_EDGE('',*,*,#4275,.F.);
#5357=ORIENTED_EDGE('',*,*,#4277,.F.);
#5358=ORIENTED_EDGE('',*,*,#4278,.T.);
#5359=ORIENTED_EDGE('',*,*,#4279,.F.);
#5360=ORIENTED_EDGE('',*,*,#4278,.F.);
#5361=ORIENTED_EDGE('',*,*,#4280,.F.);
#5362=ORIENTED_EDGE('',*,*,#4281,.T.);
#5363=ORIENTED_EDGE('',*,*,#4282,.F.);
#5364=ORIENTED_EDGE('',*,*,#4281,.F.);
#5365=ORIENTED_EDGE('',*,*,#4283,.F.);
#5366=ORIENTED_EDGE('',*,*,#4284,.T.);
#5367=ORIENTED_EDGE('',*,*,#4285,.F.);
#5368=ORIENTED_EDGE('',*,*,#4284,.F.);
#5369=ORIENTED_EDGE('',*,*,#4286,.F.);
#5370=ORIENTED_EDGE('',*,*,#4287,.T.);
#5371=ORIENTED_EDGE('',*,*,#4288,.F.);
#5372=ORIENTED_EDGE('',*,*,#4287,.F.);
#5373=ORIENTED_EDGE('',*,*,#4289,.F.);
#5374=ORIENTED_EDGE('',*,*,#4290,.T.);
#5375=ORIENTED_EDGE('',*,*,#4291,.F.);
#5376=ORIENTED_EDGE('',*,*,#4290,.F.);
#5377=ORIENTED_EDGE('',*,*,#4292,.F.);
#5378=ORIENTED_EDGE('',*,*,#4293,.T.);
#5379=ORIENTED_EDGE('',*,*,#4294,.F.);
#5380=ORIENTED_EDGE('',*,*,#4293,.F.);
#5381=ORIENTED_EDGE('',*,*,#4295,.F.);
#5382=ORIENTED_EDGE('',*,*,#4296,.T.);
#5383=ORIENTED_EDGE('',*,*,#4297,.F.);
#5384=ORIENTED_EDGE('',*,*,#4296,.F.);
#5385=ORIENTED_EDGE('',*,*,#4298,.F.);
#5386=ORIENTED_EDGE('',*,*,#4299,.T.);
#5387=ORIENTED_EDGE('',*,*,#4300,.F.);
#5388=ORIENTED_EDGE('',*,*,#4299,.F.);
#5389=ORIENTED_EDGE('',*,*,#4301,.F.);
#5390=ORIENTED_EDGE('',*,*,#4302,.T.);
#5391=ORIENTED_EDGE('',*,*,#4303,.F.);
#5392=ORIENTED_EDGE('',*,*,#4302,.F.);
#5393=ORIENTED_EDGE('',*,*,#4304,.F.);
#5394=ORIENTED_EDGE('',*,*,#4305,.T.);
#5395=ORIENTED_EDGE('',*,*,#4306,.F.);
#5396=ORIENTED_EDGE('',*,*,#4305,.F.);
#5397=ORIENTED_EDGE('',*,*,#4307,.F.);
#5398=ORIENTED_EDGE('',*,*,#4308,.T.);
#5399=ORIENTED_EDGE('',*,*,#4309,.F.);
#5400=ORIENTED_EDGE('',*,*,#4308,.F.);
#5401=ORIENTED_EDGE('',*,*,#4310,.F.);
#5402=ORIENTED_EDGE('',*,*,#4311,.T.);
#5403=ORIENTED_EDGE('',*,*,#4312,.F.);
#5404=ORIENTED_EDGE('',*,*,#4311,.F.);
#5405=ORIENTED_EDGE('',*,*,#4313,.F.);
#5406=ORIENTED_EDGE('',*,*,#4314,.T.);
#5407=ORIENTED_EDGE('',*,*,#4315,.F.);
#5408=ORIENTED_EDGE('',*,*,#4314,.F.);
#5409=ORIENTED_EDGE('',*,*,#4316,.F.);
#5410=ORIENTED_EDGE('',*,*,#4317,.T.);
#5411=ORIENTED_EDGE('',*,*,#4318,.F.);
#5412=ORIENTED_EDGE('',*,*,#4317,.F.);
#5413=ORIENTED_EDGE('',*,*,#4319,.F.);
#5414=ORIENTED_EDGE('',*,*,#4320,.T.);
#5415=ORIENTED_EDGE('',*,*,#4321,.F.);
#5416=ORIENTED_EDGE('',*,*,#4320,.F.);
#5417=ORIENTED_EDGE('',*,*,#4322,.F.);
#5418=ORIENTED_EDGE('',*,*,#4323,.T.);
#5419=ORIENTED_EDGE('',*,*,#4324,.F.);
#5420=ORIENTED_EDGE('',*,*,#4323,.F.);
#5421=ORIENTED_EDGE('',*,*,#4325,.F.);
#5422=ORIENTED_EDGE('',*,*,#4326,.T.);
#5423=ORIENTED_EDGE('',*,*,#4327,.F.);
#5424=ORIENTED_EDGE('',*,*,#4326,.F.);
#5425=ORIENTED_EDGE('',*,*,#4328,.F.);
#5426=ORIENTED_EDGE('',*,*,#4329,.T.);
#5427=ORIENTED_EDGE('',*,*,#4330,.F.);
#5428=ORIENTED_EDGE('',*,*,#4329,.F.);
#5429=ORIENTED_EDGE('',*,*,#4331,.F.);
#5430=ORIENTED_EDGE('',*,*,#4332,.T.);
#5431=ORIENTED_EDGE('',*,*,#4333,.F.);
#5432=ORIENTED_EDGE('',*,*,#4332,.F.);
#5433=ORIENTED_EDGE('',*,*,#4334,.F.);
#5434=ORIENTED_EDGE('',*,*,#4335,.T.);
#5435=ORIENTED_EDGE('',*,*,#4336,.F.);
#5436=ORIENTED_EDGE('',*,*,#4335,.F.);
#5437=ORIENTED_EDGE('',*,*,#4337,.F.);
#5438=ORIENTED_EDGE('',*,*,#4338,.T.);
#5439=ORIENTED_EDGE('',*,*,#4339,.F.);
#5440=ORIENTED_EDGE('',*,*,#4338,.F.);
#5441=ORIENTED_EDGE('',*,*,#4340,.F.);
#5442=ORIENTED_EDGE('',*,*,#4341,.T.);
#5443=ORIENTED_EDGE('',*,*,#4342,.F.);
#5444=ORIENTED_EDGE('',*,*,#4341,.F.);
#5445=ORIENTED_EDGE('',*,*,#4343,.F.);
#5446=ORIENTED_EDGE('',*,*,#4344,.T.);
#5447=ORIENTED_EDGE('',*,*,#4345,.F.);
#5448=ORIENTED_EDGE('',*,*,#4344,.F.);
#5449=ORIENTED_EDGE('',*,*,#4346,.F.);
#5450=ORIENTED_EDGE('',*,*,#4347,.T.);
#5451=ORIENTED_EDGE('',*,*,#4348,.F.);
#5452=ORIENTED_EDGE('',*,*,#4347,.F.);
#5453=ORIENTED_EDGE('',*,*,#4349,.F.);
#5454=ORIENTED_EDGE('',*,*,#4350,.T.);
#5455=ORIENTED_EDGE('',*,*,#4351,.F.);
#5456=ORIENTED_EDGE('',*,*,#4350,.F.);
#5457=ORIENTED_EDGE('',*,*,#4352,.F.);
#5458=ORIENTED_EDGE('',*,*,#4353,.T.);
#5459=ORIENTED_EDGE('',*,*,#4354,.F.);
#5460=ORIENTED_EDGE('',*,*,#4353,.F.);
#5461=ORIENTED_EDGE('',*,*,#4355,.F.);
#5462=ORIENTED_EDGE('',*,*,#4356,.T.);
#5463=ORIENTED_EDGE('',*,*,#4357,.F.);
#5464=ORIENTED_EDGE('',*,*,#4356,.F.);
#5465=ORIENTED_EDGE('',*,*,#4358,.F.);
#5466=ORIENTED_EDGE('',*,*,#4359,.T.);
#5467=ORIENTED_EDGE('',*,*,#4360,.F.);
#5468=ORIENTED_EDGE('',*,*,#4359,.F.);
#5469=ORIENTED_EDGE('',*,*,#4361,.F.);
#5470=ORIENTED_EDGE('',*,*,#4362,.T.);
#5471=ORIENTED_EDGE('',*,*,#4363,.F.);
#5472=ORIENTED_EDGE('',*,*,#4362,.F.);
#5473=ORIENTED_EDGE('',*,*,#4364,.F.);
#5474=ORIENTED_EDGE('',*,*,#4365,.T.);
#5475=ORIENTED_EDGE('',*,*,#4366,.F.);
#5476=ORIENTED_EDGE('',*,*,#4365,.F.);
#5477=ORIENTED_EDGE('',*,*,#4367,.F.);
#5478=ORIENTED_EDGE('',*,*,#4368,.T.);
#5479=ORIENTED_EDGE('',*,*,#4369,.F.);
#5480=ORIENTED_EDGE('',*,*,#4368,.F.);
#5481=ORIENTED_EDGE('',*,*,#4370,.F.);
#5482=ORIENTED_EDGE('',*,*,#4371,.T.);
#5483=ORIENTED_EDGE('',*,*,#4372,.F.);
#5484=ORIENTED_EDGE('',*,*,#4371,.F.);
#5485=ORIENTED_EDGE('',*,*,#4373,.F.);
#5486=ORIENTED_EDGE('',*,*,#4374,.T.);
#5487=ORIENTED_EDGE('',*,*,#4375,.F.);
#5488=ORIENTED_EDGE('',*,*,#4374,.F.);
#5489=ORIENTED_EDGE('',*,*,#4376,.F.);
#5490=ORIENTED_EDGE('',*,*,#4377,.T.);
#5491=ORIENTED_EDGE('',*,*,#4378,.F.);
#5492=ORIENTED_EDGE('',*,*,#4377,.F.);
#5493=ORIENTED_EDGE('',*,*,#4379,.F.);
#5494=ORIENTED_EDGE('',*,*,#4380,.T.);
#5495=ORIENTED_EDGE('',*,*,#4381,.F.);
#5496=ORIENTED_EDGE('',*,*,#4380,.F.);
#5497=ORIENTED_EDGE('',*,*,#4382,.F.);
#5498=ORIENTED_EDGE('',*,*,#4383,.T.);
#5499=ORIENTED_EDGE('',*,*,#4384,.F.);
#5500=ORIENTED_EDGE('',*,*,#4383,.F.);
#5501=ORIENTED_EDGE('',*,*,#4385,.F.);
#5502=ORIENTED_EDGE('',*,*,#4386,.T.);
#5503=ORIENTED_EDGE('',*,*,#4387,.F.);
#5504=ORIENTED_EDGE('',*,*,#4386,.F.);
#5505=ORIENTED_EDGE('',*,*,#4388,.F.);
#5506=ORIENTED_EDGE('',*,*,#4389,.T.);
#5507=ORIENTED_EDGE('',*,*,#4390,.F.);
#5508=ORIENTED_EDGE('',*,*,#4389,.F.);
#5509=ORIENTED_EDGE('',*,*,#4391,.F.);
#5510=ORIENTED_EDGE('',*,*,#4392,.T.);
#5511=ORIENTED_EDGE('',*,*,#4393,.F.);
#5512=ORIENTED_EDGE('',*,*,#4392,.F.);
#5513=ORIENTED_EDGE('',*,*,#4394,.F.);
#5514=ORIENTED_EDGE('',*,*,#4395,.T.);
#5515=ORIENTED_EDGE('',*,*,#4396,.F.);
#5516=ORIENTED_EDGE('',*,*,#4395,.F.);
#5517=ORIENTED_EDGE('',*,*,#4397,.F.);
#5518=ORIENTED_EDGE('',*,*,#4398,.T.);
#5519=ORIENTED_EDGE('',*,*,#4399,.F.);
#5520=ORIENTED_EDGE('',*,*,#4398,.F.);
#5521=ORIENTED_EDGE('',*,*,#4400,.F.);
#5522=ORIENTED_EDGE('',*,*,#4401,.T.);
#5523=ORIENTED_EDGE('',*,*,#4402,.F.);
#5524=ORIENTED_EDGE('',*,*,#4401,.F.);
#5525=ORIENTED_EDGE('',*,*,#4403,.F.);
#5526=ORIENTED_EDGE('',*,*,#4404,.T.);
#5527=ORIENTED_EDGE('',*,*,#4405,.F.);
#5528=ORIENTED_EDGE('',*,*,#4404,.F.);
#5529=ORIENTED_EDGE('',*,*,#4406,.F.);
#5530=ORIENTED_EDGE('',*,*,#4407,.T.);
#5531=ORIENTED_EDGE('',*,*,#4408,.F.);
#5532=ORIENTED_EDGE('',*,*,#4407,.F.);
#5533=ORIENTED_EDGE('',*,*,#4409,.F.);
#5534=ORIENTED_EDGE('',*,*,#4410,.T.);
#5535=ORIENTED_EDGE('',*,*,#4411,.F.);
#5536=ORIENTED_EDGE('',*,*,#4410,.F.);
#5537=ORIENTED_EDGE('',*,*,#4412,.F.);
#5538=ORIENTED_EDGE('',*,*,#4413,.T.);
#5539=ORIENTED_EDGE('',*,*,#4414,.F.);
#5540=ORIENTED_EDGE('',*,*,#4413,.F.);
#5541=ORIENTED_EDGE('',*,*,#4415,.F.);
#5542=ORIENTED_EDGE('',*,*,#4416,.T.);
#5543=ORIENTED_EDGE('',*,*,#4417,.F.);
#5544=ORIENTED_EDGE('',*,*,#4416,.F.);
#5545=ORIENTED_EDGE('',*,*,#4418,.F.);
#5546=ORIENTED_EDGE('',*,*,#4419,.T.);
#5547=ORIENTED_EDGE('',*,*,#4420,.F.);
#5548=ORIENTED_EDGE('',*,*,#4419,.F.);
#5549=ORIENTED_EDGE('',*,*,#4421,.F.);
#5550=ORIENTED_EDGE('',*,*,#4422,.T.);
#5551=ORIENTED_EDGE('',*,*,#4423,.F.);
#5552=ORIENTED_EDGE('',*,*,#4422,.F.);
#5553=ORIENTED_EDGE('',*,*,#4424,.F.);
#5554=ORIENTED_EDGE('',*,*,#4425,.T.);
#5555=ORIENTED_EDGE('',*,*,#4426,.F.);
#5556=ORIENTED_EDGE('',*,*,#4425,.F.);
#5557=ORIENTED_EDGE('',*,*,#4427,.F.);
#5558=ORIENTED_EDGE('',*,*,#4428,.T.);
#5559=ORIENTED_EDGE('',*,*,#4429,.F.);
#5560=ORIENTED_EDGE('',*,*,#4428,.F.);
#5561=ORIENTED_EDGE('',*,*,#4430,.F.);
#5562=ORIENTED_EDGE('',*,*,#4431,.T.);
#5563=ORIENTED_EDGE('',*,*,#4432,.F.);
#5564=ORIENTED_EDGE('',*,*,#4431,.F.);
#5565=ORIENTED_EDGE('',*,*,#4433,.F.);
#5566=ORIENTED_EDGE('',*,*,#4434,.T.);
#5567=ORIENTED_EDGE('',*,*,#4435,.F.);
#5568=ORIENTED_EDGE('',*,*,#4434,.F.);
#5569=ORIENTED_EDGE('',*,*,#4436,.F.);
#5570=ORIENTED_EDGE('',*,*,#4437,.T.);
#5571=ORIENTED_EDGE('',*,*,#4438,.F.);
#5572=ORIENTED_EDGE('',*,*,#4437,.F.);
#5573=ORIENTED_EDGE('',*,*,#4439,.F.);
#5574=ORIENTED_EDGE('',*,*,#4440,.T.);
#5575=ORIENTED_EDGE('',*,*,#4441,.F.);
#5576=ORIENTED_EDGE('',*,*,#4440,.F.);
#5577=ORIENTED_EDGE('',*,*,#4442,.F.);
#5578=ORIENTED_EDGE('',*,*,#4443,.T.);
#5579=ORIENTED_EDGE('',*,*,#4444,.F.);
#5580=ORIENTED_EDGE('',*,*,#4443,.F.);
#5581=ORIENTED_EDGE('',*,*,#4445,.F.);
#5582=ORIENTED_EDGE('',*,*,#4446,.T.);
#5583=ORIENTED_EDGE('',*,*,#4447,.F.);
#5584=ORIENTED_EDGE('',*,*,#4446,.F.);
#5585=ORIENTED_EDGE('',*,*,#4448,.F.);
#5586=ORIENTED_EDGE('',*,*,#4449,.T.);
#5587=ORIENTED_EDGE('',*,*,#4450,.F.);
#5588=ORIENTED_EDGE('',*,*,#4449,.F.);
#5589=ORIENTED_EDGE('',*,*,#4451,.F.);
#5590=ORIENTED_EDGE('',*,*,#4452,.T.);
#5591=ORIENTED_EDGE('',*,*,#4453,.F.);
#5592=ORIENTED_EDGE('',*,*,#4452,.F.);
#5593=ORIENTED_EDGE('',*,*,#4454,.F.);
#5594=ORIENTED_EDGE('',*,*,#4455,.T.);
#5595=ORIENTED_EDGE('',*,*,#4456,.F.);
#5596=ORIENTED_EDGE('',*,*,#4455,.F.);
#5597=ORIENTED_EDGE('',*,*,#4457,.F.);
#5598=ORIENTED_EDGE('',*,*,#4458,.T.);
#5599=ORIENTED_EDGE('',*,*,#4459,.F.);
#5600=ORIENTED_EDGE('',*,*,#4458,.F.);
#5601=ORIENTED_EDGE('',*,*,#4460,.F.);
#5602=ORIENTED_EDGE('',*,*,#4461,.T.);
#5603=ORIENTED_EDGE('',*,*,#4462,.F.);
#5604=ORIENTED_EDGE('',*,*,#4461,.F.);
#5605=ORIENTED_EDGE('',*,*,#4463,.F.);
#5606=ORIENTED_EDGE('',*,*,#4464,.T.);
#5607=ORIENTED_EDGE('',*,*,#4465,.F.);
#5608=ORIENTED_EDGE('',*,*,#4464,.F.);
#5609=ORIENTED_EDGE('',*,*,#4466,.F.);
#5610=ORIENTED_EDGE('',*,*,#4467,.T.);
#5611=ORIENTED_EDGE('',*,*,#4468,.F.);
#5612=ORIENTED_EDGE('',*,*,#4467,.F.);
#5613=ORIENTED_EDGE('',*,*,#4469,.F.);
#5614=ORIENTED_EDGE('',*,*,#4470,.T.);
#5615=ORIENTED_EDGE('',*,*,#4471,.F.);
#5616=ORIENTED_EDGE('',*,*,#4470,.F.);
#5617=ORIENTED_EDGE('',*,*,#4472,.F.);
#5618=ORIENTED_EDGE('',*,*,#4473,.T.);
#5619=ORIENTED_EDGE('',*,*,#4474,.F.);
#5620=ORIENTED_EDGE('',*,*,#4473,.F.);
#5621=ORIENTED_EDGE('',*,*,#4475,.F.);
#5622=ORIENTED_EDGE('',*,*,#4476,.T.);
#5623=ORIENTED_EDGE('',*,*,#4477,.F.);
#5624=ORIENTED_EDGE('',*,*,#4476,.F.);
#5625=ORIENTED_EDGE('',*,*,#4478,.F.);
#5626=ORIENTED_EDGE('',*,*,#4479,.T.);
#5627=ORIENTED_EDGE('',*,*,#4480,.F.);
#5628=ORIENTED_EDGE('',*,*,#4479,.F.);
#5629=ORIENTED_EDGE('',*,*,#4481,.F.);
#5630=ORIENTED_EDGE('',*,*,#4482,.T.);
#5631=ORIENTED_EDGE('',*,*,#4483,.F.);
#5632=ORIENTED_EDGE('',*,*,#4482,.F.);
#5633=ORIENTED_EDGE('',*,*,#4484,.F.);
#5634=ORIENTED_EDGE('',*,*,#4485,.T.);
#5635=ORIENTED_EDGE('',*,*,#4486,.F.);
#5636=ORIENTED_EDGE('',*,*,#4485,.F.);
#5637=ORIENTED_EDGE('',*,*,#4487,.F.);
#5638=ORIENTED_EDGE('',*,*,#4488,.T.);
#5639=ORIENTED_EDGE('',*,*,#4489,.F.);
#5640=ORIENTED_EDGE('',*,*,#4488,.F.);
#5641=ORIENTED_EDGE('',*,*,#4490,.F.);
#5642=ORIENTED_EDGE('',*,*,#4491,.T.);
#5643=ORIENTED_EDGE('',*,*,#4492,.F.);
#5644=ORIENTED_EDGE('',*,*,#4491,.F.);
#5645=ORIENTED_EDGE('',*,*,#4493,.F.);
#5646=ORIENTED_EDGE('',*,*,#4494,.T.);
#5647=ORIENTED_EDGE('',*,*,#4495,.F.);
#5648=ORIENTED_EDGE('',*,*,#4494,.F.);
#5649=ORIENTED_EDGE('',*,*,#4496,.F.);
#5650=ORIENTED_EDGE('',*,*,#4497,.T.);
#5651=ORIENTED_EDGE('',*,*,#4498,.F.);
#5652=ORIENTED_EDGE('',*,*,#4497,.F.);
#5653=ORIENTED_EDGE('',*,*,#4499,.F.);
#5654=ORIENTED_EDGE('',*,*,#4500,.T.);
#5655=ORIENTED_EDGE('',*,*,#4501,.F.);
#5656=ORIENTED_EDGE('',*,*,#4500,.F.);
#5657=ORIENTED_EDGE('',*,*,#4502,.F.);
#5658=ORIENTED_EDGE('',*,*,#4503,.T.);
#5659=ORIENTED_EDGE('',*,*,#4504,.F.);
#5660=ORIENTED_EDGE('',*,*,#4503,.F.);
#5661=ORIENTED_EDGE('',*,*,#4505,.F.);
#5662=ORIENTED_EDGE('',*,*,#4506,.T.);
#5663=ORIENTED_EDGE('',*,*,#4507,.F.);
#5664=ORIENTED_EDGE('',*,*,#4506,.F.);
#5665=ORIENTED_EDGE('',*,*,#4508,.F.);
#5666=ORIENTED_EDGE('',*,*,#4509,.T.);
#5667=ORIENTED_EDGE('',*,*,#4510,.F.);
#5668=ORIENTED_EDGE('',*,*,#4509,.F.);
#5669=ORIENTED_EDGE('',*,*,#4511,.F.);
#5670=ORIENTED_EDGE('',*,*,#4512,.T.);
#5671=ORIENTED_EDGE('',*,*,#4513,.F.);
#5672=ORIENTED_EDGE('',*,*,#4512,.F.);
#5673=ORIENTED_EDGE('',*,*,#4514,.F.);
#5674=ORIENTED_EDGE('',*,*,#4515,.T.);
#5675=ORIENTED_EDGE('',*,*,#4516,.F.);
#5676=ORIENTED_EDGE('',*,*,#4515,.F.);
#5677=ORIENTED_EDGE('',*,*,#4517,.F.);
#5678=ORIENTED_EDGE('',*,*,#4518,.T.);
#5679=ORIENTED_EDGE('',*,*,#4519,.F.);
#5680=ORIENTED_EDGE('',*,*,#4518,.F.);
#5681=ORIENTED_EDGE('',*,*,#4520,.F.);
#5682=ORIENTED_EDGE('',*,*,#4521,.T.);
#5683=ORIENTED_EDGE('',*,*,#4522,.F.);
#5684=ORIENTED_EDGE('',*,*,#4521,.F.);
#5685=ORIENTED_EDGE('',*,*,#4523,.F.);
#5686=ORIENTED_EDGE('',*,*,#4524,.T.);
#5687=ORIENTED_EDGE('',*,*,#4525,.F.);
#5688=ORIENTED_EDGE('',*,*,#4524,.F.);
#5689=ORIENTED_EDGE('',*,*,#4526,.F.);
#5690=ORIENTED_EDGE('',*,*,#4527,.T.);
#5691=ORIENTED_EDGE('',*,*,#4528,.F.);
#5692=ORIENTED_EDGE('',*,*,#4527,.F.);
#5693=ORIENTED_EDGE('',*,*,#4529,.F.);
#5694=ORIENTED_EDGE('',*,*,#4530,.T.);
#5695=ORIENTED_EDGE('',*,*,#4531,.F.);
#5696=ORIENTED_EDGE('',*,*,#4530,.F.);
#5697=ORIENTED_EDGE('',*,*,#4532,.F.);
#5698=ORIENTED_EDGE('',*,*,#4533,.T.);
#5699=ORIENTED_EDGE('',*,*,#4534,.F.);
#5700=ORIENTED_EDGE('',*,*,#4533,.F.);
#5701=ORIENTED_EDGE('',*,*,#4535,.F.);
#5702=ORIENTED_EDGE('',*,*,#4536,.T.);
#5703=ORIENTED_EDGE('',*,*,#4537,.F.);
#5704=ORIENTED_EDGE('',*,*,#4536,.F.);
#5705=ORIENTED_EDGE('',*,*,#4538,.F.);
#5706=ORIENTED_EDGE('',*,*,#4539,.T.);
#5707=ORIENTED_EDGE('',*,*,#4540,.F.);
#5708=ORIENTED_EDGE('',*,*,#4539,.F.);
#5709=ORIENTED_EDGE('',*,*,#4541,.F.);
#5710=ORIENTED_EDGE('',*,*,#4542,.T.);
#5711=ORIENTED_EDGE('',*,*,#4543,.F.);
#5712=ORIENTED_EDGE('',*,*,#4542,.F.);
#5713=ORIENTED_EDGE('',*,*,#4544,.F.);
#5714=ORIENTED_EDGE('',*,*,#4545,.T.);
#5715=ORIENTED_EDGE('',*,*,#4546,.F.);
#5716=ORIENTED_EDGE('',*,*,#4545,.F.);
#5717=ORIENTED_EDGE('',*,*,#4547,.F.);
#5718=ORIENTED_EDGE('',*,*,#4548,.T.);
#5719=ORIENTED_EDGE('',*,*,#4549,.F.);
#5720=ORIENTED_EDGE('',*,*,#4548,.F.);
#5721=ORIENTED_EDGE('',*,*,#4550,.F.);
#5722=ORIENTED_EDGE('',*,*,#4551,.T.);
#5723=ORIENTED_EDGE('',*,*,#4552,.F.);
#5724=ORIENTED_EDGE('',*,*,#4551,.F.);
#5725=ORIENTED_EDGE('',*,*,#4553,.F.);
#5726=ORIENTED_EDGE('',*,*,#4554,.T.);
#5727=ORIENTED_EDGE('',*,*,#4555,.F.);
#5728=ORIENTED_EDGE('',*,*,#4554,.F.);
#5729=ORIENTED_EDGE('',*,*,#4556,.F.);
#5730=ORIENTED_EDGE('',*,*,#4557,.T.);
#5731=ORIENTED_EDGE('',*,*,#4558,.F.);
#5732=ORIENTED_EDGE('',*,*,#4557,.F.);
#5733=ORIENTED_EDGE('',*,*,#4559,.F.);
#5734=ORIENTED_EDGE('',*,*,#4560,.T.);
#5735=ORIENTED_EDGE('',*,*,#4561,.F.);
#5736=ORIENTED_EDGE('',*,*,#4560,.F.);
#5737=ORIENTED_EDGE('',*,*,#4562,.F.);
#5738=ORIENTED_EDGE('',*,*,#4563,.T.);
#5739=ORIENTED_EDGE('',*,*,#4564,.F.);
#5740=ORIENTED_EDGE('',*,*,#4563,.F.);
#5741=ORIENTED_EDGE('',*,*,#4565,.F.);
#5742=ORIENTED_EDGE('',*,*,#4566,.T.);
#5743=ORIENTED_EDGE('',*,*,#4567,.F.);
#5744=ORIENTED_EDGE('',*,*,#4566,.F.);
#5745=ORIENTED_EDGE('',*,*,#4568,.F.);
#5746=ORIENTED_EDGE('',*,*,#4569,.T.);
#5747=ORIENTED_EDGE('',*,*,#4570,.F.);
#5748=ORIENTED_EDGE('',*,*,#4569,.F.);
#5749=ORIENTED_EDGE('',*,*,#4571,.F.);
#5750=ORIENTED_EDGE('',*,*,#4572,.T.);
#5751=ORIENTED_EDGE('',*,*,#4573,.F.);
#5752=ORIENTED_EDGE('',*,*,#4572,.F.);
#5753=ORIENTED_EDGE('',*,*,#4574,.F.);
#5754=ORIENTED_EDGE('',*,*,#4575,.T.);
#5755=ORIENTED_EDGE('',*,*,#4576,.F.);
#5756=ORIENTED_EDGE('',*,*,#4575,.F.);
#5757=ORIENTED_EDGE('',*,*,#4577,.F.);
#5758=ORIENTED_EDGE('',*,*,#4578,.T.);
#5759=ORIENTED_EDGE('',*,*,#4579,.F.);
#5760=ORIENTED_EDGE('',*,*,#4578,.F.);
#5761=ORIENTED_EDGE('',*,*,#4580,.F.);
#5762=ORIENTED_EDGE('',*,*,#4581,.T.);
#5763=ORIENTED_EDGE('',*,*,#4582,.F.);
#5764=ORIENTED_EDGE('',*,*,#4581,.F.);
#5765=ORIENTED_EDGE('',*,*,#4583,.F.);
#5766=ORIENTED_EDGE('',*,*,#4584,.T.);
#5767=ORIENTED_EDGE('',*,*,#4585,.F.);
#5768=ORIENTED_EDGE('',*,*,#4584,.F.);
#5769=ORIENTED_EDGE('',*,*,#4586,.F.);
#5770=ORIENTED_EDGE('',*,*,#4587,.T.);
#5771=ORIENTED_EDGE('',*,*,#4588,.F.);
#5772=ORIENTED_EDGE('',*,*,#4587,.F.);
#5773=ORIENTED_EDGE('',*,*,#4589,.F.);
#5774=ORIENTED_EDGE('',*,*,#4590,.T.);
#5775=ORIENTED_EDGE('',*,*,#4591,.F.);
#5776=ORIENTED_EDGE('',*,*,#4590,.F.);
#5777=ORIENTED_EDGE('',*,*,#4592,.F.);
#5778=ORIENTED_EDGE('',*,*,#4593,.T.);
#5779=ORIENTED_EDGE('',*,*,#4594,.F.);
#5780=ORIENTED_EDGE('',*,*,#4593,.F.);
#5781=ORIENTED_EDGE('',*,*,#4595,.F.);
#5782=ORIENTED_EDGE('',*,*,#4596,.T.);
#5783=ORIENTED_EDGE('',*,*,#4597,.F.);
#5784=ORIENTED_EDGE('',*,*,#4596,.F.);
#5785=ORIENTED_EDGE('',*,*,#4598,.F.);
#5786=ORIENTED_EDGE('',*,*,#4599,.T.);
#5787=ORIENTED_EDGE('',*,*,#4600,.F.);
#5788=ORIENTED_EDGE('',*,*,#4599,.F.);
#5789=ORIENTED_EDGE('',*,*,#4601,.F.);
#5790=ORIENTED_EDGE('',*,*,#4602,.T.);
#5791=ORIENTED_EDGE('',*,*,#4603,.F.);
#5792=ORIENTED_EDGE('',*,*,#4602,.F.);
#5793=ORIENTED_EDGE('',*,*,#4604,.F.);
#5794=ORIENTED_EDGE('',*,*,#4605,.T.);
#5795=ORIENTED_EDGE('',*,*,#4606,.F.);
#5796=ORIENTED_EDGE('',*,*,#4605,.F.);
#5797=ORIENTED_EDGE('',*,*,#4607,.F.);
#5798=ORIENTED_EDGE('',*,*,#4608,.T.);
#5799=ORIENTED_EDGE('',*,*,#4609,.F.);
#5800=ORIENTED_EDGE('',*,*,#4608,.F.);
#5801=ORIENTED_EDGE('',*,*,#4610,.F.);
#5802=ORIENTED_EDGE('',*,*,#4611,.T.);
#5803=ORIENTED_EDGE('',*,*,#4612,.F.);
#5804=ORIENTED_EDGE('',*,*,#4611,.F.);
#5805=ORIENTED_EDGE('',*,*,#4613,.F.);
#5806=ORIENTED_EDGE('',*,*,#4614,.T.);
#5807=ORIENTED_EDGE('',*,*,#4615,.F.);
#5808=ORIENTED_EDGE('',*,*,#4614,.F.);
#5809=ORIENTED_EDGE('',*,*,#4616,.F.);
#5810=ORIENTED_EDGE('',*,*,#4617,.T.);
#5811=ORIENTED_EDGE('',*,*,#4618,.F.);
#5812=ORIENTED_EDGE('',*,*,#4617,.F.);
#5813=ORIENTED_EDGE('',*,*,#4619,.F.);
#5814=ORIENTED_EDGE('',*,*,#4620,.T.);
#5815=ORIENTED_EDGE('',*,*,#4621,.F.);
#5816=ORIENTED_EDGE('',*,*,#4620,.F.);
#5817=ORIENTED_EDGE('',*,*,#4622,.F.);
#5818=ORIENTED_EDGE('',*,*,#4623,.T.);
#5819=ORIENTED_EDGE('',*,*,#4624,.F.);
#5820=ORIENTED_EDGE('',*,*,#4623,.F.);
#5821=ORIENTED_EDGE('',*,*,#4625,.F.);
#5822=ORIENTED_EDGE('',*,*,#4626,.T.);
#5823=ORIENTED_EDGE('',*,*,#4627,.F.);
#5824=ORIENTED_EDGE('',*,*,#4626,.F.);
#5825=ORIENTED_EDGE('',*,*,#4628,.F.);
#5826=ORIENTED_EDGE('',*,*,#4629,.T.);
#5827=ORIENTED_EDGE('',*,*,#4630,.F.);
#5828=ORIENTED_EDGE('',*,*,#4629,.F.);
#5829=ORIENTED_EDGE('',*,*,#4631,.F.);
#5830=ORIENTED_EDGE('',*,*,#4632,.T.);
#5831=ORIENTED_EDGE('',*,*,#4633,.F.);
#5832=ORIENTED_EDGE('',*,*,#4632,.F.);
#5833=ORIENTED_EDGE('',*,*,#4634,.F.);
#5834=ORIENTED_EDGE('',*,*,#4635,.T.);
#5835=ORIENTED_EDGE('',*,*,#4636,.F.);
#5836=ORIENTED_EDGE('',*,*,#4635,.F.);
#5837=ORIENTED_EDGE('',*,*,#4637,.F.);
#5838=ORIENTED_EDGE('',*,*,#4638,.T.);
#5839=ORIENTED_EDGE('',*,*,#4639,.F.);
#5840=ORIENTED_EDGE('',*,*,#4638,.F.);
#5841=ORIENTED_EDGE('',*,*,#4640,.F.);
#5842=ORIENTED_EDGE('',*,*,#4641,.T.);
#5843=ORIENTED_EDGE('',*,*,#4642,.F.);
#5844=ORIENTED_EDGE('',*,*,#4641,.F.);
#5845=ORIENTED_EDGE('',*,*,#4643,.F.);
#5846=ORIENTED_EDGE('',*,*,#4644,.T.);
#5847=ORIENTED_EDGE('',*,*,#4645,.F.);
#5848=ORIENTED_EDGE('',*,*,#4644,.F.);
#5849=ORIENTED_EDGE('',*,*,#4646,.F.);
#5850=ORIENTED_EDGE('',*,*,#4647,.T.);
#5851=ORIENTED_EDGE('',*,*,#4648,.F.);
#5852=ORIENTED_EDGE('',*,*,#4647,.F.);
#5853=ORIENTED_EDGE('',*,*,#4649,.F.);
#5854=ORIENTED_EDGE('',*,*,#4650,.T.);
#5855=ORIENTED_EDGE('',*,*,#4651,.F.);
#5856=ORIENTED_EDGE('',*,*,#4650,.F.);
#5857=ORIENTED_EDGE('',*,*,#4652,.F.);
#5858=ORIENTED_EDGE('',*,*,#4653,.T.);
#5859=ORIENTED_EDGE('',*,*,#4654,.F.);
#5860=ORIENTED_EDGE('',*,*,#4653,.F.);
#5861=ORIENTED_EDGE('',*,*,#4655,.F.);
#5862=ORIENTED_EDGE('',*,*,#4656,.T.);
#5863=ORIENTED_EDGE('',*,*,#4657,.F.);
#5864=ORIENTED_EDGE('',*,*,#4656,.F.);
#5865=ORIENTED_EDGE('',*,*,#4658,.F.);
#5866=ORIENTED_EDGE('',*,*,#4659,.T.);
#5867=ORIENTED_EDGE('',*,*,#4660,.F.);
#5868=ORIENTED_EDGE('',*,*,#4659,.F.);
#5869=ORIENTED_EDGE('',*,*,#4661,.F.);
#5870=ORIENTED_EDGE('',*,*,#4662,.T.);
#5871=ORIENTED_EDGE('',*,*,#4663,.F.);
#5872=ORIENTED_EDGE('',*,*,#4662,.F.);
#5873=ORIENTED_EDGE('',*,*,#4664,.F.);
#5874=ORIENTED_EDGE('',*,*,#4665,.T.);
#5875=ORIENTED_EDGE('',*,*,#4666,.F.);
#5876=ORIENTED_EDGE('',*,*,#4665,.F.);
#5877=ORIENTED_EDGE('',*,*,#4667,.F.);
#5878=ORIENTED_EDGE('',*,*,#4668,.T.);
#5879=ORIENTED_EDGE('',*,*,#4669,.F.);
#5880=ORIENTED_EDGE('',*,*,#4668,.F.);
#5881=ORIENTED_EDGE('',*,*,#4670,.F.);
#5882=ORIENTED_EDGE('',*,*,#4671,.T.);
#5883=ORIENTED_EDGE('',*,*,#4672,.F.);
#5884=ORIENTED_EDGE('',*,*,#4671,.F.);
#5885=ORIENTED_EDGE('',*,*,#4673,.F.);
#5886=ORIENTED_EDGE('',*,*,#4674,.T.);
#5887=ORIENTED_EDGE('',*,*,#4675,.F.);
#5888=ORIENTED_EDGE('',*,*,#4674,.F.);
#5889=ORIENTED_EDGE('',*,*,#4676,.F.);
#5890=ORIENTED_EDGE('',*,*,#4677,.T.);
#5891=ORIENTED_EDGE('',*,*,#4678,.F.);
#5892=ORIENTED_EDGE('',*,*,#4677,.F.);
#5893=ORIENTED_EDGE('',*,*,#4679,.F.);
#5894=ORIENTED_EDGE('',*,*,#4680,.T.);
#5895=ORIENTED_EDGE('',*,*,#4681,.F.);
#5896=ORIENTED_EDGE('',*,*,#4680,.F.);
#5897=ORIENTED_EDGE('',*,*,#4682,.F.);
#5898=ORIENTED_EDGE('',*,*,#4683,.T.);
#5899=ORIENTED_EDGE('',*,*,#4684,.F.);
#5900=ORIENTED_EDGE('',*,*,#4683,.F.);
#5901=ORIENTED_EDGE('',*,*,#4685,.F.);
#5902=ORIENTED_EDGE('',*,*,#4686,.T.);
#5903=ORIENTED_EDGE('',*,*,#4687,.F.);
#5904=ORIENTED_EDGE('',*,*,#4686,.F.);
#5905=ORIENTED_EDGE('',*,*,#4688,.F.);
#5906=ORIENTED_EDGE('',*,*,#4689,.T.);
#5907=ORIENTED_EDGE('',*,*,#4690,.F.);
#5908=ORIENTED_EDGE('',*,*,#4689,.F.);
#5909=ORIENTED_EDGE('',*,*,#4691,.F.);
#5910=ORIENTED_EDGE('',*,*,#4692,.T.);
#5911=ORIENTED_EDGE('',*,*,#4693,.F.);
#5912=ORIENTED_EDGE('',*,*,#4692,.F.);
#5913=ORIENTED_EDGE('',*,*,#4694,.F.);
#5914=ORIENTED_EDGE('',*,*,#4695,.T.);
#5915=ORIENTED_EDGE('',*,*,#4696,.F.);
#5916=ORIENTED_EDGE('',*,*,#4695,.F.);
#5917=ORIENTED_EDGE('',*,*,#4697,.F.);
#5918=ORIENTED_EDGE('',*,*,#4698,.T.);
#5919=ORIENTED_EDGE('',*,*,#4699,.F.);
#5920=ORIENTED_EDGE('',*,*,#4698,.F.);
#5921=ORIENTED_EDGE('',*,*,#4700,.F.);
#5922=ORIENTED_EDGE('',*,*,#4701,.T.);
#5923=ORIENTED_EDGE('',*,*,#4702,.F.);
#5924=ORIENTED_EDGE('',*,*,#4701,.F.);
#5925=ORIENTED_EDGE('',*,*,#4703,.F.);
#5926=ORIENTED_EDGE('',*,*,#4704,.T.);
#5927=ORIENTED_EDGE('',*,*,#4705,.F.);
#5928=ORIENTED_EDGE('',*,*,#4704,.F.);
#5929=ORIENTED_EDGE('',*,*,#4706,.F.);
#5930=ORIENTED_EDGE('',*,*,#4707,.T.);
#5931=ORIENTED_EDGE('',*,*,#4708,.F.);
#5932=ORIENTED_EDGE('',*,*,#4707,.F.);
#5933=ORIENTED_EDGE('',*,*,#4709,.F.);
#5934=ORIENTED_EDGE('',*,*,#4710,.T.);
#5935=ORIENTED_EDGE('',*,*,#4711,.F.);
#5936=ORIENTED_EDGE('',*,*,#4710,.F.);
#5937=ORIENTED_EDGE('',*,*,#4712,.F.);
#5938=ORIENTED_EDGE('',*,*,#4713,.T.);
#5939=ORIENTED_EDGE('',*,*,#4714,.F.);
#5940=ORIENTED_EDGE('',*,*,#4713,.F.);
#5941=ORIENTED_EDGE('',*,*,#4715,.F.);
#5942=ORIENTED_EDGE('',*,*,#4716,.T.);
#5943=ORIENTED_EDGE('',*,*,#4717,.F.);
#5944=ORIENTED_EDGE('',*,*,#4716,.F.);
#5945=ORIENTED_EDGE('',*,*,#4718,.F.);
#5946=ORIENTED_EDGE('',*,*,#4719,.T.);
#5947=ORIENTED_EDGE('',*,*,#4720,.F.);
#5948=ORIENTED_EDGE('',*,*,#4719,.F.);
#5949=ORIENTED_EDGE('',*,*,#4721,.F.);
#5950=ORIENTED_EDGE('',*,*,#4722,.T.);
#5951=ORIENTED_EDGE('',*,*,#4723,.F.);
#5952=ORIENTED_EDGE('',*,*,#4722,.F.);
#5953=ORIENTED_EDGE('',*,*,#4724,.F.);
#5954=ORIENTED_EDGE('',*,*,#4725,.T.);
#5955=ORIENTED_EDGE('',*,*,#4726,.F.);
#5956=ORIENTED_EDGE('',*,*,#4725,.F.);
#5957=ORIENTED_EDGE('',*,*,#4727,.F.);
#5958=ORIENTED_EDGE('',*,*,#4728,.T.);
#5959=ORIENTED_EDGE('',*,*,#4729,.F.);
#5960=ORIENTED_EDGE('',*,*,#4728,.F.);
#5961=ORIENTED_EDGE('',*,*,#4730,.F.);
#5962=ORIENTED_EDGE('',*,*,#4731,.T.);
#5963=ORIENTED_EDGE('',*,*,#4732,.F.);
#5964=ORIENTED_EDGE('',*,*,#4731,.F.);
#5965=ORIENTED_EDGE('',*,*,#4733,.F.);
#5966=ORIENTED_EDGE('',*,*,#4734,.T.);
#5967=ORIENTED_EDGE('',*,*,#4735,.F.);
#5968=ORIENTED_EDGE('',*,*,#4734,.F.);
#5969=ORIENTED_EDGE('',*,*,#4736,.F.);
#5970=ORIENTED_EDGE('',*,*,#4737,.T.);
#5971=ORIENTED_EDGE('',*,*,#4738,.F.);
#5972=ORIENTED_EDGE('',*,*,#4737,.F.);
#5973=ORIENTED_EDGE('',*,*,#4739,.F.);
#5974=ORIENTED_EDGE('',*,*,#4740,.T.);
#5975=ORIENTED_EDGE('',*,*,#4741,.F.);
#5976=ORIENTED_EDGE('',*,*,#4740,.F.);
#5977=ORIENTED_EDGE('',*,*,#4742,.F.);
#5978=ORIENTED_EDGE('',*,*,#4743,.T.);
#5979=ORIENTED_EDGE('',*,*,#4744,.F.);
#5980=ORIENTED_EDGE('',*,*,#4743,.F.);
#5981=ORIENTED_EDGE('',*,*,#4745,.F.);
#5982=ORIENTED_EDGE('',*,*,#4746,.T.);
#5983=ORIENTED_EDGE('',*,*,#4747,.F.);
#5984=ORIENTED_EDGE('',*,*,#4746,.F.);
#5985=ORIENTED_EDGE('',*,*,#4748,.F.);
#5986=ORIENTED_EDGE('',*,*,#4749,.T.);
#5987=ORIENTED_EDGE('',*,*,#4750,.F.);
#5988=ORIENTED_EDGE('',*,*,#4749,.F.);
#5989=ORIENTED_EDGE('',*,*,#4751,.F.);
#5990=ORIENTED_EDGE('',*,*,#4752,.T.);
#5991=ORIENTED_EDGE('',*,*,#4753,.F.);
#5992=ORIENTED_EDGE('',*,*,#4752,.F.);
#5993=ORIENTED_EDGE('',*,*,#4754,.F.);
#5994=ORIENTED_EDGE('',*,*,#4755,.T.);
#5995=ORIENTED_EDGE('',*,*,#4756,.F.);
#5996=ORIENTED_EDGE('',*,*,#4755,.F.);
#5997=ORIENTED_EDGE('',*,*,#4757,.F.);
#5998=ORIENTED_EDGE('',*,*,#4758,.T.);
#5999=ORIENTED_EDGE('',*,*,#4759,.F.);
#6000=ORIENTED_EDGE('',*,*,#4758,.F.);
#6001=ORIENTED_EDGE('',*,*,#4760,.F.);
#6002=ORIENTED_EDGE('',*,*,#4761,.T.);
#6003=ORIENTED_EDGE('',*,*,#4762,.F.);
#6004=ORIENTED_EDGE('',*,*,#4761,.F.);
#6005=ORIENTED_EDGE('',*,*,#4763,.T.);
#6006=ORIENTED_EDGE('',*,*,#4764,.T.);
#6007=ORIENTED_EDGE('',*,*,#4765,.T.);
#6008=ORIENTED_EDGE('',*,*,#4766,.F.);
#6009=ORIENTED_EDGE('',*,*,#4765,.F.);
#6010=ORIENTED_EDGE('',*,*,#4767,.F.);
#6011=ORIENTED_EDGE('',*,*,#4768,.F.);
#6012=ORIENTED_EDGE('',*,*,#4769,.F.);
#6013=ORIENTED_EDGE('',*,*,#4770,.T.);
#6014=ORIENTED_EDGE('',*,*,#4771,.T.);
#6015=ORIENTED_EDGE('',*,*,#4772,.T.);
#6016=ORIENTED_EDGE('',*,*,#4773,.F.);
#6017=ORIENTED_EDGE('',*,*,#4774,.T.);
#6018=ORIENTED_EDGE('',*,*,#4775,.F.);
#6019=ORIENTED_EDGE('',*,*,#4776,.F.);
#6020=ORIENTED_EDGE('',*,*,#4777,.T.);
#6021=ORIENTED_EDGE('',*,*,#4778,.T.);
#6022=ORIENTED_EDGE('',*,*,#4768,.T.);
#6023=ORIENTED_EDGE('',*,*,#4779,.T.);
#6024=ORIENTED_EDGE('',*,*,#4780,.F.);
#6025=ORIENTED_EDGE('',*,*,#4781,.F.);
#6026=ORIENTED_EDGE('',*,*,#4782,.T.);
#6027=ORIENTED_EDGE('',*,*,#4783,.F.);
#6028=ORIENTED_EDGE('',*,*,#4784,.F.);
#6029=ORIENTED_EDGE('',*,*,#4785,.T.);
#6030=ORIENTED_EDGE('',*,*,#4786,.T.);
#6031=ORIENTED_EDGE('',*,*,#4787,.T.);
#6032=ORIENTED_EDGE('',*,*,#4781,.T.);
#6033=ORIENTED_EDGE('',*,*,#4785,.F.);
#6034=ORIENTED_EDGE('',*,*,#4780,.T.);
#6035=ORIENTED_EDGE('',*,*,#4788,.T.);
#6036=ORIENTED_EDGE('',*,*,#4773,.T.);
#6037=ORIENTED_EDGE('',*,*,#4789,.T.);
#6038=ORIENTED_EDGE('',*,*,#4790,.T.);
#6039=ORIENTED_EDGE('',*,*,#4791,.T.);
#6040=ORIENTED_EDGE('',*,*,#4775,.T.);
#6041=ORIENTED_EDGE('',*,*,#4792,.T.);
#6042=ORIENTED_EDGE('',*,*,#4784,.T.);
#6043=ORIENTED_EDGE('',*,*,#4793,.F.);
#6044=ORIENTED_EDGE('',*,*,#4794,.T.);
#6045=ORIENTED_EDGE('',*,*,#4795,.F.);
#6046=ORIENTED_EDGE('',*,*,#4796,.T.);
#6047=ORIENTED_EDGE('',*,*,#4797,.F.);
#6048=ORIENTED_EDGE('',*,*,#4798,.T.);
#6049=ORIENTED_EDGE('',*,*,#4799,.T.);
#6050=ORIENTED_EDGE('',*,*,#4800,.T.);
#6051=ORIENTED_EDGE('',*,*,#4801,.T.);
#6052=ORIENTED_EDGE('',*,*,#4802,.T.);
#6053=ORIENTED_EDGE('',*,*,#4793,.T.);
#6054=ORIENTED_EDGE('',*,*,#4783,.T.);
#6055=ORIENTED_EDGE('',*,*,#4803,.T.);
#6056=ORIENTED_EDGE('',*,*,#4804,.T.);
#6057=ORIENTED_EDGE('',*,*,#4795,.T.);
#6058=ORIENTED_EDGE('',*,*,#4805,.T.);
#6059=ORIENTED_EDGE('',*,*,#4806,.T.);
#6060=ORIENTED_EDGE('',*,*,#4807,.T.);
#6061=ORIENTED_EDGE('',*,*,#4807,.F.);
#6062=ORIENTED_EDGE('',*,*,#4808,.T.);
#6063=ORIENTED_EDGE('',*,*,#4809,.F.);
#6064=ORIENTED_EDGE('',*,*,#4796,.F.);
#6065=ORIENTED_EDGE('',*,*,#4797,.T.);
#6066=ORIENTED_EDGE('',*,*,#4809,.T.);
#6067=ORIENTED_EDGE('',*,*,#4810,.T.);
#6068=ORIENTED_EDGE('',*,*,#4811,.T.);
#6069=ORIENTED_EDGE('',*,*,#4788,.F.);
#6070=ORIENTED_EDGE('',*,*,#4779,.F.);
#6071=ORIENTED_EDGE('',*,*,#4767,.T.);
#6072=ORIENTED_EDGE('',*,*,#4764,.F.);
#6073=ORIENTED_EDGE('',*,*,#4770,.F.);
#6074=ORIENTED_EDGE('',*,*,#4792,.F.);
#6075=ORIENTED_EDGE('',*,*,#4774,.F.);
#6076=ORIENTED_EDGE('',*,*,#4766,.T.);
#6077=ORIENTED_EDGE('',*,*,#4769,.T.);
#6078=ORIENTED_EDGE('',*,*,#4778,.F.);
#6079=ORIENTED_EDGE('',*,*,#4812,.F.);
#6080=ORIENTED_EDGE('',*,*,#4813,.F.);
#6081=ORIENTED_EDGE('',*,*,#4814,.F.);
#6082=ORIENTED_EDGE('',*,*,#4771,.F.);
#6083=ORIENTED_EDGE('',*,*,#4763,.F.);
#6084=ORIENTED_EDGE('',*,*,#4777,.F.);
#6085=ORIENTED_EDGE('',*,*,#4012,.T.);
#6086=ORIENTED_EDGE('',*,*,#4015,.T.);
#6087=ORIENTED_EDGE('',*,*,#4018,.T.);
#6088=ORIENTED_EDGE('',*,*,#4021,.T.);
#6089=ORIENTED_EDGE('',*,*,#4024,.T.);
#6090=ORIENTED_EDGE('',*,*,#4027,.T.);
#6091=ORIENTED_EDGE('',*,*,#4030,.T.);
#6092=ORIENTED_EDGE('',*,*,#4033,.T.);
#6093=ORIENTED_EDGE('',*,*,#4036,.T.);
#6094=ORIENTED_EDGE('',*,*,#4039,.T.);
#6095=ORIENTED_EDGE('',*,*,#4042,.T.);
#6096=ORIENTED_EDGE('',*,*,#4045,.T.);
#6097=ORIENTED_EDGE('',*,*,#4048,.T.);
#6098=ORIENTED_EDGE('',*,*,#4051,.T.);
#6099=ORIENTED_EDGE('',*,*,#4054,.T.);
#6100=ORIENTED_EDGE('',*,*,#4057,.T.);
#6101=ORIENTED_EDGE('',*,*,#4060,.T.);
#6102=ORIENTED_EDGE('',*,*,#4063,.T.);
#6103=ORIENTED_EDGE('',*,*,#4066,.T.);
#6104=ORIENTED_EDGE('',*,*,#4069,.T.);
#6105=ORIENTED_EDGE('',*,*,#4072,.T.);
#6106=ORIENTED_EDGE('',*,*,#4075,.T.);
#6107=ORIENTED_EDGE('',*,*,#4078,.T.);
#6108=ORIENTED_EDGE('',*,*,#4081,.T.);
#6109=ORIENTED_EDGE('',*,*,#4084,.T.);
#6110=ORIENTED_EDGE('',*,*,#4087,.T.);
#6111=ORIENTED_EDGE('',*,*,#4090,.T.);
#6112=ORIENTED_EDGE('',*,*,#4093,.T.);
#6113=ORIENTED_EDGE('',*,*,#4096,.T.);
#6114=ORIENTED_EDGE('',*,*,#4099,.T.);
#6115=ORIENTED_EDGE('',*,*,#4102,.T.);
#6116=ORIENTED_EDGE('',*,*,#4105,.T.);
#6117=ORIENTED_EDGE('',*,*,#4108,.T.);
#6118=ORIENTED_EDGE('',*,*,#4111,.T.);
#6119=ORIENTED_EDGE('',*,*,#4114,.T.);
#6120=ORIENTED_EDGE('',*,*,#4117,.T.);
#6121=ORIENTED_EDGE('',*,*,#4120,.T.);
#6122=ORIENTED_EDGE('',*,*,#4123,.T.);
#6123=ORIENTED_EDGE('',*,*,#4126,.T.);
#6124=ORIENTED_EDGE('',*,*,#4129,.T.);
#6125=ORIENTED_EDGE('',*,*,#4132,.T.);
#6126=ORIENTED_EDGE('',*,*,#4135,.T.);
#6127=ORIENTED_EDGE('',*,*,#4138,.T.);
#6128=ORIENTED_EDGE('',*,*,#4141,.T.);
#6129=ORIENTED_EDGE('',*,*,#4144,.T.);
#6130=ORIENTED_EDGE('',*,*,#4147,.T.);
#6131=ORIENTED_EDGE('',*,*,#4150,.T.);
#6132=ORIENTED_EDGE('',*,*,#4153,.T.);
#6133=ORIENTED_EDGE('',*,*,#4156,.T.);
#6134=ORIENTED_EDGE('',*,*,#4159,.T.);
#6135=ORIENTED_EDGE('',*,*,#4162,.T.);
#6136=ORIENTED_EDGE('',*,*,#4165,.T.);
#6137=ORIENTED_EDGE('',*,*,#4168,.T.);
#6138=ORIENTED_EDGE('',*,*,#4171,.T.);
#6139=ORIENTED_EDGE('',*,*,#4174,.T.);
#6140=ORIENTED_EDGE('',*,*,#4177,.T.);
#6141=ORIENTED_EDGE('',*,*,#4180,.T.);
#6142=ORIENTED_EDGE('',*,*,#4183,.T.);
#6143=ORIENTED_EDGE('',*,*,#4186,.T.);
#6144=ORIENTED_EDGE('',*,*,#4189,.T.);
#6145=ORIENTED_EDGE('',*,*,#4192,.T.);
#6146=ORIENTED_EDGE('',*,*,#4195,.T.);
#6147=ORIENTED_EDGE('',*,*,#4198,.T.);
#6148=ORIENTED_EDGE('',*,*,#4201,.T.);
#6149=ORIENTED_EDGE('',*,*,#4204,.T.);
#6150=ORIENTED_EDGE('',*,*,#4207,.T.);
#6151=ORIENTED_EDGE('',*,*,#4210,.T.);
#6152=ORIENTED_EDGE('',*,*,#4213,.T.);
#6153=ORIENTED_EDGE('',*,*,#4216,.T.);
#6154=ORIENTED_EDGE('',*,*,#4219,.T.);
#6155=ORIENTED_EDGE('',*,*,#4222,.T.);
#6156=ORIENTED_EDGE('',*,*,#4225,.T.);
#6157=ORIENTED_EDGE('',*,*,#4228,.T.);
#6158=ORIENTED_EDGE('',*,*,#4231,.T.);
#6159=ORIENTED_EDGE('',*,*,#4234,.T.);
#6160=ORIENTED_EDGE('',*,*,#4237,.T.);
#6161=ORIENTED_EDGE('',*,*,#4240,.T.);
#6162=ORIENTED_EDGE('',*,*,#4243,.T.);
#6163=ORIENTED_EDGE('',*,*,#4246,.T.);
#6164=ORIENTED_EDGE('',*,*,#4249,.T.);
#6165=ORIENTED_EDGE('',*,*,#4252,.T.);
#6166=ORIENTED_EDGE('',*,*,#4255,.T.);
#6167=ORIENTED_EDGE('',*,*,#4258,.T.);
#6168=ORIENTED_EDGE('',*,*,#4261,.T.);
#6169=ORIENTED_EDGE('',*,*,#4264,.T.);
#6170=ORIENTED_EDGE('',*,*,#4267,.T.);
#6171=ORIENTED_EDGE('',*,*,#4270,.T.);
#6172=ORIENTED_EDGE('',*,*,#4273,.T.);
#6173=ORIENTED_EDGE('',*,*,#4276,.T.);
#6174=ORIENTED_EDGE('',*,*,#4279,.T.);
#6175=ORIENTED_EDGE('',*,*,#4282,.T.);
#6176=ORIENTED_EDGE('',*,*,#4285,.T.);
#6177=ORIENTED_EDGE('',*,*,#4288,.T.);
#6178=ORIENTED_EDGE('',*,*,#4291,.T.);
#6179=ORIENTED_EDGE('',*,*,#4294,.T.);
#6180=ORIENTED_EDGE('',*,*,#4297,.T.);
#6181=ORIENTED_EDGE('',*,*,#4300,.T.);
#6182=ORIENTED_EDGE('',*,*,#4303,.T.);
#6183=ORIENTED_EDGE('',*,*,#4306,.T.);
#6184=ORIENTED_EDGE('',*,*,#4309,.T.);
#6185=ORIENTED_EDGE('',*,*,#4312,.T.);
#6186=ORIENTED_EDGE('',*,*,#4315,.T.);
#6187=ORIENTED_EDGE('',*,*,#4318,.T.);
#6188=ORIENTED_EDGE('',*,*,#4321,.T.);
#6189=ORIENTED_EDGE('',*,*,#4324,.T.);
#6190=ORIENTED_EDGE('',*,*,#4327,.T.);
#6191=ORIENTED_EDGE('',*,*,#4330,.T.);
#6192=ORIENTED_EDGE('',*,*,#4333,.T.);
#6193=ORIENTED_EDGE('',*,*,#4336,.T.);
#6194=ORIENTED_EDGE('',*,*,#4339,.T.);
#6195=ORIENTED_EDGE('',*,*,#4342,.T.);
#6196=ORIENTED_EDGE('',*,*,#4345,.T.);
#6197=ORIENTED_EDGE('',*,*,#4348,.T.);
#6198=ORIENTED_EDGE('',*,*,#4351,.T.);
#6199=ORIENTED_EDGE('',*,*,#4354,.T.);
#6200=ORIENTED_EDGE('',*,*,#4357,.T.);
#6201=ORIENTED_EDGE('',*,*,#4360,.T.);
#6202=ORIENTED_EDGE('',*,*,#4363,.T.);
#6203=ORIENTED_EDGE('',*,*,#4366,.T.);
#6204=ORIENTED_EDGE('',*,*,#4369,.T.);
#6205=ORIENTED_EDGE('',*,*,#4372,.T.);
#6206=ORIENTED_EDGE('',*,*,#4375,.T.);
#6207=ORIENTED_EDGE('',*,*,#4378,.T.);
#6208=ORIENTED_EDGE('',*,*,#4381,.T.);
#6209=ORIENTED_EDGE('',*,*,#4384,.T.);
#6210=ORIENTED_EDGE('',*,*,#4387,.T.);
#6211=ORIENTED_EDGE('',*,*,#4390,.T.);
#6212=ORIENTED_EDGE('',*,*,#4393,.T.);
#6213=ORIENTED_EDGE('',*,*,#4396,.T.);
#6214=ORIENTED_EDGE('',*,*,#4399,.T.);
#6215=ORIENTED_EDGE('',*,*,#4402,.T.);
#6216=ORIENTED_EDGE('',*,*,#4405,.T.);
#6217=ORIENTED_EDGE('',*,*,#4408,.T.);
#6218=ORIENTED_EDGE('',*,*,#4411,.T.);
#6219=ORIENTED_EDGE('',*,*,#4414,.T.);
#6220=ORIENTED_EDGE('',*,*,#4417,.T.);
#6221=ORIENTED_EDGE('',*,*,#4420,.T.);
#6222=ORIENTED_EDGE('',*,*,#4423,.T.);
#6223=ORIENTED_EDGE('',*,*,#4426,.T.);
#6224=ORIENTED_EDGE('',*,*,#4429,.T.);
#6225=ORIENTED_EDGE('',*,*,#4432,.T.);
#6226=ORIENTED_EDGE('',*,*,#4435,.T.);
#6227=ORIENTED_EDGE('',*,*,#4438,.T.);
#6228=ORIENTED_EDGE('',*,*,#4441,.T.);
#6229=ORIENTED_EDGE('',*,*,#4444,.T.);
#6230=ORIENTED_EDGE('',*,*,#4447,.T.);
#6231=ORIENTED_EDGE('',*,*,#4450,.T.);
#6232=ORIENTED_EDGE('',*,*,#4453,.T.);
#6233=ORIENTED_EDGE('',*,*,#4456,.T.);
#6234=ORIENTED_EDGE('',*,*,#4459,.T.);
#6235=ORIENTED_EDGE('',*,*,#4462,.T.);
#6236=ORIENTED_EDGE('',*,*,#4465,.T.);
#6237=ORIENTED_EDGE('',*,*,#4468,.T.);
#6238=ORIENTED_EDGE('',*,*,#4471,.T.);
#6239=ORIENTED_EDGE('',*,*,#4474,.T.);
#6240=ORIENTED_EDGE('',*,*,#4477,.T.);
#6241=ORIENTED_EDGE('',*,*,#4480,.T.);
#6242=ORIENTED_EDGE('',*,*,#4483,.T.);
#6243=ORIENTED_EDGE('',*,*,#4486,.T.);
#6244=ORIENTED_EDGE('',*,*,#4489,.T.);
#6245=ORIENTED_EDGE('',*,*,#4492,.T.);
#6246=ORIENTED_EDGE('',*,*,#4495,.T.);
#6247=ORIENTED_EDGE('',*,*,#4498,.T.);
#6248=ORIENTED_EDGE('',*,*,#4501,.T.);
#6249=ORIENTED_EDGE('',*,*,#4504,.T.);
#6250=ORIENTED_EDGE('',*,*,#4507,.T.);
#6251=ORIENTED_EDGE('',*,*,#4510,.T.);
#6252=ORIENTED_EDGE('',*,*,#4513,.T.);
#6253=ORIENTED_EDGE('',*,*,#4516,.T.);
#6254=ORIENTED_EDGE('',*,*,#4519,.T.);
#6255=ORIENTED_EDGE('',*,*,#4522,.T.);
#6256=ORIENTED_EDGE('',*,*,#4525,.T.);
#6257=ORIENTED_EDGE('',*,*,#4528,.T.);
#6258=ORIENTED_EDGE('',*,*,#4531,.T.);
#6259=ORIENTED_EDGE('',*,*,#4534,.T.);
#6260=ORIENTED_EDGE('',*,*,#4537,.T.);
#6261=ORIENTED_EDGE('',*,*,#4540,.T.);
#6262=ORIENTED_EDGE('',*,*,#4543,.T.);
#6263=ORIENTED_EDGE('',*,*,#4546,.T.);
#6264=ORIENTED_EDGE('',*,*,#4549,.T.);
#6265=ORIENTED_EDGE('',*,*,#4552,.T.);
#6266=ORIENTED_EDGE('',*,*,#4555,.T.);
#6267=ORIENTED_EDGE('',*,*,#4558,.T.);
#6268=ORIENTED_EDGE('',*,*,#4561,.T.);
#6269=ORIENTED_EDGE('',*,*,#4564,.T.);
#6270=ORIENTED_EDGE('',*,*,#4567,.T.);
#6271=ORIENTED_EDGE('',*,*,#4570,.T.);
#6272=ORIENTED_EDGE('',*,*,#4573,.T.);
#6273=ORIENTED_EDGE('',*,*,#4576,.T.);
#6274=ORIENTED_EDGE('',*,*,#4579,.T.);
#6275=ORIENTED_EDGE('',*,*,#4582,.T.);
#6276=ORIENTED_EDGE('',*,*,#4585,.T.);
#6277=ORIENTED_EDGE('',*,*,#4588,.T.);
#6278=ORIENTED_EDGE('',*,*,#4591,.T.);
#6279=ORIENTED_EDGE('',*,*,#4594,.T.);
#6280=ORIENTED_EDGE('',*,*,#4597,.T.);
#6281=ORIENTED_EDGE('',*,*,#4600,.T.);
#6282=ORIENTED_EDGE('',*,*,#4603,.T.);
#6283=ORIENTED_EDGE('',*,*,#4606,.T.);
#6284=ORIENTED_EDGE('',*,*,#4609,.T.);
#6285=ORIENTED_EDGE('',*,*,#4612,.T.);
#6286=ORIENTED_EDGE('',*,*,#4615,.T.);
#6287=ORIENTED_EDGE('',*,*,#4618,.T.);
#6288=ORIENTED_EDGE('',*,*,#4621,.T.);
#6289=ORIENTED_EDGE('',*,*,#4624,.T.);
#6290=ORIENTED_EDGE('',*,*,#4627,.T.);
#6291=ORIENTED_EDGE('',*,*,#4630,.T.);
#6292=ORIENTED_EDGE('',*,*,#4633,.T.);
#6293=ORIENTED_EDGE('',*,*,#4636,.T.);
#6294=ORIENTED_EDGE('',*,*,#4639,.T.);
#6295=ORIENTED_EDGE('',*,*,#4642,.T.);
#6296=ORIENTED_EDGE('',*,*,#4645,.T.);
#6297=ORIENTED_EDGE('',*,*,#4648,.T.);
#6298=ORIENTED_EDGE('',*,*,#4651,.T.);
#6299=ORIENTED_EDGE('',*,*,#4654,.T.);
#6300=ORIENTED_EDGE('',*,*,#4657,.T.);
#6301=ORIENTED_EDGE('',*,*,#4660,.T.);
#6302=ORIENTED_EDGE('',*,*,#4663,.T.);
#6303=ORIENTED_EDGE('',*,*,#4666,.T.);
#6304=ORIENTED_EDGE('',*,*,#4669,.T.);
#6305=ORIENTED_EDGE('',*,*,#4672,.T.);
#6306=ORIENTED_EDGE('',*,*,#4675,.T.);
#6307=ORIENTED_EDGE('',*,*,#4678,.T.);
#6308=ORIENTED_EDGE('',*,*,#4681,.T.);
#6309=ORIENTED_EDGE('',*,*,#4684,.T.);
#6310=ORIENTED_EDGE('',*,*,#4687,.T.);
#6311=ORIENTED_EDGE('',*,*,#4690,.T.);
#6312=ORIENTED_EDGE('',*,*,#4693,.T.);
#6313=ORIENTED_EDGE('',*,*,#4696,.T.);
#6314=ORIENTED_EDGE('',*,*,#4699,.T.);
#6315=ORIENTED_EDGE('',*,*,#4702,.T.);
#6316=ORIENTED_EDGE('',*,*,#4705,.T.);
#6317=ORIENTED_EDGE('',*,*,#4708,.T.);
#6318=ORIENTED_EDGE('',*,*,#4711,.T.);
#6319=ORIENTED_EDGE('',*,*,#4714,.T.);
#6320=ORIENTED_EDGE('',*,*,#4717,.T.);
#6321=ORIENTED_EDGE('',*,*,#4720,.T.);
#6322=ORIENTED_EDGE('',*,*,#4723,.T.);
#6323=ORIENTED_EDGE('',*,*,#4726,.T.);
#6324=ORIENTED_EDGE('',*,*,#4729,.T.);
#6325=ORIENTED_EDGE('',*,*,#4732,.T.);
#6326=ORIENTED_EDGE('',*,*,#4735,.T.);
#6327=ORIENTED_EDGE('',*,*,#4738,.T.);
#6328=ORIENTED_EDGE('',*,*,#4741,.T.);
#6329=ORIENTED_EDGE('',*,*,#4744,.T.);
#6330=ORIENTED_EDGE('',*,*,#4747,.T.);
#6331=ORIENTED_EDGE('',*,*,#4750,.T.);
#6332=ORIENTED_EDGE('',*,*,#4753,.T.);
#6333=ORIENTED_EDGE('',*,*,#4756,.T.);
#6334=ORIENTED_EDGE('',*,*,#4759,.T.);
#6335=ORIENTED_EDGE('',*,*,#4762,.T.);
#6336=ORIENTED_EDGE('',*,*,#4814,.T.);
#6337=ORIENTED_EDGE('',*,*,#4815,.T.);
#6338=ORIENTED_EDGE('',*,*,#4789,.F.);
#6339=ORIENTED_EDGE('',*,*,#4772,.F.);
#6340=ORIENTED_EDGE('',*,*,#4813,.T.);
#6341=ORIENTED_EDGE('',*,*,#4816,.T.);
#6342=ORIENTED_EDGE('',*,*,#4790,.F.);
#6343=ORIENTED_EDGE('',*,*,#4815,.F.);
#6344=ORIENTED_EDGE('',*,*,#4817,.T.);
#6345=ORIENTED_EDGE('',*,*,#4818,.T.);
#6346=ORIENTED_EDGE('',*,*,#4819,.T.);
#6347=ORIENTED_EDGE('',*,*,#4818,.F.);
#6348=ORIENTED_EDGE('',*,*,#4820,.T.);
#6349=ORIENTED_EDGE('',*,*,#4821,.T.);
#6350=ORIENTED_EDGE('',*,*,#4822,.T.);
#6351=ORIENTED_EDGE('',*,*,#4821,.F.);
#6352=ORIENTED_EDGE('',*,*,#4812,.T.);
#6353=ORIENTED_EDGE('',*,*,#4776,.T.);
#6354=ORIENTED_EDGE('',*,*,#4791,.F.);
#6355=ORIENTED_EDGE('',*,*,#4816,.F.);
#6356=ORIENTED_EDGE('',*,*,#4786,.F.);
#6357=ORIENTED_EDGE('',*,*,#4798,.F.);
#6358=ORIENTED_EDGE('',*,*,#4811,.F.);
#6359=ORIENTED_EDGE('',*,*,#4823,.T.);
#6360=ORIENTED_EDGE('',*,*,#4804,.F.);
#6361=ORIENTED_EDGE('',*,*,#4824,.T.);
#6362=ORIENTED_EDGE('',*,*,#4805,.F.);
#6363=ORIENTED_EDGE('',*,*,#4794,.F.);
#6364=ORIENTED_EDGE('',*,*,#4787,.F.);
#6365=ORIENTED_EDGE('',*,*,#4823,.F.);
#6366=ORIENTED_EDGE('',*,*,#4810,.F.);
#6367=ORIENTED_EDGE('',*,*,#4808,.F.);
#6368=ORIENTED_EDGE('',*,*,#4806,.F.);
#6369=ORIENTED_EDGE('',*,*,#4824,.F.);
#6370=ORIENTED_EDGE('',*,*,#4803,.F.);
#6371=ORIENTED_EDGE('',*,*,#4782,.F.);
#6372=ORIENTED_EDGE('',*,*,#3908,.T.);
#6373=ORIENTED_EDGE('',*,*,#3912,.T.);
#6374=ORIENTED_EDGE('',*,*,#3915,.T.);
#6375=ORIENTED_EDGE('',*,*,#3918,.T.);
#6376=ORIENTED_EDGE('',*,*,#3920,.T.);
#6377=ORIENTED_EDGE('',*,*,#3924,.T.);
#6378=ORIENTED_EDGE('',*,*,#3927,.T.);
#6379=ORIENTED_EDGE('',*,*,#3930,.T.);
#6380=ORIENTED_EDGE('',*,*,#3932,.T.);
#6381=ORIENTED_EDGE('',*,*,#3936,.T.);
#6382=ORIENTED_EDGE('',*,*,#3939,.T.);
#6383=ORIENTED_EDGE('',*,*,#3942,.T.);
#6384=ORIENTED_EDGE('',*,*,#3944,.T.);
#6385=ORIENTED_EDGE('',*,*,#3948,.T.);
#6386=ORIENTED_EDGE('',*,*,#3951,.T.);
#6387=ORIENTED_EDGE('',*,*,#3954,.T.);
#6388=ORIENTED_EDGE('',*,*,#3956,.T.);
#6389=ORIENTED_EDGE('',*,*,#3960,.T.);
#6390=ORIENTED_EDGE('',*,*,#3963,.T.);
#6391=ORIENTED_EDGE('',*,*,#3966,.T.);
#6392=ORIENTED_EDGE('',*,*,#3968,.T.);
#6393=ORIENTED_EDGE('',*,*,#3972,.T.);
#6394=ORIENTED_EDGE('',*,*,#3975,.T.);
#6395=ORIENTED_EDGE('',*,*,#3978,.T.);
#6396=ORIENTED_EDGE('',*,*,#3980,.T.);
#6397=ORIENTED_EDGE('',*,*,#3984,.T.);
#6398=ORIENTED_EDGE('',*,*,#3987,.T.);
#6399=ORIENTED_EDGE('',*,*,#3990,.T.);
#6400=ORIENTED_EDGE('',*,*,#3992,.T.);
#6401=ORIENTED_EDGE('',*,*,#3996,.T.);
#6402=ORIENTED_EDGE('',*,*,#3999,.T.);
#6403=ORIENTED_EDGE('',*,*,#4002,.T.);
#6404=ORIENTED_EDGE('',*,*,#4006,.T.);
#6405=ORIENTED_EDGE('',*,*,#4009,.T.);
#6406=ORIENTED_EDGE('',*,*,#4010,.T.);
#6407=ORIENTED_EDGE('',*,*,#4013,.T.);
#6408=ORIENTED_EDGE('',*,*,#4016,.T.);
#6409=ORIENTED_EDGE('',*,*,#4019,.T.);
#6410=ORIENTED_EDGE('',*,*,#4022,.T.);
#6411=ORIENTED_EDGE('',*,*,#4025,.T.);
#6412=ORIENTED_EDGE('',*,*,#4028,.T.);
#6413=ORIENTED_EDGE('',*,*,#4031,.T.);
#6414=ORIENTED_EDGE('',*,*,#4034,.T.);
#6415=ORIENTED_EDGE('',*,*,#4037,.T.);
#6416=ORIENTED_EDGE('',*,*,#4040,.T.);
#6417=ORIENTED_EDGE('',*,*,#4043,.T.);
#6418=ORIENTED_EDGE('',*,*,#4046,.T.);
#6419=ORIENTED_EDGE('',*,*,#4049,.T.);
#6420=ORIENTED_EDGE('',*,*,#4052,.T.);
#6421=ORIENTED_EDGE('',*,*,#4055,.T.);
#6422=ORIENTED_EDGE('',*,*,#4058,.T.);
#6423=ORIENTED_EDGE('',*,*,#4061,.T.);
#6424=ORIENTED_EDGE('',*,*,#4064,.T.);
#6425=ORIENTED_EDGE('',*,*,#4067,.T.);
#6426=ORIENTED_EDGE('',*,*,#4070,.T.);
#6427=ORIENTED_EDGE('',*,*,#4073,.T.);
#6428=ORIENTED_EDGE('',*,*,#4076,.T.);
#6429=ORIENTED_EDGE('',*,*,#4079,.T.);
#6430=ORIENTED_EDGE('',*,*,#4082,.T.);
#6431=ORIENTED_EDGE('',*,*,#4085,.T.);
#6432=ORIENTED_EDGE('',*,*,#4088,.T.);
#6433=ORIENTED_EDGE('',*,*,#4091,.T.);
#6434=ORIENTED_EDGE('',*,*,#4094,.T.);
#6435=ORIENTED_EDGE('',*,*,#4097,.T.);
#6436=ORIENTED_EDGE('',*,*,#4100,.T.);
#6437=ORIENTED_EDGE('',*,*,#4103,.T.);
#6438=ORIENTED_EDGE('',*,*,#4106,.T.);
#6439=ORIENTED_EDGE('',*,*,#4109,.T.);
#6440=ORIENTED_EDGE('',*,*,#4112,.T.);
#6441=ORIENTED_EDGE('',*,*,#4115,.T.);
#6442=ORIENTED_EDGE('',*,*,#4118,.T.);
#6443=ORIENTED_EDGE('',*,*,#4121,.T.);
#6444=ORIENTED_EDGE('',*,*,#4124,.T.);
#6445=ORIENTED_EDGE('',*,*,#4127,.T.);
#6446=ORIENTED_EDGE('',*,*,#4130,.T.);
#6447=ORIENTED_EDGE('',*,*,#4133,.T.);
#6448=ORIENTED_EDGE('',*,*,#4136,.T.);
#6449=ORIENTED_EDGE('',*,*,#4139,.T.);
#6450=ORIENTED_EDGE('',*,*,#4142,.T.);
#6451=ORIENTED_EDGE('',*,*,#4145,.T.);
#6452=ORIENTED_EDGE('',*,*,#4148,.T.);
#6453=ORIENTED_EDGE('',*,*,#4151,.T.);
#6454=ORIENTED_EDGE('',*,*,#4154,.T.);
#6455=ORIENTED_EDGE('',*,*,#4157,.T.);
#6456=ORIENTED_EDGE('',*,*,#4160,.T.);
#6457=ORIENTED_EDGE('',*,*,#4163,.T.);
#6458=ORIENTED_EDGE('',*,*,#4166,.T.);
#6459=ORIENTED_EDGE('',*,*,#4169,.T.);
#6460=ORIENTED_EDGE('',*,*,#4172,.T.);
#6461=ORIENTED_EDGE('',*,*,#4175,.T.);
#6462=ORIENTED_EDGE('',*,*,#4178,.T.);
#6463=ORIENTED_EDGE('',*,*,#4181,.T.);
#6464=ORIENTED_EDGE('',*,*,#4184,.T.);
#6465=ORIENTED_EDGE('',*,*,#4187,.T.);
#6466=ORIENTED_EDGE('',*,*,#4190,.T.);
#6467=ORIENTED_EDGE('',*,*,#4193,.T.);
#6468=ORIENTED_EDGE('',*,*,#4196,.T.);
#6469=ORIENTED_EDGE('',*,*,#4199,.T.);
#6470=ORIENTED_EDGE('',*,*,#4202,.T.);
#6471=ORIENTED_EDGE('',*,*,#4205,.T.);
#6472=ORIENTED_EDGE('',*,*,#4208,.T.);
#6473=ORIENTED_EDGE('',*,*,#4211,.T.);
#6474=ORIENTED_EDGE('',*,*,#4214,.T.);
#6475=ORIENTED_EDGE('',*,*,#4217,.T.);
#6476=ORIENTED_EDGE('',*,*,#4220,.T.);
#6477=ORIENTED_EDGE('',*,*,#4223,.T.);
#6478=ORIENTED_EDGE('',*,*,#4226,.T.);
#6479=ORIENTED_EDGE('',*,*,#4229,.T.);
#6480=ORIENTED_EDGE('',*,*,#4232,.T.);
#6481=ORIENTED_EDGE('',*,*,#4235,.T.);
#6482=ORIENTED_EDGE('',*,*,#4238,.T.);
#6483=ORIENTED_EDGE('',*,*,#4241,.T.);
#6484=ORIENTED_EDGE('',*,*,#4244,.T.);
#6485=ORIENTED_EDGE('',*,*,#4247,.T.);
#6486=ORIENTED_EDGE('',*,*,#4250,.T.);
#6487=ORIENTED_EDGE('',*,*,#4253,.T.);
#6488=ORIENTED_EDGE('',*,*,#4256,.T.);
#6489=ORIENTED_EDGE('',*,*,#4259,.T.);
#6490=ORIENTED_EDGE('',*,*,#4262,.T.);
#6491=ORIENTED_EDGE('',*,*,#4265,.T.);
#6492=ORIENTED_EDGE('',*,*,#4268,.T.);
#6493=ORIENTED_EDGE('',*,*,#4271,.T.);
#6494=ORIENTED_EDGE('',*,*,#4274,.T.);
#6495=ORIENTED_EDGE('',*,*,#4277,.T.);
#6496=ORIENTED_EDGE('',*,*,#4280,.T.);
#6497=ORIENTED_EDGE('',*,*,#4283,.T.);
#6498=ORIENTED_EDGE('',*,*,#4286,.T.);
#6499=ORIENTED_EDGE('',*,*,#4289,.T.);
#6500=ORIENTED_EDGE('',*,*,#4292,.T.);
#6501=ORIENTED_EDGE('',*,*,#4295,.T.);
#6502=ORIENTED_EDGE('',*,*,#4298,.T.);
#6503=ORIENTED_EDGE('',*,*,#4301,.T.);
#6504=ORIENTED_EDGE('',*,*,#4304,.T.);
#6505=ORIENTED_EDGE('',*,*,#4307,.T.);
#6506=ORIENTED_EDGE('',*,*,#4310,.T.);
#6507=ORIENTED_EDGE('',*,*,#4313,.T.);
#6508=ORIENTED_EDGE('',*,*,#4316,.T.);
#6509=ORIENTED_EDGE('',*,*,#4319,.T.);
#6510=ORIENTED_EDGE('',*,*,#4322,.T.);
#6511=ORIENTED_EDGE('',*,*,#4325,.T.);
#6512=ORIENTED_EDGE('',*,*,#4328,.T.);
#6513=ORIENTED_EDGE('',*,*,#4331,.T.);
#6514=ORIENTED_EDGE('',*,*,#4334,.T.);
#6515=ORIENTED_EDGE('',*,*,#4337,.T.);
#6516=ORIENTED_EDGE('',*,*,#4340,.T.);
#6517=ORIENTED_EDGE('',*,*,#4343,.T.);
#6518=ORIENTED_EDGE('',*,*,#4346,.T.);
#6519=ORIENTED_EDGE('',*,*,#4349,.T.);
#6520=ORIENTED_EDGE('',*,*,#4352,.T.);
#6521=ORIENTED_EDGE('',*,*,#4355,.T.);
#6522=ORIENTED_EDGE('',*,*,#4358,.T.);
#6523=ORIENTED_EDGE('',*,*,#4361,.T.);
#6524=ORIENTED_EDGE('',*,*,#4364,.T.);
#6525=ORIENTED_EDGE('',*,*,#4367,.T.);
#6526=ORIENTED_EDGE('',*,*,#4370,.T.);
#6527=ORIENTED_EDGE('',*,*,#4373,.T.);
#6528=ORIENTED_EDGE('',*,*,#4376,.T.);
#6529=ORIENTED_EDGE('',*,*,#4379,.T.);
#6530=ORIENTED_EDGE('',*,*,#4382,.T.);
#6531=ORIENTED_EDGE('',*,*,#4385,.T.);
#6532=ORIENTED_EDGE('',*,*,#4388,.T.);
#6533=ORIENTED_EDGE('',*,*,#4391,.T.);
#6534=ORIENTED_EDGE('',*,*,#4394,.T.);
#6535=ORIENTED_EDGE('',*,*,#4397,.T.);
#6536=ORIENTED_EDGE('',*,*,#4400,.T.);
#6537=ORIENTED_EDGE('',*,*,#4403,.T.);
#6538=ORIENTED_EDGE('',*,*,#4406,.T.);
#6539=ORIENTED_EDGE('',*,*,#4409,.T.);
#6540=ORIENTED_EDGE('',*,*,#4412,.T.);
#6541=ORIENTED_EDGE('',*,*,#4415,.T.);
#6542=ORIENTED_EDGE('',*,*,#4418,.T.);
#6543=ORIENTED_EDGE('',*,*,#4421,.T.);
#6544=ORIENTED_EDGE('',*,*,#4424,.T.);
#6545=ORIENTED_EDGE('',*,*,#4427,.T.);
#6546=ORIENTED_EDGE('',*,*,#4430,.T.);
#6547=ORIENTED_EDGE('',*,*,#4433,.T.);
#6548=ORIENTED_EDGE('',*,*,#4436,.T.);
#6549=ORIENTED_EDGE('',*,*,#4439,.T.);
#6550=ORIENTED_EDGE('',*,*,#4442,.T.);
#6551=ORIENTED_EDGE('',*,*,#4445,.T.);
#6552=ORIENTED_EDGE('',*,*,#4448,.T.);
#6553=ORIENTED_EDGE('',*,*,#4451,.T.);
#6554=ORIENTED_EDGE('',*,*,#4454,.T.);
#6555=ORIENTED_EDGE('',*,*,#4457,.T.);
#6556=ORIENTED_EDGE('',*,*,#4460,.T.);
#6557=ORIENTED_EDGE('',*,*,#4463,.T.);
#6558=ORIENTED_EDGE('',*,*,#4466,.T.);
#6559=ORIENTED_EDGE('',*,*,#4469,.T.);
#6560=ORIENTED_EDGE('',*,*,#4472,.T.);
#6561=ORIENTED_EDGE('',*,*,#4475,.T.);
#6562=ORIENTED_EDGE('',*,*,#4478,.T.);
#6563=ORIENTED_EDGE('',*,*,#4481,.T.);
#6564=ORIENTED_EDGE('',*,*,#4484,.T.);
#6565=ORIENTED_EDGE('',*,*,#4487,.T.);
#6566=ORIENTED_EDGE('',*,*,#4490,.T.);
#6567=ORIENTED_EDGE('',*,*,#4493,.T.);
#6568=ORIENTED_EDGE('',*,*,#4496,.T.);
#6569=ORIENTED_EDGE('',*,*,#4499,.T.);
#6570=ORIENTED_EDGE('',*,*,#4502,.T.);
#6571=ORIENTED_EDGE('',*,*,#4505,.T.);
#6572=ORIENTED_EDGE('',*,*,#4508,.T.);
#6573=ORIENTED_EDGE('',*,*,#4511,.T.);
#6574=ORIENTED_EDGE('',*,*,#4514,.T.);
#6575=ORIENTED_EDGE('',*,*,#4517,.T.);
#6576=ORIENTED_EDGE('',*,*,#4520,.T.);
#6577=ORIENTED_EDGE('',*,*,#4523,.T.);
#6578=ORIENTED_EDGE('',*,*,#4526,.T.);
#6579=ORIENTED_EDGE('',*,*,#4529,.T.);
#6580=ORIENTED_EDGE('',*,*,#4532,.T.);
#6581=ORIENTED_EDGE('',*,*,#4535,.T.);
#6582=ORIENTED_EDGE('',*,*,#4538,.T.);
#6583=ORIENTED_EDGE('',*,*,#4541,.T.);
#6584=ORIENTED_EDGE('',*,*,#4544,.T.);
#6585=ORIENTED_EDGE('',*,*,#4547,.T.);
#6586=ORIENTED_EDGE('',*,*,#4550,.T.);
#6587=ORIENTED_EDGE('',*,*,#4553,.T.);
#6588=ORIENTED_EDGE('',*,*,#4556,.T.);
#6589=ORIENTED_EDGE('',*,*,#4559,.T.);
#6590=ORIENTED_EDGE('',*,*,#4562,.T.);
#6591=ORIENTED_EDGE('',*,*,#4565,.T.);
#6592=ORIENTED_EDGE('',*,*,#4568,.T.);
#6593=ORIENTED_EDGE('',*,*,#4571,.T.);
#6594=ORIENTED_EDGE('',*,*,#4574,.T.);
#6595=ORIENTED_EDGE('',*,*,#4577,.T.);
#6596=ORIENTED_EDGE('',*,*,#4580,.T.);
#6597=ORIENTED_EDGE('',*,*,#4583,.T.);
#6598=ORIENTED_EDGE('',*,*,#4586,.T.);
#6599=ORIENTED_EDGE('',*,*,#4589,.T.);
#6600=ORIENTED_EDGE('',*,*,#4592,.T.);
#6601=ORIENTED_EDGE('',*,*,#4595,.T.);
#6602=ORIENTED_EDGE('',*,*,#4598,.T.);
#6603=ORIENTED_EDGE('',*,*,#4601,.T.);
#6604=ORIENTED_EDGE('',*,*,#4604,.T.);
#6605=ORIENTED_EDGE('',*,*,#4607,.T.);
#6606=ORIENTED_EDGE('',*,*,#4610,.T.);
#6607=ORIENTED_EDGE('',*,*,#4613,.T.);
#6608=ORIENTED_EDGE('',*,*,#4616,.T.);
#6609=ORIENTED_EDGE('',*,*,#4619,.T.);
#6610=ORIENTED_EDGE('',*,*,#4622,.T.);
#6611=ORIENTED_EDGE('',*,*,#4625,.T.);
#6612=ORIENTED_EDGE('',*,*,#4628,.T.);
#6613=ORIENTED_EDGE('',*,*,#4631,.T.);
#6614=ORIENTED_EDGE('',*,*,#4634,.T.);
#6615=ORIENTED_EDGE('',*,*,#4637,.T.);
#6616=ORIENTED_EDGE('',*,*,#4640,.T.);
#6617=ORIENTED_EDGE('',*,*,#4643,.T.);
#6618=ORIENTED_EDGE('',*,*,#4646,.T.);
#6619=ORIENTED_EDGE('',*,*,#4649,.T.);
#6620=ORIENTED_EDGE('',*,*,#4652,.T.);
#6621=ORIENTED_EDGE('',*,*,#4655,.T.);
#6622=ORIENTED_EDGE('',*,*,#4658,.T.);
#6623=ORIENTED_EDGE('',*,*,#4661,.T.);
#6624=ORIENTED_EDGE('',*,*,#4664,.T.);
#6625=ORIENTED_EDGE('',*,*,#4667,.T.);
#6626=ORIENTED_EDGE('',*,*,#4670,.T.);
#6627=ORIENTED_EDGE('',*,*,#4673,.T.);
#6628=ORIENTED_EDGE('',*,*,#4676,.T.);
#6629=ORIENTED_EDGE('',*,*,#4679,.T.);
#6630=ORIENTED_EDGE('',*,*,#4682,.T.);
#6631=ORIENTED_EDGE('',*,*,#4685,.T.);
#6632=ORIENTED_EDGE('',*,*,#4688,.T.);
#6633=ORIENTED_EDGE('',*,*,#4691,.T.);
#6634=ORIENTED_EDGE('',*,*,#4694,.T.);
#6635=ORIENTED_EDGE('',*,*,#4697,.T.);
#6636=ORIENTED_EDGE('',*,*,#4700,.T.);
#6637=ORIENTED_EDGE('',*,*,#4703,.T.);
#6638=ORIENTED_EDGE('',*,*,#4706,.T.);
#6639=ORIENTED_EDGE('',*,*,#4709,.T.);
#6640=ORIENTED_EDGE('',*,*,#4712,.T.);
#6641=ORIENTED_EDGE('',*,*,#4715,.T.);
#6642=ORIENTED_EDGE('',*,*,#4718,.T.);
#6643=ORIENTED_EDGE('',*,*,#4721,.T.);
#6644=ORIENTED_EDGE('',*,*,#4724,.T.);
#6645=ORIENTED_EDGE('',*,*,#4727,.T.);
#6646=ORIENTED_EDGE('',*,*,#4730,.T.);
#6647=ORIENTED_EDGE('',*,*,#4733,.T.);
#6648=ORIENTED_EDGE('',*,*,#4736,.T.);
#6649=ORIENTED_EDGE('',*,*,#4739,.T.);
#6650=ORIENTED_EDGE('',*,*,#4742,.T.);
#6651=ORIENTED_EDGE('',*,*,#4745,.T.);
#6652=ORIENTED_EDGE('',*,*,#4748,.T.);
#6653=ORIENTED_EDGE('',*,*,#4751,.T.);
#6654=ORIENTED_EDGE('',*,*,#4754,.T.);
#6655=ORIENTED_EDGE('',*,*,#4757,.T.);
#6656=ORIENTED_EDGE('',*,*,#4760,.T.);
#6657=ORIENTED_EDGE('',*,*,#4819,.F.);
#6658=ORIENTED_EDGE('',*,*,#4822,.F.);
#6659=ORIENTED_EDGE('',*,*,#4801,.F.);
#6660=ORIENTED_EDGE('',*,*,#4825,.T.);
#6661=ORIENTED_EDGE('',*,*,#4826,.T.);
#6662=ORIENTED_EDGE('',*,*,#4825,.F.);
#6663=ORIENTED_EDGE('',*,*,#4004,.F.);
#6664=ORIENTED_EDGE('',*,*,#4826,.F.);
#6665=ORIENTED_EDGE('',*,*,#4800,.F.);
#6666=ORIENTED_EDGE('',*,*,#4827,.T.);
#6667=ORIENTED_EDGE('',*,*,#4828,.T.);
#6668=ORIENTED_EDGE('',*,*,#4827,.F.);
#6669=ORIENTED_EDGE('',*,*,#4007,.F.);
#6670=ORIENTED_EDGE('',*,*,#4828,.F.);
#6671=ORIENTED_EDGE('',*,*,#4802,.F.);
#6672=ORIENTED_EDGE('',*,*,#4829,.T.);
#6673=ORIENTED_EDGE('',*,*,#4830,.T.);
#6674=ORIENTED_EDGE('',*,*,#4829,.F.);
#6675=ORIENTED_EDGE('',*,*,#4820,.F.);
#6676=ORIENTED_EDGE('',*,*,#4830,.F.);
#6677=ORIENTED_EDGE('',*,*,#4799,.F.);
#6678=ORIENTED_EDGE('',*,*,#4831,.T.);
#6679=ORIENTED_EDGE('',*,*,#4832,.T.);
#6680=ORIENTED_EDGE('',*,*,#4831,.F.);
#6681=ORIENTED_EDGE('',*,*,#4817,.F.);
#6682=ORIENTED_EDGE('',*,*,#4832,.F.);
#6683=PLANE('',#7080);
#6684=PLANE('',#7081);
#6685=PLANE('',#7082);
#6686=PLANE('',#7083);
#6687=PLANE('',#7084);
#6688=PLANE('',#7085);
#6689=PLANE('',#7086);
#6690=PLANE('',#7087);
#6691=PLANE('',#7088);
#6692=PLANE('',#7089);
#6693=PLANE('',#7090);
#6694=PLANE('',#7091);
#6695=PLANE('',#7092);
#6696=PLANE('',#7093);
#6697=PLANE('',#7094);
#6698=PLANE('',#7095);
#6699=PLANE('',#7096);
#6700=PLANE('',#7097);
#6701=PLANE('',#7098);
#6702=PLANE('',#7099);
#6703=PLANE('',#7100);
#6704=PLANE('',#7101);
#6705=PLANE('',#7102);
#6706=PLANE('',#7103);
#6707=PLANE('',#7104);
#6708=PLANE('',#7105);
#6709=PLANE('',#7106);
#6710=PLANE('',#7107);
#6711=PLANE('',#7108);
#6712=PLANE('',#7109);
#6713=PLANE('',#7110);
#6714=PLANE('',#7111);
#6715=PLANE('',#7112);
#6716=PLANE('',#7113);
#6717=PLANE('',#7114);
#6718=PLANE('',#7115);
#6719=PLANE('',#7116);
#6720=PLANE('',#7117);
#6721=PLANE('',#7118);
#6722=PLANE('',#7119);
#6723=PLANE('',#7879);
#6724=PLANE('',#7880);
#6725=PLANE('',#7881);
#6726=PLANE('',#7882);
#6727=PLANE('',#7883);
#6728=PLANE('',#7887);
#6729=PLANE('',#7899);
#6730=PLANE('',#7902);
#6731=PLANE('',#7903);
#6732=PLANE('',#7904);
#6733=PLANE('',#7905);
#6734=PLANE('',#7906);
#6735=PLANE('',#7913);
#6736=PLANE('',#7914);
#6737=PLANE('',#7915);
#6738=PLANE('',#7916);
#6739=PLANE('',#7919);
#6740=PLANE('',#7922);
#6741=PLANE('',#7925);
#6742=PLANE('',#7928);
#6743=ADVANCED_FACE('',(#1326),#6683,.T.);
#6744=ADVANCED_FACE('',(#1327),#6684,.T.);
#6745=ADVANCED_FACE('',(#1328),#6685,.T.);
#6746=ADVANCED_FACE('',(#1329),#6686,.T.);
#6747=ADVANCED_FACE('',(#1330),#6687,.T.);
#6748=ADVANCED_FACE('',(#1331),#6688,.T.);
#6749=ADVANCED_FACE('',(#1332),#6689,.T.);
#6750=ADVANCED_FACE('',(#1333),#6690,.T.);
#6751=ADVANCED_FACE('',(#1334),#6691,.T.);
#6752=ADVANCED_FACE('',(#1335),#6692,.T.);
#6753=ADVANCED_FACE('',(#1336),#6693,.T.);
#6754=ADVANCED_FACE('',(#1337),#6694,.T.);
#6755=ADVANCED_FACE('',(#1338),#6695,.T.);
#6756=ADVANCED_FACE('',(#1339),#6696,.T.);
#6757=ADVANCED_FACE('',(#1340),#6697,.T.);
#6758=ADVANCED_FACE('',(#1341),#6698,.T.);
#6759=ADVANCED_FACE('',(#1342),#6699,.T.);
#6760=ADVANCED_FACE('',(#1343),#6700,.T.);
#6761=ADVANCED_FACE('',(#1344),#6701,.T.);
#6762=ADVANCED_FACE('',(#1345),#6702,.T.);
#6763=ADVANCED_FACE('',(#1346),#6703,.T.);
#6764=ADVANCED_FACE('',(#1347),#6704,.T.);
#6765=ADVANCED_FACE('',(#1348),#6705,.T.);
#6766=ADVANCED_FACE('',(#1349),#6706,.T.);
#6767=ADVANCED_FACE('',(#1350),#6707,.T.);
#6768=ADVANCED_FACE('',(#1351),#6708,.T.);
#6769=ADVANCED_FACE('',(#1352),#6709,.T.);
#6770=ADVANCED_FACE('',(#1353),#6710,.T.);
#6771=ADVANCED_FACE('',(#1354),#6711,.T.);
#6772=ADVANCED_FACE('',(#1355),#6712,.T.);
#6773=ADVANCED_FACE('',(#1356),#6713,.T.);
#6774=ADVANCED_FACE('',(#1357),#6714,.T.);
#6775=ADVANCED_FACE('',(#1358),#6715,.T.);
#6776=ADVANCED_FACE('',(#1359),#6716,.T.);
#6777=ADVANCED_FACE('',(#1360),#6717,.T.);
#6778=ADVANCED_FACE('',(#1361),#6718,.T.);
#6779=ADVANCED_FACE('',(#1362),#6719,.T.);
#6780=ADVANCED_FACE('',(#1363),#6720,.T.);
#6781=ADVANCED_FACE('',(#1364),#6721,.T.);
#6782=ADVANCED_FACE('',(#1365),#6722,.T.);
#6783=ADVANCED_FACE('',(#1366),#1063,.F.);
#6784=ADVANCED_FACE('',(#1367),#1064,.F.);
#6785=ADVANCED_FACE('',(#1368),#1065,.F.);
#6786=ADVANCED_FACE('',(#1369),#1066,.F.);
#6787=ADVANCED_FACE('',(#1370),#1067,.F.);
#6788=ADVANCED_FACE('',(#1371),#1068,.F.);
#6789=ADVANCED_FACE('',(#1372),#1069,.F.);
#6790=ADVANCED_FACE('',(#1373),#1070,.F.);
#6791=ADVANCED_FACE('',(#1374),#1071,.F.);
#6792=ADVANCED_FACE('',(#1375),#1072,.F.);
#6793=ADVANCED_FACE('',(#1376),#1073,.F.);
#6794=ADVANCED_FACE('',(#1377),#1074,.F.);
#6795=ADVANCED_FACE('',(#1378),#1075,.F.);
#6796=ADVANCED_FACE('',(#1379),#1076,.F.);
#6797=ADVANCED_FACE('',(#1380),#1077,.F.);
#6798=ADVANCED_FACE('',(#1381),#1078,.F.);
#6799=ADVANCED_FACE('',(#1382),#1079,.F.);
#6800=ADVANCED_FACE('',(#1383),#1080,.F.);
#6801=ADVANCED_FACE('',(#1384),#1081,.F.);
#6802=ADVANCED_FACE('',(#1385),#1082,.F.);
#6803=ADVANCED_FACE('',(#1386),#1083,.F.);
#6804=ADVANCED_FACE('',(#1387),#1084,.F.);
#6805=ADVANCED_FACE('',(#1388),#1085,.F.);
#6806=ADVANCED_FACE('',(#1389),#1086,.F.);
#6807=ADVANCED_FACE('',(#1390),#1087,.F.);
#6808=ADVANCED_FACE('',(#1391),#1088,.F.);
#6809=ADVANCED_FACE('',(#1392),#1089,.F.);
#6810=ADVANCED_FACE('',(#1393),#1090,.F.);
#6811=ADVANCED_FACE('',(#1394),#1091,.F.);
#6812=ADVANCED_FACE('',(#1395),#1092,.F.);
#6813=ADVANCED_FACE('',(#1396),#1093,.F.);
#6814=ADVANCED_FACE('',(#1397),#1094,.F.);
#6815=ADVANCED_FACE('',(#1398),#1095,.F.);
#6816=ADVANCED_FACE('',(#1399),#1096,.F.);
#6817=ADVANCED_FACE('',(#1400),#1097,.F.);
#6818=ADVANCED_FACE('',(#1401),#1098,.F.);
#6819=ADVANCED_FACE('',(#1402),#1099,.F.);
#6820=ADVANCED_FACE('',(#1403),#1100,.F.);
#6821=ADVANCED_FACE('',(#1404),#1101,.F.);
#6822=ADVANCED_FACE('',(#1405),#1102,.F.);
#6823=ADVANCED_FACE('',(#1406),#1103,.F.);
#6824=ADVANCED_FACE('',(#1407),#1104,.F.);
#6825=ADVANCED_FACE('',(#1408),#1105,.F.);
#6826=ADVANCED_FACE('',(#1409),#1106,.F.);
#6827=ADVANCED_FACE('',(#1410),#1107,.F.);
#6828=ADVANCED_FACE('',(#1411),#1108,.F.);
#6829=ADVANCED_FACE('',(#1412),#1109,.F.);
#6830=ADVANCED_FACE('',(#1413),#1110,.F.);
#6831=ADVANCED_FACE('',(#1414),#1111,.F.);
#6832=ADVANCED_FACE('',(#1415),#1112,.F.);
#6833=ADVANCED_FACE('',(#1416),#1113,.F.);
#6834=ADVANCED_FACE('',(#1417),#1114,.F.);
#6835=ADVANCED_FACE('',(#1418),#1115,.F.);
#6836=ADVANCED_FACE('',(#1419),#1116,.F.);
#6837=ADVANCED_FACE('',(#1420),#1117,.F.);
#6838=ADVANCED_FACE('',(#1421),#1118,.F.);
#6839=ADVANCED_FACE('',(#1422),#1119,.F.);
#6840=ADVANCED_FACE('',(#1423),#1120,.F.);
#6841=ADVANCED_FACE('',(#1424),#1121,.F.);
#6842=ADVANCED_FACE('',(#1425),#1122,.F.);
#6843=ADVANCED_FACE('',(#1426),#1123,.F.);
#6844=ADVANCED_FACE('',(#1427),#1124,.F.);
#6845=ADVANCED_FACE('',(#1428),#1125,.F.);
#6846=ADVANCED_FACE('',(#1429),#1126,.F.);
#6847=ADVANCED_FACE('',(#1430),#1127,.F.);
#6848=ADVANCED_FACE('',(#1431),#1128,.F.);
#6849=ADVANCED_FACE('',(#1432),#1129,.F.);
#6850=ADVANCED_FACE('',(#1433),#1130,.F.);
#6851=ADVANCED_FACE('',(#1434),#1131,.F.);
#6852=ADVANCED_FACE('',(#1435),#1132,.F.);
#6853=ADVANCED_FACE('',(#1436),#1133,.F.);
#6854=ADVANCED_FACE('',(#1437),#1134,.F.);
#6855=ADVANCED_FACE('',(#1438),#1135,.F.);
#6856=ADVANCED_FACE('',(#1439),#1136,.F.);
#6857=ADVANCED_FACE('',(#1440),#1137,.F.);
#6858=ADVANCED_FACE('',(#1441),#1138,.F.);
#6859=ADVANCED_FACE('',(#1442),#1139,.F.);
#6860=ADVANCED_FACE('',(#1443),#1140,.F.);
#6861=ADVANCED_FACE('',(#1444),#1141,.F.);
#6862=ADVANCED_FACE('',(#1445),#1142,.F.);
#6863=ADVANCED_FACE('',(#1446),#1143,.F.);
#6864=ADVANCED_FACE('',(#1447),#1144,.F.);
#6865=ADVANCED_FACE('',(#1448),#1145,.F.);
#6866=ADVANCED_FACE('',(#1449),#1146,.F.);
#6867=ADVANCED_FACE('',(#1450),#1147,.F.);
#6868=ADVANCED_FACE('',(#1451),#1148,.F.);
#6869=ADVANCED_FACE('',(#1452),#1149,.F.);
#6870=ADVANCED_FACE('',(#1453),#1150,.F.);
#6871=ADVANCED_FACE('',(#1454),#1151,.F.);
#6872=ADVANCED_FACE('',(#1455),#1152,.F.);
#6873=ADVANCED_FACE('',(#1456),#1153,.F.);
#6874=ADVANCED_FACE('',(#1457),#1154,.F.);
#6875=ADVANCED_FACE('',(#1458),#1155,.F.);
#6876=ADVANCED_FACE('',(#1459),#1156,.F.);
#6877=ADVANCED_FACE('',(#1460),#1157,.F.);
#6878=ADVANCED_FACE('',(#1461),#1158,.F.);
#6879=ADVANCED_FACE('',(#1462),#1159,.F.);
#6880=ADVANCED_FACE('',(#1463),#1160,.F.);
#6881=ADVANCED_FACE('',(#1464),#1161,.F.);
#6882=ADVANCED_FACE('',(#1465),#1162,.F.);
#6883=ADVANCED_FACE('',(#1466),#1163,.F.);
#6884=ADVANCED_FACE('',(#1467),#1164,.F.);
#6885=ADVANCED_FACE('',(#1468),#1165,.F.);
#6886=ADVANCED_FACE('',(#1469),#1166,.F.);
#6887=ADVANCED_FACE('',(#1470),#1167,.F.);
#6888=ADVANCED_FACE('',(#1471),#1168,.F.);
#6889=ADVANCED_FACE('',(#1472),#1169,.F.);
#6890=ADVANCED_FACE('',(#1473),#1170,.F.);
#6891=ADVANCED_FACE('',(#1474),#1171,.F.);
#6892=ADVANCED_FACE('',(#1475),#1172,.F.);
#6893=ADVANCED_FACE('',(#1476),#1173,.F.);
#6894=ADVANCED_FACE('',(#1477),#1174,.F.);
#6895=ADVANCED_FACE('',(#1478),#1175,.F.);
#6896=ADVANCED_FACE('',(#1479),#1176,.F.);
#6897=ADVANCED_FACE('',(#1480),#1177,.F.);
#6898=ADVANCED_FACE('',(#1481),#1178,.F.);
#6899=ADVANCED_FACE('',(#1482),#1179,.F.);
#6900=ADVANCED_FACE('',(#1483),#1180,.F.);
#6901=ADVANCED_FACE('',(#1484),#1181,.F.);
#6902=ADVANCED_FACE('',(#1485),#1182,.F.);
#6903=ADVANCED_FACE('',(#1486),#1183,.F.);
#6904=ADVANCED_FACE('',(#1487),#1184,.F.);
#6905=ADVANCED_FACE('',(#1488),#1185,.F.);
#6906=ADVANCED_FACE('',(#1489),#1186,.F.);
#6907=ADVANCED_FACE('',(#1490),#1187,.F.);
#6908=ADVANCED_FACE('',(#1491),#1188,.F.);
#6909=ADVANCED_FACE('',(#1492),#1189,.F.);
#6910=ADVANCED_FACE('',(#1493),#1190,.F.);
#6911=ADVANCED_FACE('',(#1494),#1191,.F.);
#6912=ADVANCED_FACE('',(#1495),#1192,.F.);
#6913=ADVANCED_FACE('',(#1496),#1193,.F.);
#6914=ADVANCED_FACE('',(#1497),#1194,.F.);
#6915=ADVANCED_FACE('',(#1498),#1195,.F.);
#6916=ADVANCED_FACE('',(#1499),#1196,.F.);
#6917=ADVANCED_FACE('',(#1500),#1197,.F.);
#6918=ADVANCED_FACE('',(#1501),#1198,.F.);
#6919=ADVANCED_FACE('',(#1502),#1199,.F.);
#6920=ADVANCED_FACE('',(#1503),#1200,.F.);
#6921=ADVANCED_FACE('',(#1504),#1201,.F.);
#6922=ADVANCED_FACE('',(#1505),#1202,.F.);
#6923=ADVANCED_FACE('',(#1506),#1203,.F.);
#6924=ADVANCED_FACE('',(#1507),#1204,.F.);
#6925=ADVANCED_FACE('',(#1508),#1205,.F.);
#6926=ADVANCED_FACE('',(#1509),#1206,.F.);
#6927=ADVANCED_FACE('',(#1510),#1207,.F.);
#6928=ADVANCED_FACE('',(#1511),#1208,.F.);
#6929=ADVANCED_FACE('',(#1512),#1209,.F.);
#6930=ADVANCED_FACE('',(#1513),#1210,.F.);
#6931=ADVANCED_FACE('',(#1514),#1211,.F.);
#6932=ADVANCED_FACE('',(#1515),#1212,.F.);
#6933=ADVANCED_FACE('',(#1516),#1213,.F.);
#6934=ADVANCED_FACE('',(#1517),#1214,.F.);
#6935=ADVANCED_FACE('',(#1518),#1215,.F.);
#6936=ADVANCED_FACE('',(#1519),#1216,.F.);
#6937=ADVANCED_FACE('',(#1520),#1217,.F.);
#6938=ADVANCED_FACE('',(#1521),#1218,.F.);
#6939=ADVANCED_FACE('',(#1522),#1219,.F.);
#6940=ADVANCED_FACE('',(#1523),#1220,.F.);
#6941=ADVANCED_FACE('',(#1524),#1221,.F.);
#6942=ADVANCED_FACE('',(#1525),#1222,.F.);
#6943=ADVANCED_FACE('',(#1526),#1223,.F.);
#6944=ADVANCED_FACE('',(#1527),#1224,.F.);
#6945=ADVANCED_FACE('',(#1528),#1225,.F.);
#6946=ADVANCED_FACE('',(#1529),#1226,.F.);
#6947=ADVANCED_FACE('',(#1530),#1227,.F.);
#6948=ADVANCED_FACE('',(#1531),#1228,.F.);
#6949=ADVANCED_FACE('',(#1532),#1229,.F.);
#6950=ADVANCED_FACE('',(#1533),#1230,.F.);
#6951=ADVANCED_FACE('',(#1534),#1231,.F.);
#6952=ADVANCED_FACE('',(#1535),#1232,.F.);
#6953=ADVANCED_FACE('',(#1536),#1233,.F.);
#6954=ADVANCED_FACE('',(#1537),#1234,.F.);
#6955=ADVANCED_FACE('',(#1538),#1235,.F.);
#6956=ADVANCED_FACE('',(#1539),#1236,.F.);
#6957=ADVANCED_FACE('',(#1540),#1237,.F.);
#6958=ADVANCED_FACE('',(#1541),#1238,.F.);
#6959=ADVANCED_FACE('',(#1542),#1239,.F.);
#6960=ADVANCED_FACE('',(#1543),#1240,.F.);
#6961=ADVANCED_FACE('',(#1544),#1241,.F.);
#6962=ADVANCED_FACE('',(#1545),#1242,.F.);
#6963=ADVANCED_FACE('',(#1546),#1243,.F.);
#6964=ADVANCED_FACE('',(#1547),#1244,.F.);
#6965=ADVANCED_FACE('',(#1548),#1245,.F.);
#6966=ADVANCED_FACE('',(#1549),#1246,.F.);
#6967=ADVANCED_FACE('',(#1550),#1247,.F.);
#6968=ADVANCED_FACE('',(#1551),#1248,.F.);
#6969=ADVANCED_FACE('',(#1552),#1249,.F.);
#6970=ADVANCED_FACE('',(#1553),#1250,.F.);
#6971=ADVANCED_FACE('',(#1554),#1251,.F.);
#6972=ADVANCED_FACE('',(#1555),#1252,.F.);
#6973=ADVANCED_FACE('',(#1556),#1253,.F.);
#6974=ADVANCED_FACE('',(#1557),#1254,.F.);
#6975=ADVANCED_FACE('',(#1558),#1255,.F.);
#6976=ADVANCED_FACE('',(#1559),#1256,.F.);
#6977=ADVANCED_FACE('',(#1560),#1257,.F.);
#6978=ADVANCED_FACE('',(#1561),#1258,.F.);
#6979=ADVANCED_FACE('',(#1562),#1259,.F.);
#6980=ADVANCED_FACE('',(#1563),#1260,.F.);
#6981=ADVANCED_FACE('',(#1564),#1261,.F.);
#6982=ADVANCED_FACE('',(#1565),#1262,.F.);
#6983=ADVANCED_FACE('',(#1566),#1263,.F.);
#6984=ADVANCED_FACE('',(#1567),#1264,.F.);
#6985=ADVANCED_FACE('',(#1568),#1265,.F.);
#6986=ADVANCED_FACE('',(#1569),#1266,.F.);
#6987=ADVANCED_FACE('',(#1570),#1267,.F.);
#6988=ADVANCED_FACE('',(#1571),#1268,.F.);
#6989=ADVANCED_FACE('',(#1572),#1269,.F.);
#6990=ADVANCED_FACE('',(#1573),#1270,.F.);
#6991=ADVANCED_FACE('',(#1574),#1271,.F.);
#6992=ADVANCED_FACE('',(#1575),#1272,.F.);
#6993=ADVANCED_FACE('',(#1576),#1273,.F.);
#6994=ADVANCED_FACE('',(#1577),#1274,.F.);
#6995=ADVANCED_FACE('',(#1578),#1275,.F.);
#6996=ADVANCED_FACE('',(#1579),#1276,.F.);
#6997=ADVANCED_FACE('',(#1580),#1277,.F.);
#6998=ADVANCED_FACE('',(#1581),#1278,.F.);
#6999=ADVANCED_FACE('',(#1582),#1279,.F.);
#7000=ADVANCED_FACE('',(#1583),#1280,.F.);
#7001=ADVANCED_FACE('',(#1584),#1281,.F.);
#7002=ADVANCED_FACE('',(#1585),#1282,.F.);
#7003=ADVANCED_FACE('',(#1586),#1283,.F.);
#7004=ADVANCED_FACE('',(#1587),#1284,.F.);
#7005=ADVANCED_FACE('',(#1588),#1285,.F.);
#7006=ADVANCED_FACE('',(#1589),#1286,.F.);
#7007=ADVANCED_FACE('',(#1590),#1287,.F.);
#7008=ADVANCED_FACE('',(#1591),#1288,.F.);
#7009=ADVANCED_FACE('',(#1592),#1289,.F.);
#7010=ADVANCED_FACE('',(#1593),#1290,.F.);
#7011=ADVANCED_FACE('',(#1594),#1291,.F.);
#7012=ADVANCED_FACE('',(#1595),#1292,.F.);
#7013=ADVANCED_FACE('',(#1596),#1293,.F.);
#7014=ADVANCED_FACE('',(#1597),#1294,.F.);
#7015=ADVANCED_FACE('',(#1598),#1295,.F.);
#7016=ADVANCED_FACE('',(#1599),#1296,.F.);
#7017=ADVANCED_FACE('',(#1600),#1297,.F.);
#7018=ADVANCED_FACE('',(#1601),#1298,.F.);
#7019=ADVANCED_FACE('',(#1602),#1299,.F.);
#7020=ADVANCED_FACE('',(#1603),#1300,.F.);
#7021=ADVANCED_FACE('',(#1604),#1301,.F.);
#7022=ADVANCED_FACE('',(#1605),#1302,.F.);
#7023=ADVANCED_FACE('',(#1606),#1303,.F.);
#7024=ADVANCED_FACE('',(#1607),#1304,.F.);
#7025=ADVANCED_FACE('',(#1608),#1305,.F.);
#7026=ADVANCED_FACE('',(#1609),#1306,.F.);
#7027=ADVANCED_FACE('',(#1610),#1307,.F.);
#7028=ADVANCED_FACE('',(#1611),#1308,.F.);
#7029=ADVANCED_FACE('',(#1612),#1309,.F.);
#7030=ADVANCED_FACE('',(#1613),#1310,.F.);
#7031=ADVANCED_FACE('',(#1614),#1311,.F.);
#7032=ADVANCED_FACE('',(#1615),#1312,.F.);
#7033=ADVANCED_FACE('',(#1616),#1313,.F.);
#7034=ADVANCED_FACE('',(#1617),#1314,.F.);
#7035=ADVANCED_FACE('',(#1618),#1315,.F.);
#7036=ADVANCED_FACE('',(#1619),#6723,.F.);
#7037=ADVANCED_FACE('',(#1620),#6724,.F.);
#7038=ADVANCED_FACE('',(#1621),#6725,.T.);
#7039=ADVANCED_FACE('',(#1622),#6726,.T.);
#7040=ADVANCED_FACE('',(#1623),#6727,.T.);
#7041=ADVANCED_FACE('',(#1624),#1316,.T.);
#7042=ADVANCED_FACE('',(#1625,#15,#16,#17,#18),#6728,.T.);
#7043=ADVANCED_FACE('',(#1626),#1317,.T.);
#7044=ADVANCED_FACE('',(#1627),#1318,.T.);
#7045=ADVANCED_FACE('',(#1628),#6729,.T.);
#7046=ADVANCED_FACE('',(#1629),#1319,.T.);
#7047=ADVANCED_FACE('',(#1630),#6730,.F.);
#7048=ADVANCED_FACE('',(#1631),#6731,.F.);
#7049=ADVANCED_FACE('',(#1632,#19,#20,#21,#22,#23,#24,#25,#26,#27,#28,#29,
#30,#31,#32,#33,#34,#35,#36,#37,#38,#39,#40,#41,#42,#43,#44,#45,#46,#47,
#48,#49,#50,#51,#52,#53,#54,#55,#56,#57,#58,#59,#60,#61,#62,#63,#64,#65,
#66,#67,#68,#69,#70,#71,#72,#73,#74,#75,#76,#77,#78,#79,#80,#81,#82,#83,
#84,#85,#86,#87,#88,#89,#90,#91,#92,#93,#94,#95,#96,#97,#98,#99,#100,#101,
#102,#103,#104,#105,#106,#107,#108,#109,#110,#111,#112,#113,#114,#115,#116,
#117,#118,#119,#120,#121,#122,#123,#124,#125,#126,#127,#128,#129,#130,#131,
#132,#133,#134,#135,#136,#137,#138,#139,#140,#141,#142,#143,#144,#145,#146,
#147,#148,#149,#150,#151,#152,#153,#154,#155,#156,#157,#158,#159,#160,#161,
#162,#163,#164,#165,#166,#167,#168,#169,#170,#171,#172,#173,#174,#175,#176,
#177,#178,#179,#180,#181,#182,#183,#184,#185,#186,#187,#188,#189,#190,#191,
#192,#193,#194,#195,#196,#197,#198,#199,#200,#201,#202,#203,#204,#205,#206,
#207,#208,#209,#210,#211,#212,#213,#214,#215,#216,#217,#218,#219,#220,#221,
#222,#223,#224,#225,#226,#227,#228,#229,#230,#231,#232,#233,#234,#235,#236,
#237,#238,#239,#240,#241,#242,#243,#244,#245,#246,#247,#248,#249,#250,#251,
#252,#253,#254,#255,#256,#257,#258,#259,#260,#261,#262,#263,#264,#265,#266,
#267,#268,#269),#6732,.T.);
#7050=ADVANCED_FACE('',(#1633),#6733,.T.);
#7051=ADVANCED_FACE('',(#1634),#6734,.T.);
#7052=ADVANCED_FACE('',(#1635),#1320,.F.);
#7053=ADVANCED_FACE('',(#1636),#1321,.F.);
#7054=ADVANCED_FACE('',(#1637),#6735,.T.);
#7055=ADVANCED_FACE('',(#1638),#6736,.T.);
#7056=ADVANCED_FACE('',(#1639),#6737,.T.);
#7057=ADVANCED_FACE('',(#1640,#270,#271,#272,#273,#274,#275,#276,#277,#278,
#279,#280,#281,#282,#283,#284,#285,#286,#287,#288,#289,#290,#291,#292,#293,
#294,#295,#296,#297,#298,#299,#300,#301,#302,#303,#304,#305,#306,#307,#308,
#309,#310,#311,#312,#313,#314,#315,#316,#317,#318,#319,#320,#321,#322,#323,
#324,#325,#326,#327,#328,#329,#330,#331,#332,#333,#334,#335,#336,#337,#338,
#339,#340,#341,#342,#343,#344,#345,#346,#347,#348,#349,#350,#351,#352,#353,
#354,#355,#356,#357,#358,#359,#360,#361,#362,#363,#364,#365,#366,#367,#368,
#369,#370,#371,#372,#373,#374,#375,#376,#377,#378,#379,#380,#381,#382,#383,
#384,#385,#386,#387,#388,#389,#390,#391,#392,#393,#394,#395,#396,#397,#398,
#399,#400,#401,#402,#403,#404,#405,#406,#407,#408,#409,#410,#411,#412,#413,
#414,#415,#416,#417,#418,#419,#420,#421,#422,#423,#424,#425,#426,#427,#428,
#429,#430,#431,#432,#433,#434,#435,#436,#437,#438,#439,#440,#441,#442,#443,
#444,#445,#446,#447,#448,#449,#450,#451,#452,#453,#454,#455,#456,#457,#458,
#459,#460,#461,#462,#463,#464,#465,#466,#467,#468,#469,#470,#471,#472,#473,
#474,#475,#476,#477,#478,#479,#480,#481,#482,#483,#484,#485,#486,#487,#488,
#489,#490,#491,#492,#493,#494,#495,#496,#497,#498,#499,#500,#501,#502,#503,
#504,#505,#506,#507,#508,#509,#510,#511,#512,#513,#514,#515,#516,#517,#518,
#519,#520,#521,#522,#523,#524,#525,#526,#527,#528,#529,#530,#531,#532),
#6738,.F.);
#7058=ADVANCED_FACE('',(#1641),#1322,.F.);
#7059=ADVANCED_FACE('',(#1642,#533),#6739,.F.);
#7060=ADVANCED_FACE('',(#1643),#1323,.F.);
#7061=ADVANCED_FACE('',(#1644,#534),#6740,.F.);
#7062=ADVANCED_FACE('',(#1645),#1324,.F.);
#7063=ADVANCED_FACE('',(#1646,#535),#6741,.F.);
#7064=ADVANCED_FACE('',(#1647),#1325,.F.);
#7065=ADVANCED_FACE('',(#1648,#536),#6742,.F.);
#7066=CLOSED_SHELL('',(#6743,#6744,#6745,#6746,#6747,#6748,#6749,#6750,
#6751,#6752,#6753,#6754,#6755,#6756,#6757,#6758,#6759,#6760,#6761,#6762,
#6763,#6764,#6765,#6766,#6767,#6768,#6769,#6770,#6771,#6772,#6773,#6774,
#6775,#6776,#6777,#6778,#6779,#6780,#6781,#6782,#6783,#6784,#6785,#6786,
#6787,#6788,#6789,#6790,#6791,#6792,#6793,#6794,#6795,#6796,#6797,#6798,
#6799,#6800,#6801,#6802,#6803,#6804,#6805,#6806,#6807,#6808,#6809,#6810,
#6811,#6812,#6813,#6814,#6815,#6816,#6817,#6818,#6819,#6820,#6821,#6822,
#6823,#6824,#6825,#6826,#6827,#6828,#6829,#6830,#6831,#6832,#6833,#6834,
#6835,#6836,#6837,#6838,#6839,#6840,#6841,#6842,#6843,#6844,#6845,#6846,
#6847,#6848,#6849,#6850,#6851,#6852,#6853,#6854,#6855,#6856,#6857,#6858,
#6859,#6860,#6861,#6862,#6863,#6864,#6865,#6866,#6867,#6868,#6869,#6870,
#6871,#6872,#6873,#6874,#6875,#6876,#6877,#6878,#6879,#6880,#6881,#6882,
#6883,#6884,#6885,#6886,#6887,#6888,#6889,#6890,#6891,#6892,#6893,#6894,
#6895,#6896,#6897,#6898,#6899,#6900,#6901,#6902,#6903,#6904,#6905,#6906,
#6907,#6908,#6909,#6910,#6911,#6912,#6913,#6914,#6915,#6916,#6917,#6918,
#6919,#6920,#6921,#6922,#6923,#6924,#6925,#6926,#6927,#6928,#6929,#6930,
#6931,#6932,#6933,#6934,#6935,#6936,#6937,#6938,#6939,#6940,#6941,#6942,
#6943,#6944,#6945,#6946,#6947,#6948,#6949,#6950,#6951,#6952,#6953,#6954,
#6955,#6956,#6957,#6958,#6959,#6960,#6961,#6962,#6963,#6964,#6965,#6966,
#6967,#6968,#6969,#6970,#6971,#6972,#6973,#6974,#6975,#6976,#6977,#6978,
#6979,#6980,#6981,#6982,#6983,#6984,#6985,#6986,#6987,#6988,#6989,#6990,
#6991,#6992,#6993,#6994,#6995,#6996,#6997,#6998,#6999,#7000,#7001,#7002,
#7003,#7004,#7005,#7006,#7007,#7008,#7009,#7010,#7011,#7012,#7013,#7014,
#7015,#7016,#7017,#7018,#7019,#7020,#7021,#7022,#7023,#7024,#7025,#7026,
#7027,#7028,#7029,#7030,#7031,#7032,#7033,#7034,#7035,#7036,#7037,#7038,
#7039,#7040,#7041,#7042,#7043,#7044,#7045,#7046,#7047,#7048,#7049,#7050,
#7051,#7052,#7053,#7054,#7055,#7056,#7057,#7058,#7059,#7060,#7061,#7062,
#7063,#7064,#7065));
#7067=DERIVED_UNIT_ELEMENT(#7069,1.);
#7068=DERIVED_UNIT_ELEMENT(#11898,-3.);
#7069=(
MASS_UNIT()
NAMED_UNIT(*)
SI_UNIT(.KILO.,.GRAM.)
);
#7070=DERIVED_UNIT((#7067,#7068));
#7071=MEASURE_REPRESENTATION_ITEM('density measure',
POSITIVE_RATIO_MEASURE(7850.),#7070);
#7072=PROPERTY_DEFINITION_REPRESENTATION(#7077,#7074);
#7073=PROPERTY_DEFINITION_REPRESENTATION(#7078,#7075);
#7074=REPRESENTATION('material name',(#7076),#11895);
#7075=REPRESENTATION('density',(#7071),#11895);
#7076=DESCRIPTIVE_REPRESENTATION_ITEM('Stahl','Stahl');
#7077=PROPERTY_DEFINITION('material property','material name',#11905);
#7078=PROPERTY_DEFINITION('material property','density of part',#11905);
#7079=AXIS2_PLACEMENT_3D('',#10028,#7929,#7930);
#7080=AXIS2_PLACEMENT_3D('',#10029,#7931,#7932);
#7081=AXIS2_PLACEMENT_3D('',#10038,#7937,#7938);
#7082=AXIS2_PLACEMENT_3D('',#10044,#7942,#7943);
#7083=AXIS2_PLACEMENT_3D('',#10050,#7947,#7948);
#7084=AXIS2_PLACEMENT_3D('',#10053,#7951,#7952);
#7085=AXIS2_PLACEMENT_3D('',#10054,#7953,#7954);
#7086=AXIS2_PLACEMENT_3D('',#10063,#7959,#7960);
#7087=AXIS2_PLACEMENT_3D('',#10069,#7964,#7965);
#7088=AXIS2_PLACEMENT_3D('',#10075,#7969,#7970);
#7089=AXIS2_PLACEMENT_3D('',#10078,#7973,#7974);
#7090=AXIS2_PLACEMENT_3D('',#10079,#7975,#7976);
#7091=AXIS2_PLACEMENT_3D('',#10088,#7981,#7982);
#7092=AXIS2_PLACEMENT_3D('',#10094,#7986,#7987);
#7093=AXIS2_PLACEMENT_3D('',#10100,#7991,#7992);
#7094=AXIS2_PLACEMENT_3D('',#10103,#7995,#7996);
#7095=AXIS2_PLACEMENT_3D('',#10104,#7997,#7998);
#7096=AXIS2_PLACEMENT_3D('',#10113,#8003,#8004);
#7097=AXIS2_PLACEMENT_3D('',#10119,#8008,#8009);
#7098=AXIS2_PLACEMENT_3D('',#10125,#8013,#8014);
#7099=AXIS2_PLACEMENT_3D('',#10128,#8017,#8018);
#7100=AXIS2_PLACEMENT_3D('',#10129,#8019,#8020);
#7101=AXIS2_PLACEMENT_3D('',#10138,#8025,#8026);
#7102=AXIS2_PLACEMENT_3D('',#10144,#8030,#8031);
#7103=AXIS2_PLACEMENT_3D('',#10150,#8035,#8036);
#7104=AXIS2_PLACEMENT_3D('',#10153,#8039,#8040);
#7105=AXIS2_PLACEMENT_3D('',#10154,#8041,#8042);
#7106=AXIS2_PLACEMENT_3D('',#10163,#8047,#8048);
#7107=AXIS2_PLACEMENT_3D('',#10169,#8052,#8053);
#7108=AXIS2_PLACEMENT_3D('',#10175,#8057,#8058);
#7109=AXIS2_PLACEMENT_3D('',#10178,#8061,#8062);
#7110=AXIS2_PLACEMENT_3D('',#10179,#8063,#8064);
#7111=AXIS2_PLACEMENT_3D('',#10188,#8069,#8070);
#7112=AXIS2_PLACEMENT_3D('',#10194,#8074,#8075);
#7113=AXIS2_PLACEMENT_3D('',#10200,#8079,#8080);
#7114=AXIS2_PLACEMENT_3D('',#10203,#8083,#8084);
#7115=AXIS2_PLACEMENT_3D('',#10204,#8085,#8086);
#7116=AXIS2_PLACEMENT_3D('',#10213,#8091,#8092);
#7117=AXIS2_PLACEMENT_3D('',#10219,#8096,#8097);
#7118=AXIS2_PLACEMENT_3D('',#10225,#8101,#8102);
#7119=AXIS2_PLACEMENT_3D('',#10228,#8105,#8106);
#7120=AXIS2_PLACEMENT_3D('',#10229,#8107,#8108);
#7121=AXIS2_PLACEMENT_3D('',#10231,#8109,#8110);
#7122=AXIS2_PLACEMENT_3D('',#10234,#8112,#8113);
#7123=AXIS2_PLACEMENT_3D('',#10235,#8114,#8115);
#7124=AXIS2_PLACEMENT_3D('',#10237,#8116,#8117);
#7125=AXIS2_PLACEMENT_3D('',#10240,#8119,#8120);
#7126=AXIS2_PLACEMENT_3D('',#10241,#8121,#8122);
#7127=AXIS2_PLACEMENT_3D('',#10243,#8123,#8124);
#7128=AXIS2_PLACEMENT_3D('',#10246,#8126,#8127);
#7129=AXIS2_PLACEMENT_3D('',#10247,#8128,#8129);
#7130=AXIS2_PLACEMENT_3D('',#10249,#8130,#8131);
#7131=AXIS2_PLACEMENT_3D('',#10252,#8133,#8134);
#7132=AXIS2_PLACEMENT_3D('',#10253,#8135,#8136);
#7133=AXIS2_PLACEMENT_3D('',#10255,#8137,#8138);
#7134=AXIS2_PLACEMENT_3D('',#10258,#8140,#8141);
#7135=AXIS2_PLACEMENT_3D('',#10259,#8142,#8143);
#7136=AXIS2_PLACEMENT_3D('',#10261,#8144,#8145);
#7137=AXIS2_PLACEMENT_3D('',#10264,#8147,#8148);
#7138=AXIS2_PLACEMENT_3D('',#10265,#8149,#8150);
#7139=AXIS2_PLACEMENT_3D('',#10267,#8151,#8152);
#7140=AXIS2_PLACEMENT_3D('',#10270,#8154,#8155);
#7141=AXIS2_PLACEMENT_3D('',#10271,#8156,#8157);
#7142=AXIS2_PLACEMENT_3D('',#10273,#8158,#8159);
#7143=AXIS2_PLACEMENT_3D('',#10276,#8161,#8162);
#7144=AXIS2_PLACEMENT_3D('',#10277,#8163,#8164);
#7145=AXIS2_PLACEMENT_3D('',#10279,#8165,#8166);
#7146=AXIS2_PLACEMENT_3D('',#10282,#8168,#8169);
#7147=AXIS2_PLACEMENT_3D('',#10283,#8170,#8171);
#7148=AXIS2_PLACEMENT_3D('',#10285,#8172,#8173);
#7149=AXIS2_PLACEMENT_3D('',#10288,#8175,#8176);
#7150=AXIS2_PLACEMENT_3D('',#10289,#8177,#8178);
#7151=AXIS2_PLACEMENT_3D('',#10291,#8179,#8180);
#7152=AXIS2_PLACEMENT_3D('',#10294,#8182,#8183);
#7153=AXIS2_PLACEMENT_3D('',#10295,#8184,#8185);
#7154=AXIS2_PLACEMENT_3D('',#10297,#8186,#8187);
#7155=AXIS2_PLACEMENT_3D('',#10300,#8189,#8190);
#7156=AXIS2_PLACEMENT_3D('',#10301,#8191,#8192);
#7157=AXIS2_PLACEMENT_3D('',#10303,#8193,#8194);
#7158=AXIS2_PLACEMENT_3D('',#10306,#8196,#8197);
#7159=AXIS2_PLACEMENT_3D('',#10307,#8198,#8199);
#7160=AXIS2_PLACEMENT_3D('',#10309,#8200,#8201);
#7161=AXIS2_PLACEMENT_3D('',#10312,#8203,#8204);
#7162=AXIS2_PLACEMENT_3D('',#10313,#8205,#8206);
#7163=AXIS2_PLACEMENT_3D('',#10315,#8207,#8208);
#7164=AXIS2_PLACEMENT_3D('',#10318,#8210,#8211);
#7165=AXIS2_PLACEMENT_3D('',#10319,#8212,#8213);
#7166=AXIS2_PLACEMENT_3D('',#10321,#8214,#8215);
#7167=AXIS2_PLACEMENT_3D('',#10324,#8217,#8218);
#7168=AXIS2_PLACEMENT_3D('',#10325,#8219,#8220);
#7169=AXIS2_PLACEMENT_3D('',#10327,#8221,#8222);
#7170=AXIS2_PLACEMENT_3D('',#10330,#8224,#8225);
#7171=AXIS2_PLACEMENT_3D('',#10331,#8226,#8227);
#7172=AXIS2_PLACEMENT_3D('',#10333,#8228,#8229);
#7173=AXIS2_PLACEMENT_3D('',#10336,#8231,#8232);
#7174=AXIS2_PLACEMENT_3D('',#10337,#8233,#8234);
#7175=AXIS2_PLACEMENT_3D('',#10339,#8235,#8236);
#7176=AXIS2_PLACEMENT_3D('',#10342,#8238,#8239);
#7177=AXIS2_PLACEMENT_3D('',#10343,#8240,#8241);
#7178=AXIS2_PLACEMENT_3D('',#10345,#8242,#8243);
#7179=AXIS2_PLACEMENT_3D('',#10348,#8245,#8246);
#7180=AXIS2_PLACEMENT_3D('',#10349,#8247,#8248);
#7181=AXIS2_PLACEMENT_3D('',#10351,#8249,#8250);
#7182=AXIS2_PLACEMENT_3D('',#10354,#8252,#8253);
#7183=AXIS2_PLACEMENT_3D('',#10355,#8254,#8255);
#7184=AXIS2_PLACEMENT_3D('',#10357,#8256,#8257);
#7185=AXIS2_PLACEMENT_3D('',#10360,#8259,#8260);
#7186=AXIS2_PLACEMENT_3D('',#10361,#8261,#8262);
#7187=AXIS2_PLACEMENT_3D('',#10363,#8263,#8264);
#7188=AXIS2_PLACEMENT_3D('',#10366,#8266,#8267);
#7189=AXIS2_PLACEMENT_3D('',#10367,#8268,#8269);
#7190=AXIS2_PLACEMENT_3D('',#10369,#8270,#8271);
#7191=AXIS2_PLACEMENT_3D('',#10372,#8273,#8274);
#7192=AXIS2_PLACEMENT_3D('',#10373,#8275,#8276);
#7193=AXIS2_PLACEMENT_3D('',#10375,#8277,#8278);
#7194=AXIS2_PLACEMENT_3D('',#10378,#8280,#8281);
#7195=AXIS2_PLACEMENT_3D('',#10379,#8282,#8283);
#7196=AXIS2_PLACEMENT_3D('',#10381,#8284,#8285);
#7197=AXIS2_PLACEMENT_3D('',#10384,#8287,#8288);
#7198=AXIS2_PLACEMENT_3D('',#10385,#8289,#8290);
#7199=AXIS2_PLACEMENT_3D('',#10387,#8291,#8292);
#7200=AXIS2_PLACEMENT_3D('',#10390,#8294,#8295);
#7201=AXIS2_PLACEMENT_3D('',#10391,#8296,#8297);
#7202=AXIS2_PLACEMENT_3D('',#10393,#8298,#8299);
#7203=AXIS2_PLACEMENT_3D('',#10396,#8301,#8302);
#7204=AXIS2_PLACEMENT_3D('',#10397,#8303,#8304);
#7205=AXIS2_PLACEMENT_3D('',#10399,#8305,#8306);
#7206=AXIS2_PLACEMENT_3D('',#10402,#8308,#8309);
#7207=AXIS2_PLACEMENT_3D('',#10403,#8310,#8311);
#7208=AXIS2_PLACEMENT_3D('',#10405,#8312,#8313);
#7209=AXIS2_PLACEMENT_3D('',#10408,#8315,#8316);
#7210=AXIS2_PLACEMENT_3D('',#10409,#8317,#8318);
#7211=AXIS2_PLACEMENT_3D('',#10411,#8319,#8320);
#7212=AXIS2_PLACEMENT_3D('',#10414,#8322,#8323);
#7213=AXIS2_PLACEMENT_3D('',#10415,#8324,#8325);
#7214=AXIS2_PLACEMENT_3D('',#10417,#8326,#8327);
#7215=AXIS2_PLACEMENT_3D('',#10420,#8329,#8330);
#7216=AXIS2_PLACEMENT_3D('',#10421,#8331,#8332);
#7217=AXIS2_PLACEMENT_3D('',#10423,#8333,#8334);
#7218=AXIS2_PLACEMENT_3D('',#10426,#8336,#8337);
#7219=AXIS2_PLACEMENT_3D('',#10427,#8338,#8339);
#7220=AXIS2_PLACEMENT_3D('',#10429,#8340,#8341);
#7221=AXIS2_PLACEMENT_3D('',#10432,#8343,#8344);
#7222=AXIS2_PLACEMENT_3D('',#10433,#8345,#8346);
#7223=AXIS2_PLACEMENT_3D('',#10435,#8347,#8348);
#7224=AXIS2_PLACEMENT_3D('',#10438,#8350,#8351);
#7225=AXIS2_PLACEMENT_3D('',#10439,#8352,#8353);
#7226=AXIS2_PLACEMENT_3D('',#10441,#8354,#8355);
#7227=AXIS2_PLACEMENT_3D('',#10444,#8357,#8358);
#7228=AXIS2_PLACEMENT_3D('',#10445,#8359,#8360);
#7229=AXIS2_PLACEMENT_3D('',#10447,#8361,#8362);
#7230=AXIS2_PLACEMENT_3D('',#10450,#8364,#8365);
#7231=AXIS2_PLACEMENT_3D('',#10451,#8366,#8367);
#7232=AXIS2_PLACEMENT_3D('',#10453,#8368,#8369);
#7233=AXIS2_PLACEMENT_3D('',#10456,#8371,#8372);
#7234=AXIS2_PLACEMENT_3D('',#10457,#8373,#8374);
#7235=AXIS2_PLACEMENT_3D('',#10459,#8375,#8376);
#7236=AXIS2_PLACEMENT_3D('',#10462,#8378,#8379);
#7237=AXIS2_PLACEMENT_3D('',#10463,#8380,#8381);
#7238=AXIS2_PLACEMENT_3D('',#10465,#8382,#8383);
#7239=AXIS2_PLACEMENT_3D('',#10468,#8385,#8386);
#7240=AXIS2_PLACEMENT_3D('',#10469,#8387,#8388);
#7241=AXIS2_PLACEMENT_3D('',#10471,#8389,#8390);
#7242=AXIS2_PLACEMENT_3D('',#10474,#8392,#8393);
#7243=AXIS2_PLACEMENT_3D('',#10475,#8394,#8395);
#7244=AXIS2_PLACEMENT_3D('',#10477,#8396,#8397);
#7245=AXIS2_PLACEMENT_3D('',#10480,#8399,#8400);
#7246=AXIS2_PLACEMENT_3D('',#10481,#8401,#8402);
#7247=AXIS2_PLACEMENT_3D('',#10483,#8403,#8404);
#7248=AXIS2_PLACEMENT_3D('',#10486,#8406,#8407);
#7249=AXIS2_PLACEMENT_3D('',#10487,#8408,#8409);
#7250=AXIS2_PLACEMENT_3D('',#10489,#8410,#8411);
#7251=AXIS2_PLACEMENT_3D('',#10492,#8413,#8414);
#7252=AXIS2_PLACEMENT_3D('',#10493,#8415,#8416);
#7253=AXIS2_PLACEMENT_3D('',#10495,#8417,#8418);
#7254=AXIS2_PLACEMENT_3D('',#10498,#8420,#8421);
#7255=AXIS2_PLACEMENT_3D('',#10499,#8422,#8423);
#7256=AXIS2_PLACEMENT_3D('',#10501,#8424,#8425);
#7257=AXIS2_PLACEMENT_3D('',#10504,#8427,#8428);
#7258=AXIS2_PLACEMENT_3D('',#10505,#8429,#8430);
#7259=AXIS2_PLACEMENT_3D('',#10507,#8431,#8432);
#7260=AXIS2_PLACEMENT_3D('',#10510,#8434,#8435);
#7261=AXIS2_PLACEMENT_3D('',#10511,#8436,#8437);
#7262=AXIS2_PLACEMENT_3D('',#10513,#8438,#8439);
#7263=AXIS2_PLACEMENT_3D('',#10516,#8441,#8442);
#7264=AXIS2_PLACEMENT_3D('',#10517,#8443,#8444);
#7265=AXIS2_PLACEMENT_3D('',#10519,#8445,#8446);
#7266=AXIS2_PLACEMENT_3D('',#10522,#8448,#8449);
#7267=AXIS2_PLACEMENT_3D('',#10523,#8450,#8451);
#7268=AXIS2_PLACEMENT_3D('',#10525,#8452,#8453);
#7269=AXIS2_PLACEMENT_3D('',#10528,#8455,#8456);
#7270=AXIS2_PLACEMENT_3D('',#10529,#8457,#8458);
#7271=AXIS2_PLACEMENT_3D('',#10531,#8459,#8460);
#7272=AXIS2_PLACEMENT_3D('',#10534,#8462,#8463);
#7273=AXIS2_PLACEMENT_3D('',#10535,#8464,#8465);
#7274=AXIS2_PLACEMENT_3D('',#10537,#8466,#8467);
#7275=AXIS2_PLACEMENT_3D('',#10540,#8469,#8470);
#7276=AXIS2_PLACEMENT_3D('',#10541,#8471,#8472);
#7277=AXIS2_PLACEMENT_3D('',#10543,#8473,#8474);
#7278=AXIS2_PLACEMENT_3D('',#10546,#8476,#8477);
#7279=AXIS2_PLACEMENT_3D('',#10547,#8478,#8479);
#7280=AXIS2_PLACEMENT_3D('',#10549,#8480,#8481);
#7281=AXIS2_PLACEMENT_3D('',#10552,#8483,#8484);
#7282=AXIS2_PLACEMENT_3D('',#10553,#8485,#8486);
#7283=AXIS2_PLACEMENT_3D('',#10555,#8487,#8488);
#7284=AXIS2_PLACEMENT_3D('',#10558,#8490,#8491);
#7285=AXIS2_PLACEMENT_3D('',#10559,#8492,#8493);
#7286=AXIS2_PLACEMENT_3D('',#10561,#8494,#8495);
#7287=AXIS2_PLACEMENT_3D('',#10564,#8497,#8498);
#7288=AXIS2_PLACEMENT_3D('',#10565,#8499,#8500);
#7289=AXIS2_PLACEMENT_3D('',#10567,#8501,#8502);
#7290=AXIS2_PLACEMENT_3D('',#10570,#8504,#8505);
#7291=AXIS2_PLACEMENT_3D('',#10571,#8506,#8507);
#7292=AXIS2_PLACEMENT_3D('',#10573,#8508,#8509);
#7293=AXIS2_PLACEMENT_3D('',#10576,#8511,#8512);
#7294=AXIS2_PLACEMENT_3D('',#10577,#8513,#8514);
#7295=AXIS2_PLACEMENT_3D('',#10579,#8515,#8516);
#7296=AXIS2_PLACEMENT_3D('',#10582,#8518,#8519);
#7297=AXIS2_PLACEMENT_3D('',#10583,#8520,#8521);
#7298=AXIS2_PLACEMENT_3D('',#10585,#8522,#8523);
#7299=AXIS2_PLACEMENT_3D('',#10588,#8525,#8526);
#7300=AXIS2_PLACEMENT_3D('',#10589,#8527,#8528);
#7301=AXIS2_PLACEMENT_3D('',#10591,#8529,#8530);
#7302=AXIS2_PLACEMENT_3D('',#10594,#8532,#8533);
#7303=AXIS2_PLACEMENT_3D('',#10595,#8534,#8535);
#7304=AXIS2_PLACEMENT_3D('',#10597,#8536,#8537);
#7305=AXIS2_PLACEMENT_3D('',#10600,#8539,#8540);
#7306=AXIS2_PLACEMENT_3D('',#10601,#8541,#8542);
#7307=AXIS2_PLACEMENT_3D('',#10603,#8543,#8544);
#7308=AXIS2_PLACEMENT_3D('',#10606,#8546,#8547);
#7309=AXIS2_PLACEMENT_3D('',#10607,#8548,#8549);
#7310=AXIS2_PLACEMENT_3D('',#10609,#8550,#8551);
#7311=AXIS2_PLACEMENT_3D('',#10612,#8553,#8554);
#7312=AXIS2_PLACEMENT_3D('',#10613,#8555,#8556);
#7313=AXIS2_PLACEMENT_3D('',#10615,#8557,#8558);
#7314=AXIS2_PLACEMENT_3D('',#10618,#8560,#8561);
#7315=AXIS2_PLACEMENT_3D('',#10619,#8562,#8563);
#7316=AXIS2_PLACEMENT_3D('',#10621,#8564,#8565);
#7317=AXIS2_PLACEMENT_3D('',#10624,#8567,#8568);
#7318=AXIS2_PLACEMENT_3D('',#10625,#8569,#8570);
#7319=AXIS2_PLACEMENT_3D('',#10627,#8571,#8572);
#7320=AXIS2_PLACEMENT_3D('',#10630,#8574,#8575);
#7321=AXIS2_PLACEMENT_3D('',#10631,#8576,#8577);
#7322=AXIS2_PLACEMENT_3D('',#10633,#8578,#8579);
#7323=AXIS2_PLACEMENT_3D('',#10636,#8581,#8582);
#7324=AXIS2_PLACEMENT_3D('',#10637,#8583,#8584);
#7325=AXIS2_PLACEMENT_3D('',#10639,#8585,#8586);
#7326=AXIS2_PLACEMENT_3D('',#10642,#8588,#8589);
#7327=AXIS2_PLACEMENT_3D('',#10643,#8590,#8591);
#7328=AXIS2_PLACEMENT_3D('',#10645,#8592,#8593);
#7329=AXIS2_PLACEMENT_3D('',#10648,#8595,#8596);
#7330=AXIS2_PLACEMENT_3D('',#10649,#8597,#8598);
#7331=AXIS2_PLACEMENT_3D('',#10651,#8599,#8600);
#7332=AXIS2_PLACEMENT_3D('',#10654,#8602,#8603);
#7333=AXIS2_PLACEMENT_3D('',#10655,#8604,#8605);
#7334=AXIS2_PLACEMENT_3D('',#10657,#8606,#8607);
#7335=AXIS2_PLACEMENT_3D('',#10660,#8609,#8610);
#7336=AXIS2_PLACEMENT_3D('',#10661,#8611,#8612);
#7337=AXIS2_PLACEMENT_3D('',#10663,#8613,#8614);
#7338=AXIS2_PLACEMENT_3D('',#10666,#8616,#8617);
#7339=AXIS2_PLACEMENT_3D('',#10667,#8618,#8619);
#7340=AXIS2_PLACEMENT_3D('',#10669,#8620,#8621);
#7341=AXIS2_PLACEMENT_3D('',#10672,#8623,#8624);
#7342=AXIS2_PLACEMENT_3D('',#10673,#8625,#8626);
#7343=AXIS2_PLACEMENT_3D('',#10675,#8627,#8628);
#7344=AXIS2_PLACEMENT_3D('',#10678,#8630,#8631);
#7345=AXIS2_PLACEMENT_3D('',#10679,#8632,#8633);
#7346=AXIS2_PLACEMENT_3D('',#10681,#8634,#8635);
#7347=AXIS2_PLACEMENT_3D('',#10684,#8637,#8638);
#7348=AXIS2_PLACEMENT_3D('',#10685,#8639,#8640);
#7349=AXIS2_PLACEMENT_3D('',#10687,#8641,#8642);
#7350=AXIS2_PLACEMENT_3D('',#10690,#8644,#8645);
#7351=AXIS2_PLACEMENT_3D('',#10691,#8646,#8647);
#7352=AXIS2_PLACEMENT_3D('',#10693,#8648,#8649);
#7353=AXIS2_PLACEMENT_3D('',#10696,#8651,#8652);
#7354=AXIS2_PLACEMENT_3D('',#10697,#8653,#8654);
#7355=AXIS2_PLACEMENT_3D('',#10699,#8655,#8656);
#7356=AXIS2_PLACEMENT_3D('',#10702,#8658,#8659);
#7357=AXIS2_PLACEMENT_3D('',#10703,#8660,#8661);
#7358=AXIS2_PLACEMENT_3D('',#10705,#8662,#8663);
#7359=AXIS2_PLACEMENT_3D('',#10708,#8665,#8666);
#7360=AXIS2_PLACEMENT_3D('',#10709,#8667,#8668);
#7361=AXIS2_PLACEMENT_3D('',#10711,#8669,#8670);
#7362=AXIS2_PLACEMENT_3D('',#10714,#8672,#8673);
#7363=AXIS2_PLACEMENT_3D('',#10715,#8674,#8675);
#7364=AXIS2_PLACEMENT_3D('',#10717,#8676,#8677);
#7365=AXIS2_PLACEMENT_3D('',#10720,#8679,#8680);
#7366=AXIS2_PLACEMENT_3D('',#10721,#8681,#8682);
#7367=AXIS2_PLACEMENT_3D('',#10723,#8683,#8684);
#7368=AXIS2_PLACEMENT_3D('',#10726,#8686,#8687);
#7369=AXIS2_PLACEMENT_3D('',#10727,#8688,#8689);
#7370=AXIS2_PLACEMENT_3D('',#10729,#8690,#8691);
#7371=AXIS2_PLACEMENT_3D('',#10732,#8693,#8694);
#7372=AXIS2_PLACEMENT_3D('',#10733,#8695,#8696);
#7373=AXIS2_PLACEMENT_3D('',#10735,#8697,#8698);
#7374=AXIS2_PLACEMENT_3D('',#10738,#8700,#8701);
#7375=AXIS2_PLACEMENT_3D('',#10739,#8702,#8703);
#7376=AXIS2_PLACEMENT_3D('',#10741,#8704,#8705);
#7377=AXIS2_PLACEMENT_3D('',#10744,#8707,#8708);
#7378=AXIS2_PLACEMENT_3D('',#10745,#8709,#8710);
#7379=AXIS2_PLACEMENT_3D('',#10747,#8711,#8712);
#7380=AXIS2_PLACEMENT_3D('',#10750,#8714,#8715);
#7381=AXIS2_PLACEMENT_3D('',#10751,#8716,#8717);
#7382=AXIS2_PLACEMENT_3D('',#10753,#8718,#8719);
#7383=AXIS2_PLACEMENT_3D('',#10756,#8721,#8722);
#7384=AXIS2_PLACEMENT_3D('',#10757,#8723,#8724);
#7385=AXIS2_PLACEMENT_3D('',#10759,#8725,#8726);
#7386=AXIS2_PLACEMENT_3D('',#10762,#8728,#8729);
#7387=AXIS2_PLACEMENT_3D('',#10763,#8730,#8731);
#7388=AXIS2_PLACEMENT_3D('',#10765,#8732,#8733);
#7389=AXIS2_PLACEMENT_3D('',#10768,#8735,#8736);
#7390=AXIS2_PLACEMENT_3D('',#10769,#8737,#8738);
#7391=AXIS2_PLACEMENT_3D('',#10771,#8739,#8740);
#7392=AXIS2_PLACEMENT_3D('',#10774,#8742,#8743);
#7393=AXIS2_PLACEMENT_3D('',#10775,#8744,#8745);
#7394=AXIS2_PLACEMENT_3D('',#10777,#8746,#8747);
#7395=AXIS2_PLACEMENT_3D('',#10780,#8749,#8750);
#7396=AXIS2_PLACEMENT_3D('',#10781,#8751,#8752);
#7397=AXIS2_PLACEMENT_3D('',#10783,#8753,#8754);
#7398=AXIS2_PLACEMENT_3D('',#10786,#8756,#8757);
#7399=AXIS2_PLACEMENT_3D('',#10787,#8758,#8759);
#7400=AXIS2_PLACEMENT_3D('',#10789,#8760,#8761);
#7401=AXIS2_PLACEMENT_3D('',#10792,#8763,#8764);
#7402=AXIS2_PLACEMENT_3D('',#10793,#8765,#8766);
#7403=AXIS2_PLACEMENT_3D('',#10795,#8767,#8768);
#7404=AXIS2_PLACEMENT_3D('',#10798,#8770,#8771);
#7405=AXIS2_PLACEMENT_3D('',#10799,#8772,#8773);
#7406=AXIS2_PLACEMENT_3D('',#10801,#8774,#8775);
#7407=AXIS2_PLACEMENT_3D('',#10804,#8777,#8778);
#7408=AXIS2_PLACEMENT_3D('',#10805,#8779,#8780);
#7409=AXIS2_PLACEMENT_3D('',#10807,#8781,#8782);
#7410=AXIS2_PLACEMENT_3D('',#10810,#8784,#8785);
#7411=AXIS2_PLACEMENT_3D('',#10811,#8786,#8787);
#7412=AXIS2_PLACEMENT_3D('',#10813,#8788,#8789);
#7413=AXIS2_PLACEMENT_3D('',#10816,#8791,#8792);
#7414=AXIS2_PLACEMENT_3D('',#10817,#8793,#8794);
#7415=AXIS2_PLACEMENT_3D('',#10819,#8795,#8796);
#7416=AXIS2_PLACEMENT_3D('',#10822,#8798,#8799);
#7417=AXIS2_PLACEMENT_3D('',#10823,#8800,#8801);
#7418=AXIS2_PLACEMENT_3D('',#10825,#8802,#8803);
#7419=AXIS2_PLACEMENT_3D('',#10828,#8805,#8806);
#7420=AXIS2_PLACEMENT_3D('',#10829,#8807,#8808);
#7421=AXIS2_PLACEMENT_3D('',#10831,#8809,#8810);
#7422=AXIS2_PLACEMENT_3D('',#10834,#8812,#8813);
#7423=AXIS2_PLACEMENT_3D('',#10835,#8814,#8815);
#7424=AXIS2_PLACEMENT_3D('',#10837,#8816,#8817);
#7425=AXIS2_PLACEMENT_3D('',#10840,#8819,#8820);
#7426=AXIS2_PLACEMENT_3D('',#10841,#8821,#8822);
#7427=AXIS2_PLACEMENT_3D('',#10843,#8823,#8824);
#7428=AXIS2_PLACEMENT_3D('',#10846,#8826,#8827);
#7429=AXIS2_PLACEMENT_3D('',#10847,#8828,#8829);
#7430=AXIS2_PLACEMENT_3D('',#10849,#8830,#8831);
#7431=AXIS2_PLACEMENT_3D('',#10852,#8833,#8834);
#7432=AXIS2_PLACEMENT_3D('',#10853,#8835,#8836);
#7433=AXIS2_PLACEMENT_3D('',#10855,#8837,#8838);
#7434=AXIS2_PLACEMENT_3D('',#10858,#8840,#8841);
#7435=AXIS2_PLACEMENT_3D('',#10859,#8842,#8843);
#7436=AXIS2_PLACEMENT_3D('',#10861,#8844,#8845);
#7437=AXIS2_PLACEMENT_3D('',#10864,#8847,#8848);
#7438=AXIS2_PLACEMENT_3D('',#10865,#8849,#8850);
#7439=AXIS2_PLACEMENT_3D('',#10867,#8851,#8852);
#7440=AXIS2_PLACEMENT_3D('',#10870,#8854,#8855);
#7441=AXIS2_PLACEMENT_3D('',#10871,#8856,#8857);
#7442=AXIS2_PLACEMENT_3D('',#10873,#8858,#8859);
#7443=AXIS2_PLACEMENT_3D('',#10876,#8861,#8862);
#7444=AXIS2_PLACEMENT_3D('',#10877,#8863,#8864);
#7445=AXIS2_PLACEMENT_3D('',#10879,#8865,#8866);
#7446=AXIS2_PLACEMENT_3D('',#10882,#8868,#8869);
#7447=AXIS2_PLACEMENT_3D('',#10883,#8870,#8871);
#7448=AXIS2_PLACEMENT_3D('',#10885,#8872,#8873);
#7449=AXIS2_PLACEMENT_3D('',#10888,#8875,#8876);
#7450=AXIS2_PLACEMENT_3D('',#10889,#8877,#8878);
#7451=AXIS2_PLACEMENT_3D('',#10891,#8879,#8880);
#7452=AXIS2_PLACEMENT_3D('',#10894,#8882,#8883);
#7453=AXIS2_PLACEMENT_3D('',#10895,#8884,#8885);
#7454=AXIS2_PLACEMENT_3D('',#10897,#8886,#8887);
#7455=AXIS2_PLACEMENT_3D('',#10900,#8889,#8890);
#7456=AXIS2_PLACEMENT_3D('',#10901,#8891,#8892);
#7457=AXIS2_PLACEMENT_3D('',#10903,#8893,#8894);
#7458=AXIS2_PLACEMENT_3D('',#10906,#8896,#8897);
#7459=AXIS2_PLACEMENT_3D('',#10907,#8898,#8899);
#7460=AXIS2_PLACEMENT_3D('',#10909,#8900,#8901);
#7461=AXIS2_PLACEMENT_3D('',#10912,#8903,#8904);
#7462=AXIS2_PLACEMENT_3D('',#10913,#8905,#8906);
#7463=AXIS2_PLACEMENT_3D('',#10915,#8907,#8908);
#7464=AXIS2_PLACEMENT_3D('',#10918,#8910,#8911);
#7465=AXIS2_PLACEMENT_3D('',#10919,#8912,#8913);
#7466=AXIS2_PLACEMENT_3D('',#10921,#8914,#8915);
#7467=AXIS2_PLACEMENT_3D('',#10924,#8917,#8918);
#7468=AXIS2_PLACEMENT_3D('',#10925,#8919,#8920);
#7469=AXIS2_PLACEMENT_3D('',#10927,#8921,#8922);
#7470=AXIS2_PLACEMENT_3D('',#10930,#8924,#8925);
#7471=AXIS2_PLACEMENT_3D('',#10931,#8926,#8927);
#7472=AXIS2_PLACEMENT_3D('',#10933,#8928,#8929);
#7473=AXIS2_PLACEMENT_3D('',#10936,#8931,#8932);
#7474=AXIS2_PLACEMENT_3D('',#10937,#8933,#8934);
#7475=AXIS2_PLACEMENT_3D('',#10939,#8935,#8936);
#7476=AXIS2_PLACEMENT_3D('',#10942,#8938,#8939);
#7477=AXIS2_PLACEMENT_3D('',#10943,#8940,#8941);
#7478=AXIS2_PLACEMENT_3D('',#10945,#8942,#8943);
#7479=AXIS2_PLACEMENT_3D('',#10948,#8945,#8946);
#7480=AXIS2_PLACEMENT_3D('',#10949,#8947,#8948);
#7481=AXIS2_PLACEMENT_3D('',#10951,#8949,#8950);
#7482=AXIS2_PLACEMENT_3D('',#10954,#8952,#8953);
#7483=AXIS2_PLACEMENT_3D('',#10955,#8954,#8955);
#7484=AXIS2_PLACEMENT_3D('',#10957,#8956,#8957);
#7485=AXIS2_PLACEMENT_3D('',#10960,#8959,#8960);
#7486=AXIS2_PLACEMENT_3D('',#10961,#8961,#8962);
#7487=AXIS2_PLACEMENT_3D('',#10963,#8963,#8964);
#7488=AXIS2_PLACEMENT_3D('',#10966,#8966,#8967);
#7489=AXIS2_PLACEMENT_3D('',#10967,#8968,#8969);
#7490=AXIS2_PLACEMENT_3D('',#10969,#8970,#8971);
#7491=AXIS2_PLACEMENT_3D('',#10972,#8973,#8974);
#7492=AXIS2_PLACEMENT_3D('',#10973,#8975,#8976);
#7493=AXIS2_PLACEMENT_3D('',#10975,#8977,#8978);
#7494=AXIS2_PLACEMENT_3D('',#10978,#8980,#8981);
#7495=AXIS2_PLACEMENT_3D('',#10979,#8982,#8983);
#7496=AXIS2_PLACEMENT_3D('',#10981,#8984,#8985);
#7497=AXIS2_PLACEMENT_3D('',#10984,#8987,#8988);
#7498=AXIS2_PLACEMENT_3D('',#10985,#8989,#8990);
#7499=AXIS2_PLACEMENT_3D('',#10987,#8991,#8992);
#7500=AXIS2_PLACEMENT_3D('',#10990,#8994,#8995);
#7501=AXIS2_PLACEMENT_3D('',#10991,#8996,#8997);
#7502=AXIS2_PLACEMENT_3D('',#10993,#8998,#8999);
#7503=AXIS2_PLACEMENT_3D('',#10996,#9001,#9002);
#7504=AXIS2_PLACEMENT_3D('',#10997,#9003,#9004);
#7505=AXIS2_PLACEMENT_3D('',#10999,#9005,#9006);
#7506=AXIS2_PLACEMENT_3D('',#11002,#9008,#9009);
#7507=AXIS2_PLACEMENT_3D('',#11003,#9010,#9011);
#7508=AXIS2_PLACEMENT_3D('',#11005,#9012,#9013);
#7509=AXIS2_PLACEMENT_3D('',#11008,#9015,#9016);
#7510=AXIS2_PLACEMENT_3D('',#11009,#9017,#9018);
#7511=AXIS2_PLACEMENT_3D('',#11011,#9019,#9020);
#7512=AXIS2_PLACEMENT_3D('',#11014,#9022,#9023);
#7513=AXIS2_PLACEMENT_3D('',#11015,#9024,#9025);
#7514=AXIS2_PLACEMENT_3D('',#11017,#9026,#9027);
#7515=AXIS2_PLACEMENT_3D('',#11020,#9029,#9030);
#7516=AXIS2_PLACEMENT_3D('',#11021,#9031,#9032);
#7517=AXIS2_PLACEMENT_3D('',#11023,#9033,#9034);
#7518=AXIS2_PLACEMENT_3D('',#11026,#9036,#9037);
#7519=AXIS2_PLACEMENT_3D('',#11027,#9038,#9039);
#7520=AXIS2_PLACEMENT_3D('',#11029,#9040,#9041);
#7521=AXIS2_PLACEMENT_3D('',#11032,#9043,#9044);
#7522=AXIS2_PLACEMENT_3D('',#11033,#9045,#9046);
#7523=AXIS2_PLACEMENT_3D('',#11035,#9047,#9048);
#7524=AXIS2_PLACEMENT_3D('',#11038,#9050,#9051);
#7525=AXIS2_PLACEMENT_3D('',#11039,#9052,#9053);
#7526=AXIS2_PLACEMENT_3D('',#11041,#9054,#9055);
#7527=AXIS2_PLACEMENT_3D('',#11044,#9057,#9058);
#7528=AXIS2_PLACEMENT_3D('',#11045,#9059,#9060);
#7529=AXIS2_PLACEMENT_3D('',#11047,#9061,#9062);
#7530=AXIS2_PLACEMENT_3D('',#11050,#9064,#9065);
#7531=AXIS2_PLACEMENT_3D('',#11051,#9066,#9067);
#7532=AXIS2_PLACEMENT_3D('',#11053,#9068,#9069);
#7533=AXIS2_PLACEMENT_3D('',#11056,#9071,#9072);
#7534=AXIS2_PLACEMENT_3D('',#11057,#9073,#9074);
#7535=AXIS2_PLACEMENT_3D('',#11059,#9075,#9076);
#7536=AXIS2_PLACEMENT_3D('',#11062,#9078,#9079);
#7537=AXIS2_PLACEMENT_3D('',#11063,#9080,#9081);
#7538=AXIS2_PLACEMENT_3D('',#11065,#9082,#9083);
#7539=AXIS2_PLACEMENT_3D('',#11068,#9085,#9086);
#7540=AXIS2_PLACEMENT_3D('',#11069,#9087,#9088);
#7541=AXIS2_PLACEMENT_3D('',#11071,#9089,#9090);
#7542=AXIS2_PLACEMENT_3D('',#11074,#9092,#9093);
#7543=AXIS2_PLACEMENT_3D('',#11075,#9094,#9095);
#7544=AXIS2_PLACEMENT_3D('',#11077,#9096,#9097);
#7545=AXIS2_PLACEMENT_3D('',#11080,#9099,#9100);
#7546=AXIS2_PLACEMENT_3D('',#11081,#9101,#9102);
#7547=AXIS2_PLACEMENT_3D('',#11083,#9103,#9104);
#7548=AXIS2_PLACEMENT_3D('',#11086,#9106,#9107);
#7549=AXIS2_PLACEMENT_3D('',#11087,#9108,#9109);
#7550=AXIS2_PLACEMENT_3D('',#11089,#9110,#9111);
#7551=AXIS2_PLACEMENT_3D('',#11092,#9113,#9114);
#7552=AXIS2_PLACEMENT_3D('',#11093,#9115,#9116);
#7553=AXIS2_PLACEMENT_3D('',#11095,#9117,#9118);
#7554=AXIS2_PLACEMENT_3D('',#11098,#9120,#9121);
#7555=AXIS2_PLACEMENT_3D('',#11099,#9122,#9123);
#7556=AXIS2_PLACEMENT_3D('',#11101,#9124,#9125);
#7557=AXIS2_PLACEMENT_3D('',#11104,#9127,#9128);
#7558=AXIS2_PLACEMENT_3D('',#11105,#9129,#9130);
#7559=AXIS2_PLACEMENT_3D('',#11107,#9131,#9132);
#7560=AXIS2_PLACEMENT_3D('',#11110,#9134,#9135);
#7561=AXIS2_PLACEMENT_3D('',#11111,#9136,#9137);
#7562=AXIS2_PLACEMENT_3D('',#11113,#9138,#9139);
#7563=AXIS2_PLACEMENT_3D('',#11116,#9141,#9142);
#7564=AXIS2_PLACEMENT_3D('',#11117,#9143,#9144);
#7565=AXIS2_PLACEMENT_3D('',#11119,#9145,#9146);
#7566=AXIS2_PLACEMENT_3D('',#11122,#9148,#9149);
#7567=AXIS2_PLACEMENT_3D('',#11123,#9150,#9151);
#7568=AXIS2_PLACEMENT_3D('',#11125,#9152,#9153);
#7569=AXIS2_PLACEMENT_3D('',#11128,#9155,#9156);
#7570=AXIS2_PLACEMENT_3D('',#11129,#9157,#9158);
#7571=AXIS2_PLACEMENT_3D('',#11131,#9159,#9160);
#7572=AXIS2_PLACEMENT_3D('',#11134,#9162,#9163);
#7573=AXIS2_PLACEMENT_3D('',#11135,#9164,#9165);
#7574=AXIS2_PLACEMENT_3D('',#11137,#9166,#9167);
#7575=AXIS2_PLACEMENT_3D('',#11140,#9169,#9170);
#7576=AXIS2_PLACEMENT_3D('',#11141,#9171,#9172);
#7577=AXIS2_PLACEMENT_3D('',#11143,#9173,#9174);
#7578=AXIS2_PLACEMENT_3D('',#11146,#9176,#9177);
#7579=AXIS2_PLACEMENT_3D('',#11147,#9178,#9179);
#7580=AXIS2_PLACEMENT_3D('',#11149,#9180,#9181);
#7581=AXIS2_PLACEMENT_3D('',#11152,#9183,#9184);
#7582=AXIS2_PLACEMENT_3D('',#11153,#9185,#9186);
#7583=AXIS2_PLACEMENT_3D('',#11155,#9187,#9188);
#7584=AXIS2_PLACEMENT_3D('',#11158,#9190,#9191);
#7585=AXIS2_PLACEMENT_3D('',#11159,#9192,#9193);
#7586=AXIS2_PLACEMENT_3D('',#11161,#9194,#9195);
#7587=AXIS2_PLACEMENT_3D('',#11164,#9197,#9198);
#7588=AXIS2_PLACEMENT_3D('',#11165,#9199,#9200);
#7589=AXIS2_PLACEMENT_3D('',#11167,#9201,#9202);
#7590=AXIS2_PLACEMENT_3D('',#11170,#9204,#9205);
#7591=AXIS2_PLACEMENT_3D('',#11171,#9206,#9207);
#7592=AXIS2_PLACEMENT_3D('',#11173,#9208,#9209);
#7593=AXIS2_PLACEMENT_3D('',#11176,#9211,#9212);
#7594=AXIS2_PLACEMENT_3D('',#11177,#9213,#9214);
#7595=AXIS2_PLACEMENT_3D('',#11179,#9215,#9216);
#7596=AXIS2_PLACEMENT_3D('',#11182,#9218,#9219);
#7597=AXIS2_PLACEMENT_3D('',#11183,#9220,#9221);
#7598=AXIS2_PLACEMENT_3D('',#11185,#9222,#9223);
#7599=AXIS2_PLACEMENT_3D('',#11188,#9225,#9226);
#7600=AXIS2_PLACEMENT_3D('',#11189,#9227,#9228);
#7601=AXIS2_PLACEMENT_3D('',#11191,#9229,#9230);
#7602=AXIS2_PLACEMENT_3D('',#11194,#9232,#9233);
#7603=AXIS2_PLACEMENT_3D('',#11195,#9234,#9235);
#7604=AXIS2_PLACEMENT_3D('',#11197,#9236,#9237);
#7605=AXIS2_PLACEMENT_3D('',#11200,#9239,#9240);
#7606=AXIS2_PLACEMENT_3D('',#11201,#9241,#9242);
#7607=AXIS2_PLACEMENT_3D('',#11203,#9243,#9244);
#7608=AXIS2_PLACEMENT_3D('',#11206,#9246,#9247);
#7609=AXIS2_PLACEMENT_3D('',#11207,#9248,#9249);
#7610=AXIS2_PLACEMENT_3D('',#11209,#9250,#9251);
#7611=AXIS2_PLACEMENT_3D('',#11212,#9253,#9254);
#7612=AXIS2_PLACEMENT_3D('',#11213,#9255,#9256);
#7613=AXIS2_PLACEMENT_3D('',#11215,#9257,#9258);
#7614=AXIS2_PLACEMENT_3D('',#11218,#9260,#9261);
#7615=AXIS2_PLACEMENT_3D('',#11219,#9262,#9263);
#7616=AXIS2_PLACEMENT_3D('',#11221,#9264,#9265);
#7617=AXIS2_PLACEMENT_3D('',#11224,#9267,#9268);
#7618=AXIS2_PLACEMENT_3D('',#11225,#9269,#9270);
#7619=AXIS2_PLACEMENT_3D('',#11227,#9271,#9272);
#7620=AXIS2_PLACEMENT_3D('',#11230,#9274,#9275);
#7621=AXIS2_PLACEMENT_3D('',#11231,#9276,#9277);
#7622=AXIS2_PLACEMENT_3D('',#11233,#9278,#9279);
#7623=AXIS2_PLACEMENT_3D('',#11236,#9281,#9282);
#7624=AXIS2_PLACEMENT_3D('',#11237,#9283,#9284);
#7625=AXIS2_PLACEMENT_3D('',#11239,#9285,#9286);
#7626=AXIS2_PLACEMENT_3D('',#11242,#9288,#9289);
#7627=AXIS2_PLACEMENT_3D('',#11243,#9290,#9291);
#7628=AXIS2_PLACEMENT_3D('',#11245,#9292,#9293);
#7629=AXIS2_PLACEMENT_3D('',#11248,#9295,#9296);
#7630=AXIS2_PLACEMENT_3D('',#11249,#9297,#9298);
#7631=AXIS2_PLACEMENT_3D('',#11251,#9299,#9300);
#7632=AXIS2_PLACEMENT_3D('',#11254,#9302,#9303);
#7633=AXIS2_PLACEMENT_3D('',#11255,#9304,#9305);
#7634=AXIS2_PLACEMENT_3D('',#11257,#9306,#9307);
#7635=AXIS2_PLACEMENT_3D('',#11260,#9309,#9310);
#7636=AXIS2_PLACEMENT_3D('',#11261,#9311,#9312);
#7637=AXIS2_PLACEMENT_3D('',#11263,#9313,#9314);
#7638=AXIS2_PLACEMENT_3D('',#11266,#9316,#9317);
#7639=AXIS2_PLACEMENT_3D('',#11267,#9318,#9319);
#7640=AXIS2_PLACEMENT_3D('',#11269,#9320,#9321);
#7641=AXIS2_PLACEMENT_3D('',#11272,#9323,#9324);
#7642=AXIS2_PLACEMENT_3D('',#11273,#9325,#9326);
#7643=AXIS2_PLACEMENT_3D('',#11275,#9327,#9328);
#7644=AXIS2_PLACEMENT_3D('',#11278,#9330,#9331);
#7645=AXIS2_PLACEMENT_3D('',#11279,#9332,#9333);
#7646=AXIS2_PLACEMENT_3D('',#11281,#9334,#9335);
#7647=AXIS2_PLACEMENT_3D('',#11284,#9337,#9338);
#7648=AXIS2_PLACEMENT_3D('',#11285,#9339,#9340);
#7649=AXIS2_PLACEMENT_3D('',#11287,#9341,#9342);
#7650=AXIS2_PLACEMENT_3D('',#11290,#9344,#9345);
#7651=AXIS2_PLACEMENT_3D('',#11291,#9346,#9347);
#7652=AXIS2_PLACEMENT_3D('',#11293,#9348,#9349);
#7653=AXIS2_PLACEMENT_3D('',#11296,#9351,#9352);
#7654=AXIS2_PLACEMENT_3D('',#11297,#9353,#9354);
#7655=AXIS2_PLACEMENT_3D('',#11299,#9355,#9356);
#7656=AXIS2_PLACEMENT_3D('',#11302,#9358,#9359);
#7657=AXIS2_PLACEMENT_3D('',#11303,#9360,#9361);
#7658=AXIS2_PLACEMENT_3D('',#11305,#9362,#9363);
#7659=AXIS2_PLACEMENT_3D('',#11308,#9365,#9366);
#7660=AXIS2_PLACEMENT_3D('',#11309,#9367,#9368);
#7661=AXIS2_PLACEMENT_3D('',#11311,#9369,#9370);
#7662=AXIS2_PLACEMENT_3D('',#11314,#9372,#9373);
#7663=AXIS2_PLACEMENT_3D('',#11315,#9374,#9375);
#7664=AXIS2_PLACEMENT_3D('',#11317,#9376,#9377);
#7665=AXIS2_PLACEMENT_3D('',#11320,#9379,#9380);
#7666=AXIS2_PLACEMENT_3D('',#11321,#9381,#9382);
#7667=AXIS2_PLACEMENT_3D('',#11323,#9383,#9384);
#7668=AXIS2_PLACEMENT_3D('',#11326,#9386,#9387);
#7669=AXIS2_PLACEMENT_3D('',#11327,#9388,#9389);
#7670=AXIS2_PLACEMENT_3D('',#11329,#9390,#9391);
#7671=AXIS2_PLACEMENT_3D('',#11332,#9393,#9394);
#7672=AXIS2_PLACEMENT_3D('',#11333,#9395,#9396);
#7673=AXIS2_PLACEMENT_3D('',#11335,#9397,#9398);
#7674=AXIS2_PLACEMENT_3D('',#11338,#9400,#9401);
#7675=AXIS2_PLACEMENT_3D('',#11339,#9402,#9403);
#7676=AXIS2_PLACEMENT_3D('',#11341,#9404,#9405);
#7677=AXIS2_PLACEMENT_3D('',#11344,#9407,#9408);
#7678=AXIS2_PLACEMENT_3D('',#11345,#9409,#9410);
#7679=AXIS2_PLACEMENT_3D('',#11347,#9411,#9412);
#7680=AXIS2_PLACEMENT_3D('',#11350,#9414,#9415);
#7681=AXIS2_PLACEMENT_3D('',#11351,#9416,#9417);
#7682=AXIS2_PLACEMENT_3D('',#11353,#9418,#9419);
#7683=AXIS2_PLACEMENT_3D('',#11356,#9421,#9422);
#7684=AXIS2_PLACEMENT_3D('',#11357,#9423,#9424);
#7685=AXIS2_PLACEMENT_3D('',#11359,#9425,#9426);
#7686=AXIS2_PLACEMENT_3D('',#11362,#9428,#9429);
#7687=AXIS2_PLACEMENT_3D('',#11363,#9430,#9431);
#7688=AXIS2_PLACEMENT_3D('',#11365,#9432,#9433);
#7689=AXIS2_PLACEMENT_3D('',#11368,#9435,#9436);
#7690=AXIS2_PLACEMENT_3D('',#11369,#9437,#9438);
#7691=AXIS2_PLACEMENT_3D('',#11371,#9439,#9440);
#7692=AXIS2_PLACEMENT_3D('',#11374,#9442,#9443);
#7693=AXIS2_PLACEMENT_3D('',#11375,#9444,#9445);
#7694=AXIS2_PLACEMENT_3D('',#11377,#9446,#9447);
#7695=AXIS2_PLACEMENT_3D('',#11380,#9449,#9450);
#7696=AXIS2_PLACEMENT_3D('',#11381,#9451,#9452);
#7697=AXIS2_PLACEMENT_3D('',#11383,#9453,#9454);
#7698=AXIS2_PLACEMENT_3D('',#11386,#9456,#9457);
#7699=AXIS2_PLACEMENT_3D('',#11387,#9458,#9459);
#7700=AXIS2_PLACEMENT_3D('',#11389,#9460,#9461);
#7701=AXIS2_PLACEMENT_3D('',#11392,#9463,#9464);
#7702=AXIS2_PLACEMENT_3D('',#11393,#9465,#9466);
#7703=AXIS2_PLACEMENT_3D('',#11395,#9467,#9468);
#7704=AXIS2_PLACEMENT_3D('',#11398,#9470,#9471);
#7705=AXIS2_PLACEMENT_3D('',#11399,#9472,#9473);
#7706=AXIS2_PLACEMENT_3D('',#11401,#9474,#9475);
#7707=AXIS2_PLACEMENT_3D('',#11404,#9477,#9478);
#7708=AXIS2_PLACEMENT_3D('',#11405,#9479,#9480);
#7709=AXIS2_PLACEMENT_3D('',#11407,#9481,#9482);
#7710=AXIS2_PLACEMENT_3D('',#11410,#9484,#9485);
#7711=AXIS2_PLACEMENT_3D('',#11411,#9486,#9487);
#7712=AXIS2_PLACEMENT_3D('',#11413,#9488,#9489);
#7713=AXIS2_PLACEMENT_3D('',#11416,#9491,#9492);
#7714=AXIS2_PLACEMENT_3D('',#11417,#9493,#9494);
#7715=AXIS2_PLACEMENT_3D('',#11419,#9495,#9496);
#7716=AXIS2_PLACEMENT_3D('',#11422,#9498,#9499);
#7717=AXIS2_PLACEMENT_3D('',#11423,#9500,#9501);
#7718=AXIS2_PLACEMENT_3D('',#11425,#9502,#9503);
#7719=AXIS2_PLACEMENT_3D('',#11428,#9505,#9506);
#7720=AXIS2_PLACEMENT_3D('',#11429,#9507,#9508);
#7721=AXIS2_PLACEMENT_3D('',#11431,#9509,#9510);
#7722=AXIS2_PLACEMENT_3D('',#11434,#9512,#9513);
#7723=AXIS2_PLACEMENT_3D('',#11435,#9514,#9515);
#7724=AXIS2_PLACEMENT_3D('',#11437,#9516,#9517);
#7725=AXIS2_PLACEMENT_3D('',#11440,#9519,#9520);
#7726=AXIS2_PLACEMENT_3D('',#11441,#9521,#9522);
#7727=AXIS2_PLACEMENT_3D('',#11443,#9523,#9524);
#7728=AXIS2_PLACEMENT_3D('',#11446,#9526,#9527);
#7729=AXIS2_PLACEMENT_3D('',#11447,#9528,#9529);
#7730=AXIS2_PLACEMENT_3D('',#11449,#9530,#9531);
#7731=AXIS2_PLACEMENT_3D('',#11452,#9533,#9534);
#7732=AXIS2_PLACEMENT_3D('',#11453,#9535,#9536);
#7733=AXIS2_PLACEMENT_3D('',#11455,#9537,#9538);
#7734=AXIS2_PLACEMENT_3D('',#11458,#9540,#9541);
#7735=AXIS2_PLACEMENT_3D('',#11459,#9542,#9543);
#7736=AXIS2_PLACEMENT_3D('',#11461,#9544,#9545);
#7737=AXIS2_PLACEMENT_3D('',#11464,#9547,#9548);
#7738=AXIS2_PLACEMENT_3D('',#11465,#9549,#9550);
#7739=AXIS2_PLACEMENT_3D('',#11467,#9551,#9552);
#7740=AXIS2_PLACEMENT_3D('',#11470,#9554,#9555);
#7741=AXIS2_PLACEMENT_3D('',#11471,#9556,#9557);
#7742=AXIS2_PLACEMENT_3D('',#11473,#9558,#9559);
#7743=AXIS2_PLACEMENT_3D('',#11476,#9561,#9562);
#7744=AXIS2_PLACEMENT_3D('',#11477,#9563,#9564);
#7745=AXIS2_PLACEMENT_3D('',#11479,#9565,#9566);
#7746=AXIS2_PLACEMENT_3D('',#11482,#9568,#9569);
#7747=AXIS2_PLACEMENT_3D('',#11483,#9570,#9571);
#7748=AXIS2_PLACEMENT_3D('',#11485,#9572,#9573);
#7749=AXIS2_PLACEMENT_3D('',#11488,#9575,#9576);
#7750=AXIS2_PLACEMENT_3D('',#11489,#9577,#9578);
#7751=AXIS2_PLACEMENT_3D('',#11491,#9579,#9580);
#7752=AXIS2_PLACEMENT_3D('',#11494,#9582,#9583);
#7753=AXIS2_PLACEMENT_3D('',#11495,#9584,#9585);
#7754=AXIS2_PLACEMENT_3D('',#11497,#9586,#9587);
#7755=AXIS2_PLACEMENT_3D('',#11500,#9589,#9590);
#7756=AXIS2_PLACEMENT_3D('',#11501,#9591,#9592);
#7757=AXIS2_PLACEMENT_3D('',#11503,#9593,#9594);
#7758=AXIS2_PLACEMENT_3D('',#11506,#9596,#9597);
#7759=AXIS2_PLACEMENT_3D('',#11507,#9598,#9599);
#7760=AXIS2_PLACEMENT_3D('',#11509,#9600,#9601);
#7761=AXIS2_PLACEMENT_3D('',#11512,#9603,#9604);
#7762=AXIS2_PLACEMENT_3D('',#11513,#9605,#9606);
#7763=AXIS2_PLACEMENT_3D('',#11515,#9607,#9608);
#7764=AXIS2_PLACEMENT_3D('',#11518,#9610,#9611);
#7765=AXIS2_PLACEMENT_3D('',#11519,#9612,#9613);
#7766=AXIS2_PLACEMENT_3D('',#11521,#9614,#9615);
#7767=AXIS2_PLACEMENT_3D('',#11524,#9617,#9618);
#7768=AXIS2_PLACEMENT_3D('',#11525,#9619,#9620);
#7769=AXIS2_PLACEMENT_3D('',#11527,#9621,#9622);
#7770=AXIS2_PLACEMENT_3D('',#11530,#9624,#9625);
#7771=AXIS2_PLACEMENT_3D('',#11531,#9626,#9627);
#7772=AXIS2_PLACEMENT_3D('',#11533,#9628,#9629);
#7773=AXIS2_PLACEMENT_3D('',#11536,#9631,#9632);
#7774=AXIS2_PLACEMENT_3D('',#11537,#9633,#9634);
#7775=AXIS2_PLACEMENT_3D('',#11539,#9635,#9636);
#7776=AXIS2_PLACEMENT_3D('',#11542,#9638,#9639);
#7777=AXIS2_PLACEMENT_3D('',#11543,#9640,#9641);
#7778=AXIS2_PLACEMENT_3D('',#11545,#9642,#9643);
#7779=AXIS2_PLACEMENT_3D('',#11548,#9645,#9646);
#7780=AXIS2_PLACEMENT_3D('',#11549,#9647,#9648);
#7781=AXIS2_PLACEMENT_3D('',#11551,#9649,#9650);
#7782=AXIS2_PLACEMENT_3D('',#11554,#9652,#9653);
#7783=AXIS2_PLACEMENT_3D('',#11555,#9654,#9655);
#7784=AXIS2_PLACEMENT_3D('',#11557,#9656,#9657);
#7785=AXIS2_PLACEMENT_3D('',#11560,#9659,#9660);
#7786=AXIS2_PLACEMENT_3D('',#11561,#9661,#9662);
#7787=AXIS2_PLACEMENT_3D('',#11563,#9663,#9664);
#7788=AXIS2_PLACEMENT_3D('',#11566,#9666,#9667);
#7789=AXIS2_PLACEMENT_3D('',#11567,#9668,#9669);
#7790=AXIS2_PLACEMENT_3D('',#11569,#9670,#9671);
#7791=AXIS2_PLACEMENT_3D('',#11572,#9673,#9674);
#7792=AXIS2_PLACEMENT_3D('',#11573,#9675,#9676);
#7793=AXIS2_PLACEMENT_3D('',#11575,#9677,#9678);
#7794=AXIS2_PLACEMENT_3D('',#11578,#9680,#9681);
#7795=AXIS2_PLACEMENT_3D('',#11579,#9682,#9683);
#7796=AXIS2_PLACEMENT_3D('',#11581,#9684,#9685);
#7797=AXIS2_PLACEMENT_3D('',#11584,#9687,#9688);
#7798=AXIS2_PLACEMENT_3D('',#11585,#9689,#9690);
#7799=AXIS2_PLACEMENT_3D('',#11587,#9691,#9692);
#7800=AXIS2_PLACEMENT_3D('',#11590,#9694,#9695);
#7801=AXIS2_PLACEMENT_3D('',#11591,#9696,#9697);
#7802=AXIS2_PLACEMENT_3D('',#11593,#9698,#9699);
#7803=AXIS2_PLACEMENT_3D('',#11596,#9701,#9702);
#7804=AXIS2_PLACEMENT_3D('',#11597,#9703,#9704);
#7805=AXIS2_PLACEMENT_3D('',#11599,#9705,#9706);
#7806=AXIS2_PLACEMENT_3D('',#11602,#9708,#9709);
#7807=AXIS2_PLACEMENT_3D('',#11603,#9710,#9711);
#7808=AXIS2_PLACEMENT_3D('',#11605,#9712,#9713);
#7809=AXIS2_PLACEMENT_3D('',#11608,#9715,#9716);
#7810=AXIS2_PLACEMENT_3D('',#11609,#9717,#9718);
#7811=AXIS2_PLACEMENT_3D('',#11611,#9719,#9720);
#7812=AXIS2_PLACEMENT_3D('',#11614,#9722,#9723);
#7813=AXIS2_PLACEMENT_3D('',#11615,#9724,#9725);
#7814=AXIS2_PLACEMENT_3D('',#11617,#9726,#9727);
#7815=AXIS2_PLACEMENT_3D('',#11620,#9729,#9730);
#7816=AXIS2_PLACEMENT_3D('',#11621,#9731,#9732);
#7817=AXIS2_PLACEMENT_3D('',#11623,#9733,#9734);
#7818=AXIS2_PLACEMENT_3D('',#11626,#9736,#9737);
#7819=AXIS2_PLACEMENT_3D('',#11627,#9738,#9739);
#7820=AXIS2_PLACEMENT_3D('',#11629,#9740,#9741);
#7821=AXIS2_PLACEMENT_3D('',#11632,#9743,#9744);
#7822=AXIS2_PLACEMENT_3D('',#11633,#9745,#9746);
#7823=AXIS2_PLACEMENT_3D('',#11635,#9747,#9748);
#7824=AXIS2_PLACEMENT_3D('',#11638,#9750,#9751);
#7825=AXIS2_PLACEMENT_3D('',#11639,#9752,#9753);
#7826=AXIS2_PLACEMENT_3D('',#11641,#9754,#9755);
#7827=AXIS2_PLACEMENT_3D('',#11644,#9757,#9758);
#7828=AXIS2_PLACEMENT_3D('',#11645,#9759,#9760);
#7829=AXIS2_PLACEMENT_3D('',#11647,#9761,#9762);
#7830=AXIS2_PLACEMENT_3D('',#11650,#9764,#9765);
#7831=AXIS2_PLACEMENT_3D('',#11651,#9766,#9767);
#7832=AXIS2_PLACEMENT_3D('',#11653,#9768,#9769);
#7833=AXIS2_PLACEMENT_3D('',#11656,#9771,#9772);
#7834=AXIS2_PLACEMENT_3D('',#11657,#9773,#9774);
#7835=AXIS2_PLACEMENT_3D('',#11659,#9775,#9776);
#7836=AXIS2_PLACEMENT_3D('',#11662,#9778,#9779);
#7837=AXIS2_PLACEMENT_3D('',#11663,#9780,#9781);
#7838=AXIS2_PLACEMENT_3D('',#11665,#9782,#9783);
#7839=AXIS2_PLACEMENT_3D('',#11668,#9785,#9786);
#7840=AXIS2_PLACEMENT_3D('',#11669,#9787,#9788);
#7841=AXIS2_PLACEMENT_3D('',#11671,#9789,#9790);
#7842=AXIS2_PLACEMENT_3D('',#11674,#9792,#9793);
#7843=AXIS2_PLACEMENT_3D('',#11675,#9794,#9795);
#7844=AXIS2_PLACEMENT_3D('',#11677,#9796,#9797);
#7845=AXIS2_PLACEMENT_3D('',#11680,#9799,#9800);
#7846=AXIS2_PLACEMENT_3D('',#11681,#9801,#9802);
#7847=AXIS2_PLACEMENT_3D('',#11683,#9803,#9804);
#7848=AXIS2_PLACEMENT_3D('',#11686,#9806,#9807);
#7849=AXIS2_PLACEMENT_3D('',#11687,#9808,#9809);
#7850=AXIS2_PLACEMENT_3D('',#11689,#9810,#9811);
#7851=AXIS2_PLACEMENT_3D('',#11692,#9813,#9814);
#7852=AXIS2_PLACEMENT_3D('',#11693,#9815,#9816);
#7853=AXIS2_PLACEMENT_3D('',#11695,#9817,#9818);
#7854=AXIS2_PLACEMENT_3D('',#11698,#9820,#9821);
#7855=AXIS2_PLACEMENT_3D('',#11699,#9822,#9823);
#7856=AXIS2_PLACEMENT_3D('',#11701,#9824,#9825);
#7857=AXIS2_PLACEMENT_3D('',#11704,#9827,#9828);
#7858=AXIS2_PLACEMENT_3D('',#11705,#9829,#9830);
#7859=AXIS2_PLACEMENT_3D('',#11707,#9831,#9832);
#7860=AXIS2_PLACEMENT_3D('',#11710,#9834,#9835);
#7861=AXIS2_PLACEMENT_3D('',#11711,#9836,#9837);
#7862=AXIS2_PLACEMENT_3D('',#11713,#9838,#9839);
#7863=AXIS2_PLACEMENT_3D('',#11716,#9841,#9842);
#7864=AXIS2_PLACEMENT_3D('',#11717,#9843,#9844);
#7865=AXIS2_PLACEMENT_3D('',#11719,#9845,#9846);
#7866=AXIS2_PLACEMENT_3D('',#11722,#9848,#9849);
#7867=AXIS2_PLACEMENT_3D('',#11723,#9850,#9851);
#7868=AXIS2_PLACEMENT_3D('',#11725,#9852,#9853);
#7869=AXIS2_PLACEMENT_3D('',#11728,#9855,#9856);
#7870=AXIS2_PLACEMENT_3D('',#11729,#9857,#9858);
#7871=AXIS2_PLACEMENT_3D('',#11731,#9859,#9860);
#7872=AXIS2_PLACEMENT_3D('',#11734,#9862,#9863);
#7873=AXIS2_PLACEMENT_3D('',#11735,#9864,#9865);
#7874=AXIS2_PLACEMENT_3D('',#11737,#9866,#9867);
#7875=AXIS2_PLACEMENT_3D('',#11740,#9869,#9870);
#7876=AXIS2_PLACEMENT_3D('',#11741,#9871,#9872);
#7877=AXIS2_PLACEMENT_3D('',#11743,#9873,#9874);
#7878=AXIS2_PLACEMENT_3D('',#11746,#9876,#9877);
#7879=AXIS2_PLACEMENT_3D('',#11747,#9878,#9879);
#7880=AXIS2_PLACEMENT_3D('',#11756,#9884,#9885);
#7881=AXIS2_PLACEMENT_3D('',#11762,#9889,#9890);
#7882=AXIS2_PLACEMENT_3D('',#11770,#9895,#9896);
#7883=AXIS2_PLACEMENT_3D('',#11778,#9901,#9902);
#7884=AXIS2_PLACEMENT_3D('',#11792,#9910,#9911);
#7885=AXIS2_PLACEMENT_3D('',#11794,#9912,#9913);
#7886=AXIS2_PLACEMENT_3D('',#11797,#9915,#9916);
#7887=AXIS2_PLACEMENT_3D('',#11798,#9917,#9918);
#7888=AXIS2_PLACEMENT_3D('',#11807,#9924,#9925);
#7889=AXIS2_PLACEMENT_3D('',#11811,#9927,#9928);
#7890=AXIS2_PLACEMENT_3D('',#11815,#9930,#9931);
#7891=AXIS2_PLACEMENT_3D('',#11818,#9933,#9934);
#7892=AXIS2_PLACEMENT_3D('',#11820,#9935,#9936);
#7893=AXIS2_PLACEMENT_3D('',#11822,#9937,#9938);
#7894=AXIS2_PLACEMENT_3D('',#11824,#9939,#9940);
#7895=AXIS2_PLACEMENT_3D('',#11825,#9941,#9942);
#7896=AXIS2_PLACEMENT_3D('',#11827,#9943,#9944);
#7897=AXIS2_PLACEMENT_3D('',#11829,#9946,#9947);
#7898=AXIS2_PLACEMENT_3D('',#11833,#9949,#9950);
#7899=AXIS2_PLACEMENT_3D('',#11835,#9952,#9953);
#7900=AXIS2_PLACEMENT_3D('',#11839,#9956,#9957);
#7901=AXIS2_PLACEMENT_3D('',#11841,#9958,#9959);
#7902=AXIS2_PLACEMENT_3D('',#11843,#9961,#9962);
#7903=AXIS2_PLACEMENT_3D('',#11844,#9963,#9964);
#7904=AXIS2_PLACEMENT_3D('',#11845,#9965,#9966);
#7905=AXIS2_PLACEMENT_3D('',#11851,#9970,#9971);
#7906=AXIS2_PLACEMENT_3D('',#11853,#9973,#9974);
#7907=AXIS2_PLACEMENT_3D('',#11855,#9976,#9977);
#7908=AXIS2_PLACEMENT_3D('',#11857,#9978,#9979);
#7909=AXIS2_PLACEMENT_3D('',#11860,#9981,#9982);
#7910=AXIS2_PLACEMENT_3D('',#11861,#9983,#9984);
#7911=AXIS2_PLACEMENT_3D('',#11863,#9985,#9986);
#7912=AXIS2_PLACEMENT_3D('',#11866,#9988,#9989);
#7913=AXIS2_PLACEMENT_3D('',#11867,#9990,#9991);
#7914=AXIS2_PLACEMENT_3D('',#11868,#9992,#9993);
#7915=AXIS2_PLACEMENT_3D('',#11870,#9995,#9996);
#7916=AXIS2_PLACEMENT_3D('',#11872,#9998,#9999);
#7917=AXIS2_PLACEMENT_3D('',#11873,#10000,#10001);
#7918=AXIS2_PLACEMENT_3D('',#11876,#10003,#10004);
#7919=AXIS2_PLACEMENT_3D('',#11877,#10005,#10006);
#7920=AXIS2_PLACEMENT_3D('',#11878,#10007,#10008);
#7921=AXIS2_PLACEMENT_3D('',#11881,#10010,#10011);
#7922=AXIS2_PLACEMENT_3D('',#11882,#10012,#10013);
#7923=AXIS2_PLACEMENT_3D('',#11883,#10014,#10015);
#7924=AXIS2_PLACEMENT_3D('',#11886,#10017,#10018);
#7925=AXIS2_PLACEMENT_3D('',#11887,#10019,#10020);
#7926=AXIS2_PLACEMENT_3D('',#11888,#10021,#10022);
#7927=AXIS2_PLACEMENT_3D('',#11891,#10024,#10025);
#7928=AXIS2_PLACEMENT_3D('',#11892,#10026,#10027);
#7929=DIRECTION('axis',(0.,0.,1.));
#7930=DIRECTION('refdir',(1.,0.,0.));
#7931=DIRECTION('center_axis',(0.,-1.,0.));
#7932=DIRECTION('ref_axis',(-1.,0.,0.));
#7933=DIRECTION('',(1.,0.,0.));
#7934=DIRECTION('',(0.,0.,-1.));
#7935=DIRECTION('',(-1.,0.,0.));
#7936=DIRECTION('',(0.,0.,-1.));
#7937=DIRECTION('center_axis',(1.,0.,0.));
#7938=DIRECTION('ref_axis',(0.,-1.,0.));
#7939=DIRECTION('',(0.,1.,0.));
#7940=DIRECTION('',(0.,-1.,0.));
#7941=DIRECTION('',(0.,0.,-1.));
#7942=DIRECTION('center_axis',(0.,1.,0.));
#7943=DIRECTION('ref_axis',(1.,0.,0.));
#7944=DIRECTION('',(-1.,0.,0.));
#7945=DIRECTION('',(1.,0.,0.));
#7946=DIRECTION('',(0.,0.,-1.));
#7947=DIRECTION('center_axis',(-1.,0.,0.));
#7948=DIRECTION('ref_axis',(0.,1.,0.));
#7949=DIRECTION('',(0.,-1.,0.));
#7950=DIRECTION('',(0.,1.,0.));
#7951=DIRECTION('center_axis',(0.,0.,-1.));
#7952=DIRECTION('ref_axis',(-1.,0.,0.));
#7953=DIRECTION('center_axis',(-1.,0.,0.));
#7954=DIRECTION('ref_axis',(0.,1.,0.));
#7955=DIRECTION('',(0.,-1.,0.));
#7956=DIRECTION('',(0.,0.,-1.));
#7957=DIRECTION('',(0.,1.,0.));
#7958=DIRECTION('',(0.,0.,-1.));
#7959=DIRECTION('center_axis',(0.,-1.,0.));
#7960=DIRECTION('ref_axis',(-1.,0.,0.));
#7961=DIRECTION('',(1.,0.,0.));
#7962=DIRECTION('',(-1.,0.,0.));
#7963=DIRECTION('',(0.,0.,-1.));
#7964=DIRECTION('center_axis',(1.,0.,0.));
#7965=DIRECTION('ref_axis',(0.,-1.,0.));
#7966=DIRECTION('',(0.,1.,0.));
#7967=DIRECTION('',(0.,-1.,0.));
#7968=DIRECTION('',(0.,0.,-1.));
#7969=DIRECTION('center_axis',(0.,1.,0.));
#7970=DIRECTION('ref_axis',(1.,0.,0.));
#7971=DIRECTION('',(-1.,0.,0.));
#7972=DIRECTION('',(1.,0.,0.));
#7973=DIRECTION('center_axis',(0.,0.,-1.));
#7974=DIRECTION('ref_axis',(-1.,0.,0.));
#7975=DIRECTION('center_axis',(0.,1.,0.));
#7976=DIRECTION('ref_axis',(1.,0.,0.));
#7977=DIRECTION('',(-1.,0.,0.));
#7978=DIRECTION('',(0.,0.,-1.));
#7979=DIRECTION('',(1.,0.,0.));
#7980=DIRECTION('',(0.,0.,-1.));
#7981=DIRECTION('center_axis',(-1.,0.,0.));
#7982=DIRECTION('ref_axis',(0.,1.,0.));
#7983=DIRECTION('',(0.,-1.,0.));
#7984=DIRECTION('',(0.,1.,0.));
#7985=DIRECTION('',(0.,0.,-1.));
#7986=DIRECTION('center_axis',(0.,-1.,0.));
#7987=DIRECTION('ref_axis',(-1.,0.,0.));
#7988=DIRECTION('',(1.,0.,0.));
#7989=DIRECTION('',(-1.,0.,0.));
#7990=DIRECTION('',(0.,0.,-1.));
#7991=DIRECTION('center_axis',(1.,0.,0.));
#7992=DIRECTION('ref_axis',(0.,-1.,0.));
#7993=DIRECTION('',(0.,1.,0.));
#7994=DIRECTION('',(0.,-1.,0.));
#7995=DIRECTION('center_axis',(0.,0.,-1.));
#7996=DIRECTION('ref_axis',(-1.,0.,0.));
#7997=DIRECTION('center_axis',(1.,0.,0.));
#7998=DIRECTION('ref_axis',(0.,-1.,0.));
#7999=DIRECTION('',(0.,1.,0.));
#8000=DIRECTION('',(0.,0.,-1.));
#8001=DIRECTION('',(0.,-1.,0.));
#8002=DIRECTION('',(0.,0.,-1.));
#8003=DIRECTION('center_axis',(0.,1.,0.));
#8004=DIRECTION('ref_axis',(1.,0.,0.));
#8005=DIRECTION('',(-1.,0.,0.));
#8006=DIRECTION('',(1.,0.,0.));
#8007=DIRECTION('',(0.,0.,-1.));
#8008=DIRECTION('center_axis',(-1.,0.,0.));
#8009=DIRECTION('ref_axis',(0.,1.,0.));
#8010=DIRECTION('',(0.,-1.,0.));
#8011=DIRECTION('',(0.,1.,0.));
#8012=DIRECTION('',(0.,0.,-1.));
#8013=DIRECTION('center_axis',(0.,-1.,0.));
#8014=DIRECTION('ref_axis',(-1.,0.,0.));
#8015=DIRECTION('',(1.,0.,0.));
#8016=DIRECTION('',(-1.,0.,0.));
#8017=DIRECTION('center_axis',(0.,0.,-1.));
#8018=DIRECTION('ref_axis',(-1.,0.,0.));
#8019=DIRECTION('center_axis',(0.,1.,0.));
#8020=DIRECTION('ref_axis',(1.,0.,0.));
#8021=DIRECTION('',(-1.,0.,0.));
#8022=DIRECTION('',(0.,0.,-1.));
#8023=DIRECTION('',(1.,0.,0.));
#8024=DIRECTION('',(0.,0.,-1.));
#8025=DIRECTION('center_axis',(-1.,0.,0.));
#8026=DIRECTION('ref_axis',(0.,1.,0.));
#8027=DIRECTION('',(0.,-1.,0.));
#8028=DIRECTION('',(0.,1.,0.));
#8029=DIRECTION('',(0.,0.,-1.));
#8030=DIRECTION('center_axis',(0.,-1.,0.));
#8031=DIRECTION('ref_axis',(-1.,0.,0.));
#8032=DIRECTION('',(1.,0.,0.));
#8033=DIRECTION('',(-1.,0.,0.));
#8034=DIRECTION('',(0.,0.,-1.));
#8035=DIRECTION('center_axis',(1.,0.,0.));
#8036=DIRECTION('ref_axis',(0.,-1.,0.));
#8037=DIRECTION('',(0.,1.,0.));
#8038=DIRECTION('',(0.,-1.,0.));
#8039=DIRECTION('center_axis',(0.,0.,-1.));
#8040=DIRECTION('ref_axis',(-1.,0.,0.));
#8041=DIRECTION('center_axis',(0.,-1.,0.));
#8042=DIRECTION('ref_axis',(-1.,0.,0.));
#8043=DIRECTION('',(1.,0.,0.));
#8044=DIRECTION('',(0.,0.,-1.));
#8045=DIRECTION('',(-1.,0.,0.));
#8046=DIRECTION('',(0.,0.,-1.));
#8047=DIRECTION('center_axis',(1.,0.,0.));
#8048=DIRECTION('ref_axis',(0.,-1.,0.));
#8049=DIRECTION('',(0.,1.,0.));
#8050=DIRECTION('',(0.,-1.,0.));
#8051=DIRECTION('',(0.,0.,-1.));
#8052=DIRECTION('center_axis',(0.,1.,0.));
#8053=DIRECTION('ref_axis',(1.,0.,0.));
#8054=DIRECTION('',(-1.,0.,0.));
#8055=DIRECTION('',(1.,0.,0.));
#8056=DIRECTION('',(0.,0.,-1.));
#8057=DIRECTION('center_axis',(-1.,0.,0.));
#8058=DIRECTION('ref_axis',(0.,1.,0.));
#8059=DIRECTION('',(0.,-1.,0.));
#8060=DIRECTION('',(0.,1.,0.));
#8061=DIRECTION('center_axis',(0.,0.,-1.));
#8062=DIRECTION('ref_axis',(-1.,0.,0.));
#8063=DIRECTION('center_axis',(-1.,0.,0.));
#8064=DIRECTION('ref_axis',(0.,1.,0.));
#8065=DIRECTION('',(0.,-1.,0.));
#8066=DIRECTION('',(0.,0.,-1.));
#8067=DIRECTION('',(0.,1.,0.));
#8068=DIRECTION('',(0.,0.,-1.));
#8069=DIRECTION('center_axis',(0.,-1.,0.));
#8070=DIRECTION('ref_axis',(-1.,0.,0.));
#8071=DIRECTION('',(1.,0.,0.));
#8072=DIRECTION('',(-1.,0.,0.));
#8073=DIRECTION('',(0.,0.,-1.));
#8074=DIRECTION('center_axis',(1.,0.,0.));
#8075=DIRECTION('ref_axis',(0.,-1.,0.));
#8076=DIRECTION('',(0.,1.,0.));
#8077=DIRECTION('',(0.,-1.,0.));
#8078=DIRECTION('',(0.,0.,-1.));
#8079=DIRECTION('center_axis',(0.,1.,0.));
#8080=DIRECTION('ref_axis',(1.,0.,0.));
#8081=DIRECTION('',(-1.,0.,0.));
#8082=DIRECTION('',(1.,0.,0.));
#8083=DIRECTION('center_axis',(0.,0.,-1.));
#8084=DIRECTION('ref_axis',(-1.,0.,0.));
#8085=DIRECTION('center_axis',(-1.,0.,0.));
#8086=DIRECTION('ref_axis',(0.,1.,0.));
#8087=DIRECTION('',(0.,-1.,0.));
#8088=DIRECTION('',(0.,0.,-1.));
#8089=DIRECTION('',(0.,1.,0.));
#8090=DIRECTION('',(0.,0.,-1.));
#8091=DIRECTION('center_axis',(0.,-1.,0.));
#8092=DIRECTION('ref_axis',(-1.,0.,0.));
#8093=DIRECTION('',(1.,0.,0.));
#8094=DIRECTION('',(-1.,0.,0.));
#8095=DIRECTION('',(0.,0.,-1.));
#8096=DIRECTION('center_axis',(1.,0.,0.));
#8097=DIRECTION('ref_axis',(0.,-1.,0.));
#8098=DIRECTION('',(0.,1.,0.));
#8099=DIRECTION('',(0.,-1.,0.));
#8100=DIRECTION('',(0.,0.,-1.));
#8101=DIRECTION('center_axis',(0.,1.,0.));
#8102=DIRECTION('ref_axis',(1.,0.,0.));
#8103=DIRECTION('',(-1.,0.,0.));
#8104=DIRECTION('',(1.,0.,0.));
#8105=DIRECTION('center_axis',(0.,0.,-1.));
#8106=DIRECTION('ref_axis',(-1.,0.,0.));
#8107=DIRECTION('center_axis',(0.,0.,1.));
#8108=DIRECTION('ref_axis',(1.,0.,0.));
#8109=DIRECTION('center_axis',(0.,0.,1.));
#8110=DIRECTION('ref_axis',(1.,0.,0.));
#8111=DIRECTION('',(0.,0.,-1.));
#8112=DIRECTION('center_axis',(0.,0.,1.));
#8113=DIRECTION('ref_axis',(1.,0.,0.));
#8114=DIRECTION('center_axis',(0.,0.,1.));
#8115=DIRECTION('ref_axis',(1.,0.,0.));
#8116=DIRECTION('center_axis',(0.,0.,1.));
#8117=DIRECTION('ref_axis',(1.,0.,0.));
#8118=DIRECTION('',(0.,0.,-1.));
#8119=DIRECTION('center_axis',(0.,0.,1.));
#8120=DIRECTION('ref_axis',(1.,0.,0.));
#8121=DIRECTION('center_axis',(0.,0.,1.));
#8122=DIRECTION('ref_axis',(1.,0.,0.));
#8123=DIRECTION('center_axis',(0.,0.,1.));
#8124=DIRECTION('ref_axis',(1.,0.,0.));
#8125=DIRECTION('',(0.,0.,1.));
#8126=DIRECTION('center_axis',(0.,0.,-1.));
#8127=DIRECTION('ref_axis',(1.,0.,0.));
#8128=DIRECTION('center_axis',(0.,0.,1.));
#8129=DIRECTION('ref_axis',(1.,0.,0.));
#8130=DIRECTION('center_axis',(0.,0.,1.));
#8131=DIRECTION('ref_axis',(1.,0.,0.));
#8132=DIRECTION('',(0.,0.,1.));
#8133=DIRECTION('center_axis',(0.,0.,-1.));
#8134=DIRECTION('ref_axis',(1.,0.,0.));
#8135=DIRECTION('center_axis',(0.,0.,1.));
#8136=DIRECTION('ref_axis',(1.,0.,0.));
#8137=DIRECTION('center_axis',(0.,0.,1.));
#8138=DIRECTION('ref_axis',(1.,0.,0.));
#8139=DIRECTION('',(0.,0.,1.));
#8140=DIRECTION('center_axis',(0.,0.,-1.));
#8141=DIRECTION('ref_axis',(1.,0.,0.));
#8142=DIRECTION('center_axis',(0.,0.,1.));
#8143=DIRECTION('ref_axis',(1.,0.,0.));
#8144=DIRECTION('center_axis',(0.,0.,1.));
#8145=DIRECTION('ref_axis',(1.,0.,0.));
#8146=DIRECTION('',(0.,0.,1.));
#8147=DIRECTION('center_axis',(0.,0.,-1.));
#8148=DIRECTION('ref_axis',(1.,0.,0.));
#8149=DIRECTION('center_axis',(0.,0.,1.));
#8150=DIRECTION('ref_axis',(1.,0.,0.));
#8151=DIRECTION('center_axis',(0.,0.,1.));
#8152=DIRECTION('ref_axis',(1.,0.,0.));
#8153=DIRECTION('',(0.,0.,1.));
#8154=DIRECTION('center_axis',(0.,0.,-1.));
#8155=DIRECTION('ref_axis',(1.,0.,0.));
#8156=DIRECTION('center_axis',(0.,0.,1.));
#8157=DIRECTION('ref_axis',(1.,0.,0.));
#8158=DIRECTION('center_axis',(0.,0.,1.));
#8159=DIRECTION('ref_axis',(1.,0.,0.));
#8160=DIRECTION('',(0.,0.,1.));
#8161=DIRECTION('center_axis',(0.,0.,-1.));
#8162=DIRECTION('ref_axis',(1.,0.,0.));
#8163=DIRECTION('center_axis',(0.,0.,1.));
#8164=DIRECTION('ref_axis',(1.,0.,0.));
#8165=DIRECTION('center_axis',(0.,0.,1.));
#8166=DIRECTION('ref_axis',(1.,0.,0.));
#8167=DIRECTION('',(0.,0.,1.));
#8168=DIRECTION('center_axis',(0.,0.,-1.));
#8169=DIRECTION('ref_axis',(1.,0.,0.));
#8170=DIRECTION('center_axis',(0.,0.,1.));
#8171=DIRECTION('ref_axis',(1.,0.,0.));
#8172=DIRECTION('center_axis',(0.,0.,1.));
#8173=DIRECTION('ref_axis',(1.,0.,0.));
#8174=DIRECTION('',(0.,0.,1.));
#8175=DIRECTION('center_axis',(0.,0.,-1.));
#8176=DIRECTION('ref_axis',(1.,0.,0.));
#8177=DIRECTION('center_axis',(0.,0.,1.));
#8178=DIRECTION('ref_axis',(1.,0.,0.));
#8179=DIRECTION('center_axis',(0.,0.,1.));
#8180=DIRECTION('ref_axis',(1.,0.,0.));
#8181=DIRECTION('',(0.,0.,1.));
#8182=DIRECTION('center_axis',(0.,0.,-1.));
#8183=DIRECTION('ref_axis',(1.,0.,0.));
#8184=DIRECTION('center_axis',(0.,0.,1.));
#8185=DIRECTION('ref_axis',(1.,0.,0.));
#8186=DIRECTION('center_axis',(0.,0.,1.));
#8187=DIRECTION('ref_axis',(1.,0.,0.));
#8188=DIRECTION('',(0.,0.,1.));
#8189=DIRECTION('center_axis',(0.,0.,-1.));
#8190=DIRECTION('ref_axis',(1.,0.,0.));
#8191=DIRECTION('center_axis',(0.,0.,1.));
#8192=DIRECTION('ref_axis',(1.,0.,0.));
#8193=DIRECTION('center_axis',(0.,0.,1.));
#8194=DIRECTION('ref_axis',(1.,0.,0.));
#8195=DIRECTION('',(0.,0.,1.));
#8196=DIRECTION('center_axis',(0.,0.,-1.));
#8197=DIRECTION('ref_axis',(1.,0.,0.));
#8198=DIRECTION('center_axis',(0.,0.,1.));
#8199=DIRECTION('ref_axis',(1.,0.,0.));
#8200=DIRECTION('center_axis',(0.,0.,1.));
#8201=DIRECTION('ref_axis',(1.,0.,0.));
#8202=DIRECTION('',(0.,0.,1.));
#8203=DIRECTION('center_axis',(0.,0.,-1.));
#8204=DIRECTION('ref_axis',(1.,0.,0.));
#8205=DIRECTION('center_axis',(0.,0.,1.));
#8206=DIRECTION('ref_axis',(1.,0.,0.));
#8207=DIRECTION('center_axis',(0.,0.,1.));
#8208=DIRECTION('ref_axis',(1.,0.,0.));
#8209=DIRECTION('',(0.,0.,1.));
#8210=DIRECTION('center_axis',(0.,0.,-1.));
#8211=DIRECTION('ref_axis',(1.,0.,0.));
#8212=DIRECTION('center_axis',(0.,0.,1.));
#8213=DIRECTION('ref_axis',(1.,0.,0.));
#8214=DIRECTION('center_axis',(0.,0.,1.));
#8215=DIRECTION('ref_axis',(1.,0.,0.));
#8216=DIRECTION('',(0.,0.,1.));
#8217=DIRECTION('center_axis',(0.,0.,-1.));
#8218=DIRECTION('ref_axis',(1.,0.,0.));
#8219=DIRECTION('center_axis',(0.,0.,1.));
#8220=DIRECTION('ref_axis',(1.,0.,0.));
#8221=DIRECTION('center_axis',(0.,0.,1.));
#8222=DIRECTION('ref_axis',(1.,0.,0.));
#8223=DIRECTION('',(0.,0.,1.));
#8224=DIRECTION('center_axis',(0.,0.,-1.));
#8225=DIRECTION('ref_axis',(1.,0.,0.));
#8226=DIRECTION('center_axis',(0.,0.,1.));
#8227=DIRECTION('ref_axis',(1.,0.,0.));
#8228=DIRECTION('center_axis',(0.,0.,1.));
#8229=DIRECTION('ref_axis',(1.,0.,0.));
#8230=DIRECTION('',(0.,0.,1.));
#8231=DIRECTION('center_axis',(0.,0.,-1.));
#8232=DIRECTION('ref_axis',(1.,0.,0.));
#8233=DIRECTION('center_axis',(0.,0.,1.));
#8234=DIRECTION('ref_axis',(1.,0.,0.));
#8235=DIRECTION('center_axis',(0.,0.,1.));
#8236=DIRECTION('ref_axis',(1.,0.,0.));
#8237=DIRECTION('',(0.,0.,1.));
#8238=DIRECTION('center_axis',(0.,0.,-1.));
#8239=DIRECTION('ref_axis',(1.,0.,0.));
#8240=DIRECTION('center_axis',(0.,0.,1.));
#8241=DIRECTION('ref_axis',(1.,0.,0.));
#8242=DIRECTION('center_axis',(0.,0.,1.));
#8243=DIRECTION('ref_axis',(1.,0.,0.));
#8244=DIRECTION('',(0.,0.,1.));
#8245=DIRECTION('center_axis',(0.,0.,-1.));
#8246=DIRECTION('ref_axis',(1.,0.,0.));
#8247=DIRECTION('center_axis',(0.,0.,1.));
#8248=DIRECTION('ref_axis',(1.,0.,0.));
#8249=DIRECTION('center_axis',(0.,0.,1.));
#8250=DIRECTION('ref_axis',(1.,0.,0.));
#8251=DIRECTION('',(0.,0.,1.));
#8252=DIRECTION('center_axis',(0.,0.,-1.));
#8253=DIRECTION('ref_axis',(1.,0.,0.));
#8254=DIRECTION('center_axis',(0.,0.,1.));
#8255=DIRECTION('ref_axis',(1.,0.,0.));
#8256=DIRECTION('center_axis',(0.,0.,1.));
#8257=DIRECTION('ref_axis',(1.,0.,0.));
#8258=DIRECTION('',(0.,0.,1.));
#8259=DIRECTION('center_axis',(0.,0.,-1.));
#8260=DIRECTION('ref_axis',(1.,0.,0.));
#8261=DIRECTION('center_axis',(0.,0.,1.));
#8262=DIRECTION('ref_axis',(1.,0.,0.));
#8263=DIRECTION('center_axis',(0.,0.,1.));
#8264=DIRECTION('ref_axis',(1.,0.,0.));
#8265=DIRECTION('',(0.,0.,1.));
#8266=DIRECTION('center_axis',(0.,0.,-1.));
#8267=DIRECTION('ref_axis',(1.,0.,0.));
#8268=DIRECTION('center_axis',(0.,0.,1.));
#8269=DIRECTION('ref_axis',(1.,0.,0.));
#8270=DIRECTION('center_axis',(0.,0.,1.));
#8271=DIRECTION('ref_axis',(1.,0.,0.));
#8272=DIRECTION('',(0.,0.,1.));
#8273=DIRECTION('center_axis',(0.,0.,-1.));
#8274=DIRECTION('ref_axis',(1.,0.,0.));
#8275=DIRECTION('center_axis',(0.,0.,1.));
#8276=DIRECTION('ref_axis',(1.,0.,0.));
#8277=DIRECTION('center_axis',(0.,0.,1.));
#8278=DIRECTION('ref_axis',(1.,0.,0.));
#8279=DIRECTION('',(0.,0.,1.));
#8280=DIRECTION('center_axis',(0.,0.,-1.));
#8281=DIRECTION('ref_axis',(1.,0.,0.));
#8282=DIRECTION('center_axis',(0.,0.,1.));
#8283=DIRECTION('ref_axis',(1.,0.,0.));
#8284=DIRECTION('center_axis',(0.,0.,1.));
#8285=DIRECTION('ref_axis',(1.,0.,0.));
#8286=DIRECTION('',(0.,0.,1.));
#8287=DIRECTION('center_axis',(0.,0.,-1.));
#8288=DIRECTION('ref_axis',(1.,0.,0.));
#8289=DIRECTION('center_axis',(0.,0.,1.));
#8290=DIRECTION('ref_axis',(1.,0.,0.));
#8291=DIRECTION('center_axis',(0.,0.,1.));
#8292=DIRECTION('ref_axis',(1.,0.,0.));
#8293=DIRECTION('',(0.,0.,1.));
#8294=DIRECTION('center_axis',(0.,0.,-1.));
#8295=DIRECTION('ref_axis',(1.,0.,0.));
#8296=DIRECTION('center_axis',(0.,0.,1.));
#8297=DIRECTION('ref_axis',(1.,0.,0.));
#8298=DIRECTION('center_axis',(0.,0.,1.));
#8299=DIRECTION('ref_axis',(1.,0.,0.));
#8300=DIRECTION('',(0.,0.,1.));
#8301=DIRECTION('center_axis',(0.,0.,-1.));
#8302=DIRECTION('ref_axis',(1.,0.,0.));
#8303=DIRECTION('center_axis',(0.,0.,1.));
#8304=DIRECTION('ref_axis',(1.,0.,0.));
#8305=DIRECTION('center_axis',(0.,0.,1.));
#8306=DIRECTION('ref_axis',(1.,0.,0.));
#8307=DIRECTION('',(0.,0.,1.));
#8308=DIRECTION('center_axis',(0.,0.,-1.));
#8309=DIRECTION('ref_axis',(1.,0.,0.));
#8310=DIRECTION('center_axis',(0.,0.,1.));
#8311=DIRECTION('ref_axis',(1.,0.,0.));
#8312=DIRECTION('center_axis',(0.,0.,1.));
#8313=DIRECTION('ref_axis',(1.,0.,0.));
#8314=DIRECTION('',(0.,0.,1.));
#8315=DIRECTION('center_axis',(0.,0.,-1.));
#8316=DIRECTION('ref_axis',(1.,0.,0.));
#8317=DIRECTION('center_axis',(0.,0.,1.));
#8318=DIRECTION('ref_axis',(1.,0.,0.));
#8319=DIRECTION('center_axis',(0.,0.,1.));
#8320=DIRECTION('ref_axis',(1.,0.,0.));
#8321=DIRECTION('',(0.,0.,1.));
#8322=DIRECTION('center_axis',(0.,0.,-1.));
#8323=DIRECTION('ref_axis',(1.,0.,0.));
#8324=DIRECTION('center_axis',(0.,0.,1.));
#8325=DIRECTION('ref_axis',(1.,0.,0.));
#8326=DIRECTION('center_axis',(0.,0.,1.));
#8327=DIRECTION('ref_axis',(1.,0.,0.));
#8328=DIRECTION('',(0.,0.,1.));
#8329=DIRECTION('center_axis',(0.,0.,-1.));
#8330=DIRECTION('ref_axis',(1.,0.,0.));
#8331=DIRECTION('center_axis',(0.,0.,1.));
#8332=DIRECTION('ref_axis',(1.,0.,0.));
#8333=DIRECTION('center_axis',(0.,0.,1.));
#8334=DIRECTION('ref_axis',(1.,0.,0.));
#8335=DIRECTION('',(0.,0.,1.));
#8336=DIRECTION('center_axis',(0.,0.,-1.));
#8337=DIRECTION('ref_axis',(1.,0.,0.));
#8338=DIRECTION('center_axis',(0.,0.,1.));
#8339=DIRECTION('ref_axis',(1.,0.,0.));
#8340=DIRECTION('center_axis',(0.,0.,1.));
#8341=DIRECTION('ref_axis',(1.,0.,0.));
#8342=DIRECTION('',(0.,0.,1.));
#8343=DIRECTION('center_axis',(0.,0.,-1.));
#8344=DIRECTION('ref_axis',(1.,0.,0.));
#8345=DIRECTION('center_axis',(0.,0.,1.));
#8346=DIRECTION('ref_axis',(1.,0.,0.));
#8347=DIRECTION('center_axis',(0.,0.,1.));
#8348=DIRECTION('ref_axis',(1.,0.,0.));
#8349=DIRECTION('',(0.,0.,1.));
#8350=DIRECTION('center_axis',(0.,0.,-1.));
#8351=DIRECTION('ref_axis',(1.,0.,0.));
#8352=DIRECTION('center_axis',(0.,0.,1.));
#8353=DIRECTION('ref_axis',(1.,0.,0.));
#8354=DIRECTION('center_axis',(0.,0.,1.));
#8355=DIRECTION('ref_axis',(1.,0.,0.));
#8356=DIRECTION('',(0.,0.,1.));
#8357=DIRECTION('center_axis',(0.,0.,-1.));
#8358=DIRECTION('ref_axis',(1.,0.,0.));
#8359=DIRECTION('center_axis',(0.,0.,1.));
#8360=DIRECTION('ref_axis',(1.,0.,0.));
#8361=DIRECTION('center_axis',(0.,0.,1.));
#8362=DIRECTION('ref_axis',(1.,0.,0.));
#8363=DIRECTION('',(0.,0.,1.));
#8364=DIRECTION('center_axis',(0.,0.,-1.));
#8365=DIRECTION('ref_axis',(1.,0.,0.));
#8366=DIRECTION('center_axis',(0.,0.,1.));
#8367=DIRECTION('ref_axis',(1.,0.,0.));
#8368=DIRECTION('center_axis',(0.,0.,1.));
#8369=DIRECTION('ref_axis',(1.,0.,0.));
#8370=DIRECTION('',(0.,0.,1.));
#8371=DIRECTION('center_axis',(0.,0.,-1.));
#8372=DIRECTION('ref_axis',(1.,0.,0.));
#8373=DIRECTION('center_axis',(0.,0.,1.));
#8374=DIRECTION('ref_axis',(1.,0.,0.));
#8375=DIRECTION('center_axis',(0.,0.,1.));
#8376=DIRECTION('ref_axis',(1.,0.,0.));
#8377=DIRECTION('',(0.,0.,1.));
#8378=DIRECTION('center_axis',(0.,0.,-1.));
#8379=DIRECTION('ref_axis',(1.,0.,0.));
#8380=DIRECTION('center_axis',(0.,0.,1.));
#8381=DIRECTION('ref_axis',(1.,0.,0.));
#8382=DIRECTION('center_axis',(0.,0.,1.));
#8383=DIRECTION('ref_axis',(1.,0.,0.));
#8384=DIRECTION('',(0.,0.,1.));
#8385=DIRECTION('center_axis',(0.,0.,-1.));
#8386=DIRECTION('ref_axis',(1.,0.,0.));
#8387=DIRECTION('center_axis',(0.,0.,1.));
#8388=DIRECTION('ref_axis',(1.,0.,0.));
#8389=DIRECTION('center_axis',(0.,0.,1.));
#8390=DIRECTION('ref_axis',(1.,0.,0.));
#8391=DIRECTION('',(0.,0.,1.));
#8392=DIRECTION('center_axis',(0.,0.,-1.));
#8393=DIRECTION('ref_axis',(1.,0.,0.));
#8394=DIRECTION('center_axis',(0.,0.,1.));
#8395=DIRECTION('ref_axis',(1.,0.,0.));
#8396=DIRECTION('center_axis',(0.,0.,1.));
#8397=DIRECTION('ref_axis',(1.,0.,0.));
#8398=DIRECTION('',(0.,0.,1.));
#8399=DIRECTION('center_axis',(0.,0.,-1.));
#8400=DIRECTION('ref_axis',(1.,0.,0.));
#8401=DIRECTION('center_axis',(0.,0.,1.));
#8402=DIRECTION('ref_axis',(1.,0.,0.));
#8403=DIRECTION('center_axis',(0.,0.,1.));
#8404=DIRECTION('ref_axis',(1.,0.,0.));
#8405=DIRECTION('',(0.,0.,1.));
#8406=DIRECTION('center_axis',(0.,0.,-1.));
#8407=DIRECTION('ref_axis',(1.,0.,0.));
#8408=DIRECTION('center_axis',(0.,0.,1.));
#8409=DIRECTION('ref_axis',(1.,0.,0.));
#8410=DIRECTION('center_axis',(0.,0.,1.));
#8411=DIRECTION('ref_axis',(1.,0.,0.));
#8412=DIRECTION('',(0.,0.,1.));
#8413=DIRECTION('center_axis',(0.,0.,-1.));
#8414=DIRECTION('ref_axis',(1.,0.,0.));
#8415=DIRECTION('center_axis',(0.,0.,1.));
#8416=DIRECTION('ref_axis',(1.,0.,0.));
#8417=DIRECTION('center_axis',(0.,0.,1.));
#8418=DIRECTION('ref_axis',(1.,0.,0.));
#8419=DIRECTION('',(0.,0.,1.));
#8420=DIRECTION('center_axis',(0.,0.,-1.));
#8421=DIRECTION('ref_axis',(1.,0.,0.));
#8422=DIRECTION('center_axis',(0.,0.,1.));
#8423=DIRECTION('ref_axis',(1.,0.,0.));
#8424=DIRECTION('center_axis',(0.,0.,1.));
#8425=DIRECTION('ref_axis',(1.,0.,0.));
#8426=DIRECTION('',(0.,0.,1.));
#8427=DIRECTION('center_axis',(0.,0.,-1.));
#8428=DIRECTION('ref_axis',(1.,0.,0.));
#8429=DIRECTION('center_axis',(0.,0.,1.));
#8430=DIRECTION('ref_axis',(1.,0.,0.));
#8431=DIRECTION('center_axis',(0.,0.,1.));
#8432=DIRECTION('ref_axis',(1.,0.,0.));
#8433=DIRECTION('',(0.,0.,1.));
#8434=DIRECTION('center_axis',(0.,0.,-1.));
#8435=DIRECTION('ref_axis',(1.,0.,0.));
#8436=DIRECTION('center_axis',(0.,0.,1.));
#8437=DIRECTION('ref_axis',(1.,0.,0.));
#8438=DIRECTION('center_axis',(0.,0.,1.));
#8439=DIRECTION('ref_axis',(1.,0.,0.));
#8440=DIRECTION('',(0.,0.,1.));
#8441=DIRECTION('center_axis',(0.,0.,-1.));
#8442=DIRECTION('ref_axis',(1.,0.,0.));
#8443=DIRECTION('center_axis',(0.,0.,1.));
#8444=DIRECTION('ref_axis',(1.,0.,0.));
#8445=DIRECTION('center_axis',(0.,0.,1.));
#8446=DIRECTION('ref_axis',(1.,0.,0.));
#8447=DIRECTION('',(0.,0.,1.));
#8448=DIRECTION('center_axis',(0.,0.,-1.));
#8449=DIRECTION('ref_axis',(1.,0.,0.));
#8450=DIRECTION('center_axis',(0.,0.,1.));
#8451=DIRECTION('ref_axis',(1.,0.,0.));
#8452=DIRECTION('center_axis',(0.,0.,1.));
#8453=DIRECTION('ref_axis',(1.,0.,0.));
#8454=DIRECTION('',(0.,0.,1.));
#8455=DIRECTION('center_axis',(0.,0.,-1.));
#8456=DIRECTION('ref_axis',(1.,0.,0.));
#8457=DIRECTION('center_axis',(0.,0.,1.));
#8458=DIRECTION('ref_axis',(1.,0.,0.));
#8459=DIRECTION('center_axis',(0.,0.,1.));
#8460=DIRECTION('ref_axis',(1.,0.,0.));
#8461=DIRECTION('',(0.,0.,1.));
#8462=DIRECTION('center_axis',(0.,0.,-1.));
#8463=DIRECTION('ref_axis',(1.,0.,0.));
#8464=DIRECTION('center_axis',(0.,0.,1.));
#8465=DIRECTION('ref_axis',(1.,0.,0.));
#8466=DIRECTION('center_axis',(0.,0.,1.));
#8467=DIRECTION('ref_axis',(1.,0.,0.));
#8468=DIRECTION('',(0.,0.,1.));
#8469=DIRECTION('center_axis',(0.,0.,-1.));
#8470=DIRECTION('ref_axis',(1.,0.,0.));
#8471=DIRECTION('center_axis',(0.,0.,1.));
#8472=DIRECTION('ref_axis',(1.,0.,0.));
#8473=DIRECTION('center_axis',(0.,0.,1.));
#8474=DIRECTION('ref_axis',(1.,0.,0.));
#8475=DIRECTION('',(0.,0.,1.));
#8476=DIRECTION('center_axis',(0.,0.,-1.));
#8477=DIRECTION('ref_axis',(1.,0.,0.));
#8478=DIRECTION('center_axis',(0.,0.,1.));
#8479=DIRECTION('ref_axis',(1.,0.,0.));
#8480=DIRECTION('center_axis',(0.,0.,1.));
#8481=DIRECTION('ref_axis',(1.,0.,0.));
#8482=DIRECTION('',(0.,0.,1.));
#8483=DIRECTION('center_axis',(0.,0.,-1.));
#8484=DIRECTION('ref_axis',(1.,0.,0.));
#8485=DIRECTION('center_axis',(0.,0.,1.));
#8486=DIRECTION('ref_axis',(1.,0.,0.));
#8487=DIRECTION('center_axis',(0.,0.,1.));
#8488=DIRECTION('ref_axis',(1.,0.,0.));
#8489=DIRECTION('',(0.,0.,1.));
#8490=DIRECTION('center_axis',(0.,0.,-1.));
#8491=DIRECTION('ref_axis',(1.,0.,0.));
#8492=DIRECTION('center_axis',(0.,0.,1.));
#8493=DIRECTION('ref_axis',(1.,0.,0.));
#8494=DIRECTION('center_axis',(0.,0.,1.));
#8495=DIRECTION('ref_axis',(1.,0.,0.));
#8496=DIRECTION('',(0.,0.,1.));
#8497=DIRECTION('center_axis',(0.,0.,-1.));
#8498=DIRECTION('ref_axis',(1.,0.,0.));
#8499=DIRECTION('center_axis',(0.,0.,1.));
#8500=DIRECTION('ref_axis',(1.,0.,0.));
#8501=DIRECTION('center_axis',(0.,0.,1.));
#8502=DIRECTION('ref_axis',(1.,0.,0.));
#8503=DIRECTION('',(0.,0.,1.));
#8504=DIRECTION('center_axis',(0.,0.,-1.));
#8505=DIRECTION('ref_axis',(1.,0.,0.));
#8506=DIRECTION('center_axis',(0.,0.,1.));
#8507=DIRECTION('ref_axis',(1.,0.,0.));
#8508=DIRECTION('center_axis',(0.,0.,1.));
#8509=DIRECTION('ref_axis',(1.,0.,0.));
#8510=DIRECTION('',(0.,0.,1.));
#8511=DIRECTION('center_axis',(0.,0.,-1.));
#8512=DIRECTION('ref_axis',(1.,0.,0.));
#8513=DIRECTION('center_axis',(0.,0.,1.));
#8514=DIRECTION('ref_axis',(1.,0.,0.));
#8515=DIRECTION('center_axis',(0.,0.,1.));
#8516=DIRECTION('ref_axis',(1.,0.,0.));
#8517=DIRECTION('',(0.,0.,1.));
#8518=DIRECTION('center_axis',(0.,0.,-1.));
#8519=DIRECTION('ref_axis',(1.,0.,0.));
#8520=DIRECTION('center_axis',(0.,0.,1.));
#8521=DIRECTION('ref_axis',(1.,0.,0.));
#8522=DIRECTION('center_axis',(0.,0.,1.));
#8523=DIRECTION('ref_axis',(1.,0.,0.));
#8524=DIRECTION('',(0.,0.,1.));
#8525=DIRECTION('center_axis',(0.,0.,-1.));
#8526=DIRECTION('ref_axis',(1.,0.,0.));
#8527=DIRECTION('center_axis',(0.,0.,1.));
#8528=DIRECTION('ref_axis',(1.,0.,0.));
#8529=DIRECTION('center_axis',(0.,0.,1.));
#8530=DIRECTION('ref_axis',(1.,0.,0.));
#8531=DIRECTION('',(0.,0.,1.));
#8532=DIRECTION('center_axis',(0.,0.,-1.));
#8533=DIRECTION('ref_axis',(1.,0.,0.));
#8534=DIRECTION('center_axis',(0.,0.,1.));
#8535=DIRECTION('ref_axis',(1.,0.,0.));
#8536=DIRECTION('center_axis',(0.,0.,1.));
#8537=DIRECTION('ref_axis',(1.,0.,0.));
#8538=DIRECTION('',(0.,0.,1.));
#8539=DIRECTION('center_axis',(0.,0.,-1.));
#8540=DIRECTION('ref_axis',(1.,0.,0.));
#8541=DIRECTION('center_axis',(0.,0.,1.));
#8542=DIRECTION('ref_axis',(1.,0.,0.));
#8543=DIRECTION('center_axis',(0.,0.,1.));
#8544=DIRECTION('ref_axis',(1.,0.,0.));
#8545=DIRECTION('',(0.,0.,1.));
#8546=DIRECTION('center_axis',(0.,0.,-1.));
#8547=DIRECTION('ref_axis',(1.,0.,0.));
#8548=DIRECTION('center_axis',(0.,0.,1.));
#8549=DIRECTION('ref_axis',(1.,0.,0.));
#8550=DIRECTION('center_axis',(0.,0.,1.));
#8551=DIRECTION('ref_axis',(1.,0.,0.));
#8552=DIRECTION('',(0.,0.,1.));
#8553=DIRECTION('center_axis',(0.,0.,-1.));
#8554=DIRECTION('ref_axis',(1.,0.,0.));
#8555=DIRECTION('center_axis',(0.,0.,1.));
#8556=DIRECTION('ref_axis',(1.,0.,0.));
#8557=DIRECTION('center_axis',(0.,0.,1.));
#8558=DIRECTION('ref_axis',(1.,0.,0.));
#8559=DIRECTION('',(0.,0.,1.));
#8560=DIRECTION('center_axis',(0.,0.,-1.));
#8561=DIRECTION('ref_axis',(1.,0.,0.));
#8562=DIRECTION('center_axis',(0.,0.,1.));
#8563=DIRECTION('ref_axis',(1.,0.,0.));
#8564=DIRECTION('center_axis',(0.,0.,1.));
#8565=DIRECTION('ref_axis',(1.,0.,0.));
#8566=DIRECTION('',(0.,0.,1.));
#8567=DIRECTION('center_axis',(0.,0.,-1.));
#8568=DIRECTION('ref_axis',(1.,0.,0.));
#8569=DIRECTION('center_axis',(0.,0.,1.));
#8570=DIRECTION('ref_axis',(1.,0.,0.));
#8571=DIRECTION('center_axis',(0.,0.,1.));
#8572=DIRECTION('ref_axis',(1.,0.,0.));
#8573=DIRECTION('',(0.,0.,1.));
#8574=DIRECTION('center_axis',(0.,0.,-1.));
#8575=DIRECTION('ref_axis',(1.,0.,0.));
#8576=DIRECTION('center_axis',(0.,0.,1.));
#8577=DIRECTION('ref_axis',(1.,0.,0.));
#8578=DIRECTION('center_axis',(0.,0.,1.));
#8579=DIRECTION('ref_axis',(1.,0.,0.));
#8580=DIRECTION('',(0.,0.,1.));
#8581=DIRECTION('center_axis',(0.,0.,-1.));
#8582=DIRECTION('ref_axis',(1.,0.,0.));
#8583=DIRECTION('center_axis',(0.,0.,1.));
#8584=DIRECTION('ref_axis',(1.,0.,0.));
#8585=DIRECTION('center_axis',(0.,0.,1.));
#8586=DIRECTION('ref_axis',(1.,0.,0.));
#8587=DIRECTION('',(0.,0.,1.));
#8588=DIRECTION('center_axis',(0.,0.,-1.));
#8589=DIRECTION('ref_axis',(1.,0.,0.));
#8590=DIRECTION('center_axis',(0.,0.,1.));
#8591=DIRECTION('ref_axis',(1.,0.,0.));
#8592=DIRECTION('center_axis',(0.,0.,1.));
#8593=DIRECTION('ref_axis',(1.,0.,0.));
#8594=DIRECTION('',(0.,0.,1.));
#8595=DIRECTION('center_axis',(0.,0.,-1.));
#8596=DIRECTION('ref_axis',(1.,0.,0.));
#8597=DIRECTION('center_axis',(0.,0.,1.));
#8598=DIRECTION('ref_axis',(1.,0.,0.));
#8599=DIRECTION('center_axis',(0.,0.,1.));
#8600=DIRECTION('ref_axis',(1.,0.,0.));
#8601=DIRECTION('',(0.,0.,1.));
#8602=DIRECTION('center_axis',(0.,0.,-1.));
#8603=DIRECTION('ref_axis',(1.,0.,0.));
#8604=DIRECTION('center_axis',(0.,0.,1.));
#8605=DIRECTION('ref_axis',(1.,0.,0.));
#8606=DIRECTION('center_axis',(0.,0.,1.));
#8607=DIRECTION('ref_axis',(1.,0.,0.));
#8608=DIRECTION('',(0.,0.,1.));
#8609=DIRECTION('center_axis',(0.,0.,-1.));
#8610=DIRECTION('ref_axis',(1.,0.,0.));
#8611=DIRECTION('center_axis',(0.,0.,1.));
#8612=DIRECTION('ref_axis',(1.,0.,0.));
#8613=DIRECTION('center_axis',(0.,0.,1.));
#8614=DIRECTION('ref_axis',(1.,0.,0.));
#8615=DIRECTION('',(0.,0.,1.));
#8616=DIRECTION('center_axis',(0.,0.,-1.));
#8617=DIRECTION('ref_axis',(1.,0.,0.));
#8618=DIRECTION('center_axis',(0.,0.,1.));
#8619=DIRECTION('ref_axis',(1.,0.,0.));
#8620=DIRECTION('center_axis',(0.,0.,1.));
#8621=DIRECTION('ref_axis',(1.,0.,0.));
#8622=DIRECTION('',(0.,0.,1.));
#8623=DIRECTION('center_axis',(0.,0.,-1.));
#8624=DIRECTION('ref_axis',(1.,0.,0.));
#8625=DIRECTION('center_axis',(0.,0.,1.));
#8626=DIRECTION('ref_axis',(1.,0.,0.));
#8627=DIRECTION('center_axis',(0.,0.,1.));
#8628=DIRECTION('ref_axis',(1.,0.,0.));
#8629=DIRECTION('',(0.,0.,1.));
#8630=DIRECTION('center_axis',(0.,0.,-1.));
#8631=DIRECTION('ref_axis',(1.,0.,0.));
#8632=DIRECTION('center_axis',(0.,0.,1.));
#8633=DIRECTION('ref_axis',(1.,0.,0.));
#8634=DIRECTION('center_axis',(0.,0.,1.));
#8635=DIRECTION('ref_axis',(1.,0.,0.));
#8636=DIRECTION('',(0.,0.,1.));
#8637=DIRECTION('center_axis',(0.,0.,-1.));
#8638=DIRECTION('ref_axis',(1.,0.,0.));
#8639=DIRECTION('center_axis',(0.,0.,1.));
#8640=DIRECTION('ref_axis',(1.,0.,0.));
#8641=DIRECTION('center_axis',(0.,0.,1.));
#8642=DIRECTION('ref_axis',(1.,0.,0.));
#8643=DIRECTION('',(0.,0.,1.));
#8644=DIRECTION('center_axis',(0.,0.,-1.));
#8645=DIRECTION('ref_axis',(1.,0.,0.));
#8646=DIRECTION('center_axis',(0.,0.,1.));
#8647=DIRECTION('ref_axis',(1.,0.,0.));
#8648=DIRECTION('center_axis',(0.,0.,1.));
#8649=DIRECTION('ref_axis',(1.,0.,0.));
#8650=DIRECTION('',(0.,0.,1.));
#8651=DIRECTION('center_axis',(0.,0.,-1.));
#8652=DIRECTION('ref_axis',(1.,0.,0.));
#8653=DIRECTION('center_axis',(0.,0.,1.));
#8654=DIRECTION('ref_axis',(1.,0.,0.));
#8655=DIRECTION('center_axis',(0.,0.,1.));
#8656=DIRECTION('ref_axis',(1.,0.,0.));
#8657=DIRECTION('',(0.,0.,1.));
#8658=DIRECTION('center_axis',(0.,0.,-1.));
#8659=DIRECTION('ref_axis',(1.,0.,0.));
#8660=DIRECTION('center_axis',(0.,0.,1.));
#8661=DIRECTION('ref_axis',(1.,0.,0.));
#8662=DIRECTION('center_axis',(0.,0.,1.));
#8663=DIRECTION('ref_axis',(1.,0.,0.));
#8664=DIRECTION('',(0.,0.,1.));
#8665=DIRECTION('center_axis',(0.,0.,-1.));
#8666=DIRECTION('ref_axis',(1.,0.,0.));
#8667=DIRECTION('center_axis',(0.,0.,1.));
#8668=DIRECTION('ref_axis',(1.,0.,0.));
#8669=DIRECTION('center_axis',(0.,0.,1.));
#8670=DIRECTION('ref_axis',(1.,0.,0.));
#8671=DIRECTION('',(0.,0.,1.));
#8672=DIRECTION('center_axis',(0.,0.,-1.));
#8673=DIRECTION('ref_axis',(1.,0.,0.));
#8674=DIRECTION('center_axis',(0.,0.,1.));
#8675=DIRECTION('ref_axis',(1.,0.,0.));
#8676=DIRECTION('center_axis',(0.,0.,1.));
#8677=DIRECTION('ref_axis',(1.,0.,0.));
#8678=DIRECTION('',(0.,0.,1.));
#8679=DIRECTION('center_axis',(0.,0.,-1.));
#8680=DIRECTION('ref_axis',(1.,0.,0.));
#8681=DIRECTION('center_axis',(0.,0.,1.));
#8682=DIRECTION('ref_axis',(1.,0.,0.));
#8683=DIRECTION('center_axis',(0.,0.,1.));
#8684=DIRECTION('ref_axis',(1.,0.,0.));
#8685=DIRECTION('',(0.,0.,1.));
#8686=DIRECTION('center_axis',(0.,0.,-1.));
#8687=DIRECTION('ref_axis',(1.,0.,0.));
#8688=DIRECTION('center_axis',(0.,0.,1.));
#8689=DIRECTION('ref_axis',(1.,0.,0.));
#8690=DIRECTION('center_axis',(0.,0.,1.));
#8691=DIRECTION('ref_axis',(1.,0.,0.));
#8692=DIRECTION('',(0.,0.,1.));
#8693=DIRECTION('center_axis',(0.,0.,-1.));
#8694=DIRECTION('ref_axis',(1.,0.,0.));
#8695=DIRECTION('center_axis',(0.,0.,1.));
#8696=DIRECTION('ref_axis',(1.,0.,0.));
#8697=DIRECTION('center_axis',(0.,0.,1.));
#8698=DIRECTION('ref_axis',(1.,0.,0.));
#8699=DIRECTION('',(0.,0.,1.));
#8700=DIRECTION('center_axis',(0.,0.,-1.));
#8701=DIRECTION('ref_axis',(1.,0.,0.));
#8702=DIRECTION('center_axis',(0.,0.,1.));
#8703=DIRECTION('ref_axis',(1.,0.,0.));
#8704=DIRECTION('center_axis',(0.,0.,1.));
#8705=DIRECTION('ref_axis',(1.,0.,0.));
#8706=DIRECTION('',(0.,0.,1.));
#8707=DIRECTION('center_axis',(0.,0.,-1.));
#8708=DIRECTION('ref_axis',(1.,0.,0.));
#8709=DIRECTION('center_axis',(0.,0.,1.));
#8710=DIRECTION('ref_axis',(1.,0.,0.));
#8711=DIRECTION('center_axis',(0.,0.,1.));
#8712=DIRECTION('ref_axis',(1.,0.,0.));
#8713=DIRECTION('',(0.,0.,1.));
#8714=DIRECTION('center_axis',(0.,0.,-1.));
#8715=DIRECTION('ref_axis',(1.,0.,0.));
#8716=DIRECTION('center_axis',(0.,0.,1.));
#8717=DIRECTION('ref_axis',(1.,0.,0.));
#8718=DIRECTION('center_axis',(0.,0.,1.));
#8719=DIRECTION('ref_axis',(1.,0.,0.));
#8720=DIRECTION('',(0.,0.,1.));
#8721=DIRECTION('center_axis',(0.,0.,-1.));
#8722=DIRECTION('ref_axis',(1.,0.,0.));
#8723=DIRECTION('center_axis',(0.,0.,1.));
#8724=DIRECTION('ref_axis',(1.,0.,0.));
#8725=DIRECTION('center_axis',(0.,0.,1.));
#8726=DIRECTION('ref_axis',(1.,0.,0.));
#8727=DIRECTION('',(0.,0.,1.));
#8728=DIRECTION('center_axis',(0.,0.,-1.));
#8729=DIRECTION('ref_axis',(1.,0.,0.));
#8730=DIRECTION('center_axis',(0.,0.,1.));
#8731=DIRECTION('ref_axis',(1.,0.,0.));
#8732=DIRECTION('center_axis',(0.,0.,1.));
#8733=DIRECTION('ref_axis',(1.,0.,0.));
#8734=DIRECTION('',(0.,0.,1.));
#8735=DIRECTION('center_axis',(0.,0.,-1.));
#8736=DIRECTION('ref_axis',(1.,0.,0.));
#8737=DIRECTION('center_axis',(0.,0.,1.));
#8738=DIRECTION('ref_axis',(1.,0.,0.));
#8739=DIRECTION('center_axis',(0.,0.,1.));
#8740=DIRECTION('ref_axis',(1.,0.,0.));
#8741=DIRECTION('',(0.,0.,1.));
#8742=DIRECTION('center_axis',(0.,0.,-1.));
#8743=DIRECTION('ref_axis',(1.,0.,0.));
#8744=DIRECTION('center_axis',(0.,0.,1.));
#8745=DIRECTION('ref_axis',(1.,0.,0.));
#8746=DIRECTION('center_axis',(0.,0.,1.));
#8747=DIRECTION('ref_axis',(1.,0.,0.));
#8748=DIRECTION('',(0.,0.,1.));
#8749=DIRECTION('center_axis',(0.,0.,-1.));
#8750=DIRECTION('ref_axis',(1.,0.,0.));
#8751=DIRECTION('center_axis',(0.,0.,1.));
#8752=DIRECTION('ref_axis',(1.,0.,0.));
#8753=DIRECTION('center_axis',(0.,0.,1.));
#8754=DIRECTION('ref_axis',(1.,0.,0.));
#8755=DIRECTION('',(0.,0.,1.));
#8756=DIRECTION('center_axis',(0.,0.,-1.));
#8757=DIRECTION('ref_axis',(1.,0.,0.));
#8758=DIRECTION('center_axis',(0.,0.,1.));
#8759=DIRECTION('ref_axis',(1.,0.,0.));
#8760=DIRECTION('center_axis',(0.,0.,1.));
#8761=DIRECTION('ref_axis',(1.,0.,0.));
#8762=DIRECTION('',(0.,0.,1.));
#8763=DIRECTION('center_axis',(0.,0.,-1.));
#8764=DIRECTION('ref_axis',(1.,0.,0.));
#8765=DIRECTION('center_axis',(0.,0.,1.));
#8766=DIRECTION('ref_axis',(1.,0.,0.));
#8767=DIRECTION('center_axis',(0.,0.,1.));
#8768=DIRECTION('ref_axis',(1.,0.,0.));
#8769=DIRECTION('',(0.,0.,1.));
#8770=DIRECTION('center_axis',(0.,0.,-1.));
#8771=DIRECTION('ref_axis',(1.,0.,0.));
#8772=DIRECTION('center_axis',(0.,0.,1.));
#8773=DIRECTION('ref_axis',(1.,0.,0.));
#8774=DIRECTION('center_axis',(0.,0.,1.));
#8775=DIRECTION('ref_axis',(1.,0.,0.));
#8776=DIRECTION('',(0.,0.,1.));
#8777=DIRECTION('center_axis',(0.,0.,-1.));
#8778=DIRECTION('ref_axis',(1.,0.,0.));
#8779=DIRECTION('center_axis',(0.,0.,1.));
#8780=DIRECTION('ref_axis',(1.,0.,0.));
#8781=DIRECTION('center_axis',(0.,0.,1.));
#8782=DIRECTION('ref_axis',(1.,0.,0.));
#8783=DIRECTION('',(0.,0.,1.));
#8784=DIRECTION('center_axis',(0.,0.,-1.));
#8785=DIRECTION('ref_axis',(1.,0.,0.));
#8786=DIRECTION('center_axis',(0.,0.,1.));
#8787=DIRECTION('ref_axis',(1.,0.,0.));
#8788=DIRECTION('center_axis',(0.,0.,1.));
#8789=DIRECTION('ref_axis',(1.,0.,0.));
#8790=DIRECTION('',(0.,0.,1.));
#8791=DIRECTION('center_axis',(0.,0.,-1.));
#8792=DIRECTION('ref_axis',(1.,0.,0.));
#8793=DIRECTION('center_axis',(0.,0.,1.));
#8794=DIRECTION('ref_axis',(1.,0.,0.));
#8795=DIRECTION('center_axis',(0.,0.,1.));
#8796=DIRECTION('ref_axis',(1.,0.,0.));
#8797=DIRECTION('',(0.,0.,1.));
#8798=DIRECTION('center_axis',(0.,0.,-1.));
#8799=DIRECTION('ref_axis',(1.,0.,0.));
#8800=DIRECTION('center_axis',(0.,0.,1.));
#8801=DIRECTION('ref_axis',(1.,0.,0.));
#8802=DIRECTION('center_axis',(0.,0.,1.));
#8803=DIRECTION('ref_axis',(1.,0.,0.));
#8804=DIRECTION('',(0.,0.,1.));
#8805=DIRECTION('center_axis',(0.,0.,-1.));
#8806=DIRECTION('ref_axis',(1.,0.,0.));
#8807=DIRECTION('center_axis',(0.,0.,1.));
#8808=DIRECTION('ref_axis',(1.,0.,0.));
#8809=DIRECTION('center_axis',(0.,0.,1.));
#8810=DIRECTION('ref_axis',(1.,0.,0.));
#8811=DIRECTION('',(0.,0.,1.));
#8812=DIRECTION('center_axis',(0.,0.,-1.));
#8813=DIRECTION('ref_axis',(1.,0.,0.));
#8814=DIRECTION('center_axis',(0.,0.,1.));
#8815=DIRECTION('ref_axis',(1.,0.,0.));
#8816=DIRECTION('center_axis',(0.,0.,1.));
#8817=DIRECTION('ref_axis',(1.,0.,0.));
#8818=DIRECTION('',(0.,0.,1.));
#8819=DIRECTION('center_axis',(0.,0.,-1.));
#8820=DIRECTION('ref_axis',(1.,0.,0.));
#8821=DIRECTION('center_axis',(0.,0.,1.));
#8822=DIRECTION('ref_axis',(1.,0.,0.));
#8823=DIRECTION('center_axis',(0.,0.,1.));
#8824=DIRECTION('ref_axis',(1.,0.,0.));
#8825=DIRECTION('',(0.,0.,1.));
#8826=DIRECTION('center_axis',(0.,0.,-1.));
#8827=DIRECTION('ref_axis',(1.,0.,0.));
#8828=DIRECTION('center_axis',(0.,0.,1.));
#8829=DIRECTION('ref_axis',(1.,0.,0.));
#8830=DIRECTION('center_axis',(0.,0.,1.));
#8831=DIRECTION('ref_axis',(1.,0.,0.));
#8832=DIRECTION('',(0.,0.,1.));
#8833=DIRECTION('center_axis',(0.,0.,-1.));
#8834=DIRECTION('ref_axis',(1.,0.,0.));
#8835=DIRECTION('center_axis',(0.,0.,1.));
#8836=DIRECTION('ref_axis',(1.,0.,0.));
#8837=DIRECTION('center_axis',(0.,0.,1.));
#8838=DIRECTION('ref_axis',(1.,0.,0.));
#8839=DIRECTION('',(0.,0.,1.));
#8840=DIRECTION('center_axis',(0.,0.,-1.));
#8841=DIRECTION('ref_axis',(1.,0.,0.));
#8842=DIRECTION('center_axis',(0.,0.,1.));
#8843=DIRECTION('ref_axis',(1.,0.,0.));
#8844=DIRECTION('center_axis',(0.,0.,1.));
#8845=DIRECTION('ref_axis',(1.,0.,0.));
#8846=DIRECTION('',(0.,0.,1.));
#8847=DIRECTION('center_axis',(0.,0.,-1.));
#8848=DIRECTION('ref_axis',(1.,0.,0.));
#8849=DIRECTION('center_axis',(0.,0.,1.));
#8850=DIRECTION('ref_axis',(1.,0.,0.));
#8851=DIRECTION('center_axis',(0.,0.,1.));
#8852=DIRECTION('ref_axis',(1.,0.,0.));
#8853=DIRECTION('',(0.,0.,1.));
#8854=DIRECTION('center_axis',(0.,0.,-1.));
#8855=DIRECTION('ref_axis',(1.,0.,0.));
#8856=DIRECTION('center_axis',(0.,0.,1.));
#8857=DIRECTION('ref_axis',(1.,0.,0.));
#8858=DIRECTION('center_axis',(0.,0.,1.));
#8859=DIRECTION('ref_axis',(1.,0.,0.));
#8860=DIRECTION('',(0.,0.,1.));
#8861=DIRECTION('center_axis',(0.,0.,-1.));
#8862=DIRECTION('ref_axis',(1.,0.,0.));
#8863=DIRECTION('center_axis',(0.,0.,1.));
#8864=DIRECTION('ref_axis',(1.,0.,0.));
#8865=DIRECTION('center_axis',(0.,0.,1.));
#8866=DIRECTION('ref_axis',(1.,0.,0.));
#8867=DIRECTION('',(0.,0.,1.));
#8868=DIRECTION('center_axis',(0.,0.,-1.));
#8869=DIRECTION('ref_axis',(1.,0.,0.));
#8870=DIRECTION('center_axis',(0.,0.,1.));
#8871=DIRECTION('ref_axis',(1.,0.,0.));
#8872=DIRECTION('center_axis',(0.,0.,1.));
#8873=DIRECTION('ref_axis',(1.,0.,0.));
#8874=DIRECTION('',(0.,0.,1.));
#8875=DIRECTION('center_axis',(0.,0.,-1.));
#8876=DIRECTION('ref_axis',(1.,0.,0.));
#8877=DIRECTION('center_axis',(0.,0.,1.));
#8878=DIRECTION('ref_axis',(1.,0.,0.));
#8879=DIRECTION('center_axis',(0.,0.,1.));
#8880=DIRECTION('ref_axis',(1.,0.,0.));
#8881=DIRECTION('',(0.,0.,1.));
#8882=DIRECTION('center_axis',(0.,0.,-1.));
#8883=DIRECTION('ref_axis',(1.,0.,0.));
#8884=DIRECTION('center_axis',(0.,0.,1.));
#8885=DIRECTION('ref_axis',(1.,0.,0.));
#8886=DIRECTION('center_axis',(0.,0.,1.));
#8887=DIRECTION('ref_axis',(1.,0.,0.));
#8888=DIRECTION('',(0.,0.,1.));
#8889=DIRECTION('center_axis',(0.,0.,-1.));
#8890=DIRECTION('ref_axis',(1.,0.,0.));
#8891=DIRECTION('center_axis',(0.,0.,1.));
#8892=DIRECTION('ref_axis',(1.,0.,0.));
#8893=DIRECTION('center_axis',(0.,0.,1.));
#8894=DIRECTION('ref_axis',(1.,0.,0.));
#8895=DIRECTION('',(0.,0.,1.));
#8896=DIRECTION('center_axis',(0.,0.,-1.));
#8897=DIRECTION('ref_axis',(1.,0.,0.));
#8898=DIRECTION('center_axis',(0.,0.,1.));
#8899=DIRECTION('ref_axis',(1.,0.,0.));
#8900=DIRECTION('center_axis',(0.,0.,1.));
#8901=DIRECTION('ref_axis',(1.,0.,0.));
#8902=DIRECTION('',(0.,0.,1.));
#8903=DIRECTION('center_axis',(0.,0.,-1.));
#8904=DIRECTION('ref_axis',(1.,0.,0.));
#8905=DIRECTION('center_axis',(0.,0.,1.));
#8906=DIRECTION('ref_axis',(1.,0.,0.));
#8907=DIRECTION('center_axis',(0.,0.,1.));
#8908=DIRECTION('ref_axis',(1.,0.,0.));
#8909=DIRECTION('',(0.,0.,1.));
#8910=DIRECTION('center_axis',(0.,0.,-1.));
#8911=DIRECTION('ref_axis',(1.,0.,0.));
#8912=DIRECTION('center_axis',(0.,0.,1.));
#8913=DIRECTION('ref_axis',(1.,0.,0.));
#8914=DIRECTION('center_axis',(0.,0.,1.));
#8915=DIRECTION('ref_axis',(1.,0.,0.));
#8916=DIRECTION('',(0.,0.,1.));
#8917=DIRECTION('center_axis',(0.,0.,-1.));
#8918=DIRECTION('ref_axis',(1.,0.,0.));
#8919=DIRECTION('center_axis',(0.,0.,1.));
#8920=DIRECTION('ref_axis',(1.,0.,0.));
#8921=DIRECTION('center_axis',(0.,0.,1.));
#8922=DIRECTION('ref_axis',(1.,0.,0.));
#8923=DIRECTION('',(0.,0.,1.));
#8924=DIRECTION('center_axis',(0.,0.,-1.));
#8925=DIRECTION('ref_axis',(1.,0.,0.));
#8926=DIRECTION('center_axis',(0.,0.,1.));
#8927=DIRECTION('ref_axis',(1.,0.,0.));
#8928=DIRECTION('center_axis',(0.,0.,1.));
#8929=DIRECTION('ref_axis',(1.,0.,0.));
#8930=DIRECTION('',(0.,0.,1.));
#8931=DIRECTION('center_axis',(0.,0.,-1.));
#8932=DIRECTION('ref_axis',(1.,0.,0.));
#8933=DIRECTION('center_axis',(0.,0.,1.));
#8934=DIRECTION('ref_axis',(1.,0.,0.));
#8935=DIRECTION('center_axis',(0.,0.,1.));
#8936=DIRECTION('ref_axis',(1.,0.,0.));
#8937=DIRECTION('',(0.,0.,1.));
#8938=DIRECTION('center_axis',(0.,0.,-1.));
#8939=DIRECTION('ref_axis',(1.,0.,0.));
#8940=DIRECTION('center_axis',(0.,0.,1.));
#8941=DIRECTION('ref_axis',(1.,0.,0.));
#8942=DIRECTION('center_axis',(0.,0.,1.));
#8943=DIRECTION('ref_axis',(1.,0.,0.));
#8944=DIRECTION('',(0.,0.,1.));
#8945=DIRECTION('center_axis',(0.,0.,-1.));
#8946=DIRECTION('ref_axis',(1.,0.,0.));
#8947=DIRECTION('center_axis',(0.,0.,1.));
#8948=DIRECTION('ref_axis',(1.,0.,0.));
#8949=DIRECTION('center_axis',(0.,0.,1.));
#8950=DIRECTION('ref_axis',(1.,0.,0.));
#8951=DIRECTION('',(0.,0.,1.));
#8952=DIRECTION('center_axis',(0.,0.,-1.));
#8953=DIRECTION('ref_axis',(1.,0.,0.));
#8954=DIRECTION('center_axis',(0.,0.,1.));
#8955=DIRECTION('ref_axis',(1.,0.,0.));
#8956=DIRECTION('center_axis',(0.,0.,1.));
#8957=DIRECTION('ref_axis',(1.,0.,0.));
#8958=DIRECTION('',(0.,0.,1.));
#8959=DIRECTION('center_axis',(0.,0.,-1.));
#8960=DIRECTION('ref_axis',(1.,0.,0.));
#8961=DIRECTION('center_axis',(0.,0.,1.));
#8962=DIRECTION('ref_axis',(1.,0.,0.));
#8963=DIRECTION('center_axis',(0.,0.,1.));
#8964=DIRECTION('ref_axis',(1.,0.,0.));
#8965=DIRECTION('',(0.,0.,1.));
#8966=DIRECTION('center_axis',(0.,0.,-1.));
#8967=DIRECTION('ref_axis',(1.,0.,0.));
#8968=DIRECTION('center_axis',(0.,0.,1.));
#8969=DIRECTION('ref_axis',(1.,0.,0.));
#8970=DIRECTION('center_axis',(0.,0.,1.));
#8971=DIRECTION('ref_axis',(1.,0.,0.));
#8972=DIRECTION('',(0.,0.,1.));
#8973=DIRECTION('center_axis',(0.,0.,-1.));
#8974=DIRECTION('ref_axis',(1.,0.,0.));
#8975=DIRECTION('center_axis',(0.,0.,1.));
#8976=DIRECTION('ref_axis',(1.,0.,0.));
#8977=DIRECTION('center_axis',(0.,0.,1.));
#8978=DIRECTION('ref_axis',(1.,0.,0.));
#8979=DIRECTION('',(0.,0.,1.));
#8980=DIRECTION('center_axis',(0.,0.,-1.));
#8981=DIRECTION('ref_axis',(1.,0.,0.));
#8982=DIRECTION('center_axis',(0.,0.,1.));
#8983=DIRECTION('ref_axis',(1.,0.,0.));
#8984=DIRECTION('center_axis',(0.,0.,1.));
#8985=DIRECTION('ref_axis',(1.,0.,0.));
#8986=DIRECTION('',(0.,0.,1.));
#8987=DIRECTION('center_axis',(0.,0.,-1.));
#8988=DIRECTION('ref_axis',(1.,0.,0.));
#8989=DIRECTION('center_axis',(0.,0.,1.));
#8990=DIRECTION('ref_axis',(1.,0.,0.));
#8991=DIRECTION('center_axis',(0.,0.,1.));
#8992=DIRECTION('ref_axis',(1.,0.,0.));
#8993=DIRECTION('',(0.,0.,1.));
#8994=DIRECTION('center_axis',(0.,0.,-1.));
#8995=DIRECTION('ref_axis',(1.,0.,0.));
#8996=DIRECTION('center_axis',(0.,0.,1.));
#8997=DIRECTION('ref_axis',(1.,0.,0.));
#8998=DIRECTION('center_axis',(0.,0.,1.));
#8999=DIRECTION('ref_axis',(1.,0.,0.));
#9000=DIRECTION('',(0.,0.,1.));
#9001=DIRECTION('center_axis',(0.,0.,-1.));
#9002=DIRECTION('ref_axis',(1.,0.,0.));
#9003=DIRECTION('center_axis',(0.,0.,1.));
#9004=DIRECTION('ref_axis',(1.,0.,0.));
#9005=DIRECTION('center_axis',(0.,0.,1.));
#9006=DIRECTION('ref_axis',(1.,0.,0.));
#9007=DIRECTION('',(0.,0.,1.));
#9008=DIRECTION('center_axis',(0.,0.,-1.));
#9009=DIRECTION('ref_axis',(1.,0.,0.));
#9010=DIRECTION('center_axis',(0.,0.,1.));
#9011=DIRECTION('ref_axis',(1.,0.,0.));
#9012=DIRECTION('center_axis',(0.,0.,1.));
#9013=DIRECTION('ref_axis',(1.,0.,0.));
#9014=DIRECTION('',(0.,0.,1.));
#9015=DIRECTION('center_axis',(0.,0.,-1.));
#9016=DIRECTION('ref_axis',(1.,0.,0.));
#9017=DIRECTION('center_axis',(0.,0.,1.));
#9018=DIRECTION('ref_axis',(1.,0.,0.));
#9019=DIRECTION('center_axis',(0.,0.,1.));
#9020=DIRECTION('ref_axis',(1.,0.,0.));
#9021=DIRECTION('',(0.,0.,1.));
#9022=DIRECTION('center_axis',(0.,0.,-1.));
#9023=DIRECTION('ref_axis',(1.,0.,0.));
#9024=DIRECTION('center_axis',(0.,0.,1.));
#9025=DIRECTION('ref_axis',(1.,0.,0.));
#9026=DIRECTION('center_axis',(0.,0.,1.));
#9027=DIRECTION('ref_axis',(1.,0.,0.));
#9028=DIRECTION('',(0.,0.,1.));
#9029=DIRECTION('center_axis',(0.,0.,-1.));
#9030=DIRECTION('ref_axis',(1.,0.,0.));
#9031=DIRECTION('center_axis',(0.,0.,1.));
#9032=DIRECTION('ref_axis',(1.,0.,0.));
#9033=DIRECTION('center_axis',(0.,0.,1.));
#9034=DIRECTION('ref_axis',(1.,0.,0.));
#9035=DIRECTION('',(0.,0.,1.));
#9036=DIRECTION('center_axis',(0.,0.,-1.));
#9037=DIRECTION('ref_axis',(1.,0.,0.));
#9038=DIRECTION('center_axis',(0.,0.,1.));
#9039=DIRECTION('ref_axis',(1.,0.,0.));
#9040=DIRECTION('center_axis',(0.,0.,1.));
#9041=DIRECTION('ref_axis',(1.,0.,0.));
#9042=DIRECTION('',(0.,0.,1.));
#9043=DIRECTION('center_axis',(0.,0.,-1.));
#9044=DIRECTION('ref_axis',(1.,0.,0.));
#9045=DIRECTION('center_axis',(0.,0.,1.));
#9046=DIRECTION('ref_axis',(1.,0.,0.));
#9047=DIRECTION('center_axis',(0.,0.,1.));
#9048=DIRECTION('ref_axis',(1.,0.,0.));
#9049=DIRECTION('',(0.,0.,1.));
#9050=DIRECTION('center_axis',(0.,0.,-1.));
#9051=DIRECTION('ref_axis',(1.,0.,0.));
#9052=DIRECTION('center_axis',(0.,0.,1.));
#9053=DIRECTION('ref_axis',(1.,0.,0.));
#9054=DIRECTION('center_axis',(0.,0.,1.));
#9055=DIRECTION('ref_axis',(1.,0.,0.));
#9056=DIRECTION('',(0.,0.,1.));
#9057=DIRECTION('center_axis',(0.,0.,-1.));
#9058=DIRECTION('ref_axis',(1.,0.,0.));
#9059=DIRECTION('center_axis',(0.,0.,1.));
#9060=DIRECTION('ref_axis',(1.,0.,0.));
#9061=DIRECTION('center_axis',(0.,0.,1.));
#9062=DIRECTION('ref_axis',(1.,0.,0.));
#9063=DIRECTION('',(0.,0.,1.));
#9064=DIRECTION('center_axis',(0.,0.,-1.));
#9065=DIRECTION('ref_axis',(1.,0.,0.));
#9066=DIRECTION('center_axis',(0.,0.,1.));
#9067=DIRECTION('ref_axis',(1.,0.,0.));
#9068=DIRECTION('center_axis',(0.,0.,1.));
#9069=DIRECTION('ref_axis',(1.,0.,0.));
#9070=DIRECTION('',(0.,0.,1.));
#9071=DIRECTION('center_axis',(0.,0.,-1.));
#9072=DIRECTION('ref_axis',(1.,0.,0.));
#9073=DIRECTION('center_axis',(0.,0.,1.));
#9074=DIRECTION('ref_axis',(1.,0.,0.));
#9075=DIRECTION('center_axis',(0.,0.,1.));
#9076=DIRECTION('ref_axis',(1.,0.,0.));
#9077=DIRECTION('',(0.,0.,1.));
#9078=DIRECTION('center_axis',(0.,0.,-1.));
#9079=DIRECTION('ref_axis',(1.,0.,0.));
#9080=DIRECTION('center_axis',(0.,0.,1.));
#9081=DIRECTION('ref_axis',(1.,0.,0.));
#9082=DIRECTION('center_axis',(0.,0.,1.));
#9083=DIRECTION('ref_axis',(1.,0.,0.));
#9084=DIRECTION('',(0.,0.,1.));
#9085=DIRECTION('center_axis',(0.,0.,-1.));
#9086=DIRECTION('ref_axis',(1.,0.,0.));
#9087=DIRECTION('center_axis',(0.,0.,1.));
#9088=DIRECTION('ref_axis',(1.,0.,0.));
#9089=DIRECTION('center_axis',(0.,0.,1.));
#9090=DIRECTION('ref_axis',(1.,0.,0.));
#9091=DIRECTION('',(0.,0.,1.));
#9092=DIRECTION('center_axis',(0.,0.,-1.));
#9093=DIRECTION('ref_axis',(1.,0.,0.));
#9094=DIRECTION('center_axis',(0.,0.,1.));
#9095=DIRECTION('ref_axis',(1.,0.,0.));
#9096=DIRECTION('center_axis',(0.,0.,1.));
#9097=DIRECTION('ref_axis',(1.,0.,0.));
#9098=DIRECTION('',(0.,0.,1.));
#9099=DIRECTION('center_axis',(0.,0.,-1.));
#9100=DIRECTION('ref_axis',(1.,0.,0.));
#9101=DIRECTION('center_axis',(0.,0.,1.));
#9102=DIRECTION('ref_axis',(1.,0.,0.));
#9103=DIRECTION('center_axis',(0.,0.,1.));
#9104=DIRECTION('ref_axis',(1.,0.,0.));
#9105=DIRECTION('',(0.,0.,1.));
#9106=DIRECTION('center_axis',(0.,0.,-1.));
#9107=DIRECTION('ref_axis',(1.,0.,0.));
#9108=DIRECTION('center_axis',(0.,0.,1.));
#9109=DIRECTION('ref_axis',(1.,0.,0.));
#9110=DIRECTION('center_axis',(0.,0.,1.));
#9111=DIRECTION('ref_axis',(1.,0.,0.));
#9112=DIRECTION('',(0.,0.,1.));
#9113=DIRECTION('center_axis',(0.,0.,-1.));
#9114=DIRECTION('ref_axis',(1.,0.,0.));
#9115=DIRECTION('center_axis',(0.,0.,1.));
#9116=DIRECTION('ref_axis',(1.,0.,0.));
#9117=DIRECTION('center_axis',(0.,0.,1.));
#9118=DIRECTION('ref_axis',(1.,0.,0.));
#9119=DIRECTION('',(0.,0.,1.));
#9120=DIRECTION('center_axis',(0.,0.,-1.));
#9121=DIRECTION('ref_axis',(1.,0.,0.));
#9122=DIRECTION('center_axis',(0.,0.,1.));
#9123=DIRECTION('ref_axis',(1.,0.,0.));
#9124=DIRECTION('center_axis',(0.,0.,1.));
#9125=DIRECTION('ref_axis',(1.,0.,0.));
#9126=DIRECTION('',(0.,0.,1.));
#9127=DIRECTION('center_axis',(0.,0.,-1.));
#9128=DIRECTION('ref_axis',(1.,0.,0.));
#9129=DIRECTION('center_axis',(0.,0.,1.));
#9130=DIRECTION('ref_axis',(1.,0.,0.));
#9131=DIRECTION('center_axis',(0.,0.,1.));
#9132=DIRECTION('ref_axis',(1.,0.,0.));
#9133=DIRECTION('',(0.,0.,1.));
#9134=DIRECTION('center_axis',(0.,0.,-1.));
#9135=DIRECTION('ref_axis',(1.,0.,0.));
#9136=DIRECTION('center_axis',(0.,0.,1.));
#9137=DIRECTION('ref_axis',(1.,0.,0.));
#9138=DIRECTION('center_axis',(0.,0.,1.));
#9139=DIRECTION('ref_axis',(1.,0.,0.));
#9140=DIRECTION('',(0.,0.,1.));
#9141=DIRECTION('center_axis',(0.,0.,-1.));
#9142=DIRECTION('ref_axis',(1.,0.,0.));
#9143=DIRECTION('center_axis',(0.,0.,1.));
#9144=DIRECTION('ref_axis',(1.,0.,0.));
#9145=DIRECTION('center_axis',(0.,0.,1.));
#9146=DIRECTION('ref_axis',(1.,0.,0.));
#9147=DIRECTION('',(0.,0.,1.));
#9148=DIRECTION('center_axis',(0.,0.,-1.));
#9149=DIRECTION('ref_axis',(1.,0.,0.));
#9150=DIRECTION('center_axis',(0.,0.,1.));
#9151=DIRECTION('ref_axis',(1.,0.,0.));
#9152=DIRECTION('center_axis',(0.,0.,1.));
#9153=DIRECTION('ref_axis',(1.,0.,0.));
#9154=DIRECTION('',(0.,0.,1.));
#9155=DIRECTION('center_axis',(0.,0.,-1.));
#9156=DIRECTION('ref_axis',(1.,0.,0.));
#9157=DIRECTION('center_axis',(0.,0.,1.));
#9158=DIRECTION('ref_axis',(1.,0.,0.));
#9159=DIRECTION('center_axis',(0.,0.,1.));
#9160=DIRECTION('ref_axis',(1.,0.,0.));
#9161=DIRECTION('',(0.,0.,1.));
#9162=DIRECTION('center_axis',(0.,0.,-1.));
#9163=DIRECTION('ref_axis',(1.,0.,0.));
#9164=DIRECTION('center_axis',(0.,0.,1.));
#9165=DIRECTION('ref_axis',(1.,0.,0.));
#9166=DIRECTION('center_axis',(0.,0.,1.));
#9167=DIRECTION('ref_axis',(1.,0.,0.));
#9168=DIRECTION('',(0.,0.,1.));
#9169=DIRECTION('center_axis',(0.,0.,-1.));
#9170=DIRECTION('ref_axis',(1.,0.,0.));
#9171=DIRECTION('center_axis',(0.,0.,1.));
#9172=DIRECTION('ref_axis',(1.,0.,0.));
#9173=DIRECTION('center_axis',(0.,0.,1.));
#9174=DIRECTION('ref_axis',(1.,0.,0.));
#9175=DIRECTION('',(0.,0.,1.));
#9176=DIRECTION('center_axis',(0.,0.,-1.));
#9177=DIRECTION('ref_axis',(1.,0.,0.));
#9178=DIRECTION('center_axis',(0.,0.,1.));
#9179=DIRECTION('ref_axis',(1.,0.,0.));
#9180=DIRECTION('center_axis',(0.,0.,1.));
#9181=DIRECTION('ref_axis',(1.,0.,0.));
#9182=DIRECTION('',(0.,0.,1.));
#9183=DIRECTION('center_axis',(0.,0.,-1.));
#9184=DIRECTION('ref_axis',(1.,0.,0.));
#9185=DIRECTION('center_axis',(0.,0.,1.));
#9186=DIRECTION('ref_axis',(1.,0.,0.));
#9187=DIRECTION('center_axis',(0.,0.,1.));
#9188=DIRECTION('ref_axis',(1.,0.,0.));
#9189=DIRECTION('',(0.,0.,1.));
#9190=DIRECTION('center_axis',(0.,0.,-1.));
#9191=DIRECTION('ref_axis',(1.,0.,0.));
#9192=DIRECTION('center_axis',(0.,0.,1.));
#9193=DIRECTION('ref_axis',(1.,0.,0.));
#9194=DIRECTION('center_axis',(0.,0.,1.));
#9195=DIRECTION('ref_axis',(1.,0.,0.));
#9196=DIRECTION('',(0.,0.,1.));
#9197=DIRECTION('center_axis',(0.,0.,-1.));
#9198=DIRECTION('ref_axis',(1.,0.,0.));
#9199=DIRECTION('center_axis',(0.,0.,1.));
#9200=DIRECTION('ref_axis',(1.,0.,0.));
#9201=DIRECTION('center_axis',(0.,0.,1.));
#9202=DIRECTION('ref_axis',(1.,0.,0.));
#9203=DIRECTION('',(0.,0.,1.));
#9204=DIRECTION('center_axis',(0.,0.,-1.));
#9205=DIRECTION('ref_axis',(1.,0.,0.));
#9206=DIRECTION('center_axis',(0.,0.,1.));
#9207=DIRECTION('ref_axis',(1.,0.,0.));
#9208=DIRECTION('center_axis',(0.,0.,1.));
#9209=DIRECTION('ref_axis',(1.,0.,0.));
#9210=DIRECTION('',(0.,0.,1.));
#9211=DIRECTION('center_axis',(0.,0.,-1.));
#9212=DIRECTION('ref_axis',(1.,0.,0.));
#9213=DIRECTION('center_axis',(0.,0.,1.));
#9214=DIRECTION('ref_axis',(1.,0.,0.));
#9215=DIRECTION('center_axis',(0.,0.,1.));
#9216=DIRECTION('ref_axis',(1.,0.,0.));
#9217=DIRECTION('',(0.,0.,1.));
#9218=DIRECTION('center_axis',(0.,0.,-1.));
#9219=DIRECTION('ref_axis',(1.,0.,0.));
#9220=DIRECTION('center_axis',(0.,0.,1.));
#9221=DIRECTION('ref_axis',(1.,0.,0.));
#9222=DIRECTION('center_axis',(0.,0.,1.));
#9223=DIRECTION('ref_axis',(1.,0.,0.));
#9224=DIRECTION('',(0.,0.,1.));
#9225=DIRECTION('center_axis',(0.,0.,-1.));
#9226=DIRECTION('ref_axis',(1.,0.,0.));
#9227=DIRECTION('center_axis',(0.,0.,1.));
#9228=DIRECTION('ref_axis',(1.,0.,0.));
#9229=DIRECTION('center_axis',(0.,0.,1.));
#9230=DIRECTION('ref_axis',(1.,0.,0.));
#9231=DIRECTION('',(0.,0.,1.));
#9232=DIRECTION('center_axis',(0.,0.,-1.));
#9233=DIRECTION('ref_axis',(1.,0.,0.));
#9234=DIRECTION('center_axis',(0.,0.,1.));
#9235=DIRECTION('ref_axis',(1.,0.,0.));
#9236=DIRECTION('center_axis',(0.,0.,1.));
#9237=DIRECTION('ref_axis',(1.,0.,0.));
#9238=DIRECTION('',(0.,0.,1.));
#9239=DIRECTION('center_axis',(0.,0.,-1.));
#9240=DIRECTION('ref_axis',(1.,0.,0.));
#9241=DIRECTION('center_axis',(0.,0.,1.));
#9242=DIRECTION('ref_axis',(1.,0.,0.));
#9243=DIRECTION('center_axis',(0.,0.,1.));
#9244=DIRECTION('ref_axis',(1.,0.,0.));
#9245=DIRECTION('',(0.,0.,1.));
#9246=DIRECTION('center_axis',(0.,0.,-1.));
#9247=DIRECTION('ref_axis',(1.,0.,0.));
#9248=DIRECTION('center_axis',(0.,0.,1.));
#9249=DIRECTION('ref_axis',(1.,0.,0.));
#9250=DIRECTION('center_axis',(0.,0.,1.));
#9251=DIRECTION('ref_axis',(1.,0.,0.));
#9252=DIRECTION('',(0.,0.,1.));
#9253=DIRECTION('center_axis',(0.,0.,-1.));
#9254=DIRECTION('ref_axis',(1.,0.,0.));
#9255=DIRECTION('center_axis',(0.,0.,1.));
#9256=DIRECTION('ref_axis',(1.,0.,0.));
#9257=DIRECTION('center_axis',(0.,0.,1.));
#9258=DIRECTION('ref_axis',(1.,0.,0.));
#9259=DIRECTION('',(0.,0.,1.));
#9260=DIRECTION('center_axis',(0.,0.,-1.));
#9261=DIRECTION('ref_axis',(1.,0.,0.));
#9262=DIRECTION('center_axis',(0.,0.,1.));
#9263=DIRECTION('ref_axis',(1.,0.,0.));
#9264=DIRECTION('center_axis',(0.,0.,1.));
#9265=DIRECTION('ref_axis',(1.,0.,0.));
#9266=DIRECTION('',(0.,0.,1.));
#9267=DIRECTION('center_axis',(0.,0.,-1.));
#9268=DIRECTION('ref_axis',(1.,0.,0.));
#9269=DIRECTION('center_axis',(0.,0.,1.));
#9270=DIRECTION('ref_axis',(1.,0.,0.));
#9271=DIRECTION('center_axis',(0.,0.,1.));
#9272=DIRECTION('ref_axis',(1.,0.,0.));
#9273=DIRECTION('',(0.,0.,1.));
#9274=DIRECTION('center_axis',(0.,0.,-1.));
#9275=DIRECTION('ref_axis',(1.,0.,0.));
#9276=DIRECTION('center_axis',(0.,0.,1.));
#9277=DIRECTION('ref_axis',(1.,0.,0.));
#9278=DIRECTION('center_axis',(0.,0.,1.));
#9279=DIRECTION('ref_axis',(1.,0.,0.));
#9280=DIRECTION('',(0.,0.,1.));
#9281=DIRECTION('center_axis',(0.,0.,-1.));
#9282=DIRECTION('ref_axis',(1.,0.,0.));
#9283=DIRECTION('center_axis',(0.,0.,1.));
#9284=DIRECTION('ref_axis',(1.,0.,0.));
#9285=DIRECTION('center_axis',(0.,0.,1.));
#9286=DIRECTION('ref_axis',(1.,0.,0.));
#9287=DIRECTION('',(0.,0.,1.));
#9288=DIRECTION('center_axis',(0.,0.,-1.));
#9289=DIRECTION('ref_axis',(1.,0.,0.));
#9290=DIRECTION('center_axis',(0.,0.,1.));
#9291=DIRECTION('ref_axis',(1.,0.,0.));
#9292=DIRECTION('center_axis',(0.,0.,1.));
#9293=DIRECTION('ref_axis',(1.,0.,0.));
#9294=DIRECTION('',(0.,0.,1.));
#9295=DIRECTION('center_axis',(0.,0.,-1.));
#9296=DIRECTION('ref_axis',(1.,0.,0.));
#9297=DIRECTION('center_axis',(0.,0.,1.));
#9298=DIRECTION('ref_axis',(1.,0.,0.));
#9299=DIRECTION('center_axis',(0.,0.,1.));
#9300=DIRECTION('ref_axis',(1.,0.,0.));
#9301=DIRECTION('',(0.,0.,1.));
#9302=DIRECTION('center_axis',(0.,0.,-1.));
#9303=DIRECTION('ref_axis',(1.,0.,0.));
#9304=DIRECTION('center_axis',(0.,0.,1.));
#9305=DIRECTION('ref_axis',(1.,0.,0.));
#9306=DIRECTION('center_axis',(0.,0.,1.));
#9307=DIRECTION('ref_axis',(1.,0.,0.));
#9308=DIRECTION('',(0.,0.,1.));
#9309=DIRECTION('center_axis',(0.,0.,-1.));
#9310=DIRECTION('ref_axis',(1.,0.,0.));
#9311=DIRECTION('center_axis',(0.,0.,1.));
#9312=DIRECTION('ref_axis',(1.,0.,0.));
#9313=DIRECTION('center_axis',(0.,0.,1.));
#9314=DIRECTION('ref_axis',(1.,0.,0.));
#9315=DIRECTION('',(0.,0.,1.));
#9316=DIRECTION('center_axis',(0.,0.,-1.));
#9317=DIRECTION('ref_axis',(1.,0.,0.));
#9318=DIRECTION('center_axis',(0.,0.,1.));
#9319=DIRECTION('ref_axis',(1.,0.,0.));
#9320=DIRECTION('center_axis',(0.,0.,1.));
#9321=DIRECTION('ref_axis',(1.,0.,0.));
#9322=DIRECTION('',(0.,0.,1.));
#9323=DIRECTION('center_axis',(0.,0.,-1.));
#9324=DIRECTION('ref_axis',(1.,0.,0.));
#9325=DIRECTION('center_axis',(0.,0.,1.));
#9326=DIRECTION('ref_axis',(1.,0.,0.));
#9327=DIRECTION('center_axis',(0.,0.,1.));
#9328=DIRECTION('ref_axis',(1.,0.,0.));
#9329=DIRECTION('',(0.,0.,1.));
#9330=DIRECTION('center_axis',(0.,0.,-1.));
#9331=DIRECTION('ref_axis',(1.,0.,0.));
#9332=DIRECTION('center_axis',(0.,0.,1.));
#9333=DIRECTION('ref_axis',(1.,0.,0.));
#9334=DIRECTION('center_axis',(0.,0.,1.));
#9335=DIRECTION('ref_axis',(1.,0.,0.));
#9336=DIRECTION('',(0.,0.,1.));
#9337=DIRECTION('center_axis',(0.,0.,-1.));
#9338=DIRECTION('ref_axis',(1.,0.,0.));
#9339=DIRECTION('center_axis',(0.,0.,1.));
#9340=DIRECTION('ref_axis',(1.,0.,0.));
#9341=DIRECTION('center_axis',(0.,0.,1.));
#9342=DIRECTION('ref_axis',(1.,0.,0.));
#9343=DIRECTION('',(0.,0.,1.));
#9344=DIRECTION('center_axis',(0.,0.,-1.));
#9345=DIRECTION('ref_axis',(1.,0.,0.));
#9346=DIRECTION('center_axis',(0.,0.,1.));
#9347=DIRECTION('ref_axis',(1.,0.,0.));
#9348=DIRECTION('center_axis',(0.,0.,1.));
#9349=DIRECTION('ref_axis',(1.,0.,0.));
#9350=DIRECTION('',(0.,0.,1.));
#9351=DIRECTION('center_axis',(0.,0.,-1.));
#9352=DIRECTION('ref_axis',(1.,0.,0.));
#9353=DIRECTION('center_axis',(0.,0.,1.));
#9354=DIRECTION('ref_axis',(1.,0.,0.));
#9355=DIRECTION('center_axis',(0.,0.,1.));
#9356=DIRECTION('ref_axis',(1.,0.,0.));
#9357=DIRECTION('',(0.,0.,1.));
#9358=DIRECTION('center_axis',(0.,0.,-1.));
#9359=DIRECTION('ref_axis',(1.,0.,0.));
#9360=DIRECTION('center_axis',(0.,0.,1.));
#9361=DIRECTION('ref_axis',(1.,0.,0.));
#9362=DIRECTION('center_axis',(0.,0.,1.));
#9363=DIRECTION('ref_axis',(1.,0.,0.));
#9364=DIRECTION('',(0.,0.,1.));
#9365=DIRECTION('center_axis',(0.,0.,-1.));
#9366=DIRECTION('ref_axis',(1.,0.,0.));
#9367=DIRECTION('center_axis',(0.,0.,1.));
#9368=DIRECTION('ref_axis',(1.,0.,0.));
#9369=DIRECTION('center_axis',(0.,0.,1.));
#9370=DIRECTION('ref_axis',(1.,0.,0.));
#9371=DIRECTION('',(0.,0.,1.));
#9372=DIRECTION('center_axis',(0.,0.,-1.));
#9373=DIRECTION('ref_axis',(1.,0.,0.));
#9374=DIRECTION('center_axis',(0.,0.,1.));
#9375=DIRECTION('ref_axis',(1.,0.,0.));
#9376=DIRECTION('center_axis',(0.,0.,1.));
#9377=DIRECTION('ref_axis',(1.,0.,0.));
#9378=DIRECTION('',(0.,0.,1.));
#9379=DIRECTION('center_axis',(0.,0.,-1.));
#9380=DIRECTION('ref_axis',(1.,0.,0.));
#9381=DIRECTION('center_axis',(0.,0.,1.));
#9382=DIRECTION('ref_axis',(1.,0.,0.));
#9383=DIRECTION('center_axis',(0.,0.,1.));
#9384=DIRECTION('ref_axis',(1.,0.,0.));
#9385=DIRECTION('',(0.,0.,1.));
#9386=DIRECTION('center_axis',(0.,0.,-1.));
#9387=DIRECTION('ref_axis',(1.,0.,0.));
#9388=DIRECTION('center_axis',(0.,0.,1.));
#9389=DIRECTION('ref_axis',(1.,0.,0.));
#9390=DIRECTION('center_axis',(0.,0.,1.));
#9391=DIRECTION('ref_axis',(1.,0.,0.));
#9392=DIRECTION('',(0.,0.,1.));
#9393=DIRECTION('center_axis',(0.,0.,-1.));
#9394=DIRECTION('ref_axis',(1.,0.,0.));
#9395=DIRECTION('center_axis',(0.,0.,1.));
#9396=DIRECTION('ref_axis',(1.,0.,0.));
#9397=DIRECTION('center_axis',(0.,0.,1.));
#9398=DIRECTION('ref_axis',(1.,0.,0.));
#9399=DIRECTION('',(0.,0.,1.));
#9400=DIRECTION('center_axis',(0.,0.,-1.));
#9401=DIRECTION('ref_axis',(1.,0.,0.));
#9402=DIRECTION('center_axis',(0.,0.,1.));
#9403=DIRECTION('ref_axis',(1.,0.,0.));
#9404=DIRECTION('center_axis',(0.,0.,1.));
#9405=DIRECTION('ref_axis',(1.,0.,0.));
#9406=DIRECTION('',(0.,0.,1.));
#9407=DIRECTION('center_axis',(0.,0.,-1.));
#9408=DIRECTION('ref_axis',(1.,0.,0.));
#9409=DIRECTION('center_axis',(0.,0.,1.));
#9410=DIRECTION('ref_axis',(1.,0.,0.));
#9411=DIRECTION('center_axis',(0.,0.,1.));
#9412=DIRECTION('ref_axis',(1.,0.,0.));
#9413=DIRECTION('',(0.,0.,1.));
#9414=DIRECTION('center_axis',(0.,0.,-1.));
#9415=DIRECTION('ref_axis',(1.,0.,0.));
#9416=DIRECTION('center_axis',(0.,0.,1.));
#9417=DIRECTION('ref_axis',(1.,0.,0.));
#9418=DIRECTION('center_axis',(0.,0.,1.));
#9419=DIRECTION('ref_axis',(1.,0.,0.));
#9420=DIRECTION('',(0.,0.,1.));
#9421=DIRECTION('center_axis',(0.,0.,-1.));
#9422=DIRECTION('ref_axis',(1.,0.,0.));
#9423=DIRECTION('center_axis',(0.,0.,1.));
#9424=DIRECTION('ref_axis',(1.,0.,0.));
#9425=DIRECTION('center_axis',(0.,0.,1.));
#9426=DIRECTION('ref_axis',(1.,0.,0.));
#9427=DIRECTION('',(0.,0.,1.));
#9428=DIRECTION('center_axis',(0.,0.,-1.));
#9429=DIRECTION('ref_axis',(1.,0.,0.));
#9430=DIRECTION('center_axis',(0.,0.,1.));
#9431=DIRECTION('ref_axis',(1.,0.,0.));
#9432=DIRECTION('center_axis',(0.,0.,1.));
#9433=DIRECTION('ref_axis',(1.,0.,0.));
#9434=DIRECTION('',(0.,0.,1.));
#9435=DIRECTION('center_axis',(0.,0.,-1.));
#9436=DIRECTION('ref_axis',(1.,0.,0.));
#9437=DIRECTION('center_axis',(0.,0.,1.));
#9438=DIRECTION('ref_axis',(1.,0.,0.));
#9439=DIRECTION('center_axis',(0.,0.,1.));
#9440=DIRECTION('ref_axis',(1.,0.,0.));
#9441=DIRECTION('',(0.,0.,1.));
#9442=DIRECTION('center_axis',(0.,0.,-1.));
#9443=DIRECTION('ref_axis',(1.,0.,0.));
#9444=DIRECTION('center_axis',(0.,0.,1.));
#9445=DIRECTION('ref_axis',(1.,0.,0.));
#9446=DIRECTION('center_axis',(0.,0.,1.));
#9447=DIRECTION('ref_axis',(1.,0.,0.));
#9448=DIRECTION('',(0.,0.,1.));
#9449=DIRECTION('center_axis',(0.,0.,-1.));
#9450=DIRECTION('ref_axis',(1.,0.,0.));
#9451=DIRECTION('center_axis',(0.,0.,1.));
#9452=DIRECTION('ref_axis',(1.,0.,0.));
#9453=DIRECTION('center_axis',(0.,0.,1.));
#9454=DIRECTION('ref_axis',(1.,0.,0.));
#9455=DIRECTION('',(0.,0.,1.));
#9456=DIRECTION('center_axis',(0.,0.,-1.));
#9457=DIRECTION('ref_axis',(1.,0.,0.));
#9458=DIRECTION('center_axis',(0.,0.,1.));
#9459=DIRECTION('ref_axis',(1.,0.,0.));
#9460=DIRECTION('center_axis',(0.,0.,1.));
#9461=DIRECTION('ref_axis',(1.,0.,0.));
#9462=DIRECTION('',(0.,0.,1.));
#9463=DIRECTION('center_axis',(0.,0.,-1.));
#9464=DIRECTION('ref_axis',(1.,0.,0.));
#9465=DIRECTION('center_axis',(0.,0.,1.));
#9466=DIRECTION('ref_axis',(1.,0.,0.));
#9467=DIRECTION('center_axis',(0.,0.,1.));
#9468=DIRECTION('ref_axis',(1.,0.,0.));
#9469=DIRECTION('',(0.,0.,1.));
#9470=DIRECTION('center_axis',(0.,0.,-1.));
#9471=DIRECTION('ref_axis',(1.,0.,0.));
#9472=DIRECTION('center_axis',(0.,0.,1.));
#9473=DIRECTION('ref_axis',(1.,0.,0.));
#9474=DIRECTION('center_axis',(0.,0.,1.));
#9475=DIRECTION('ref_axis',(1.,0.,0.));
#9476=DIRECTION('',(0.,0.,1.));
#9477=DIRECTION('center_axis',(0.,0.,-1.));
#9478=DIRECTION('ref_axis',(1.,0.,0.));
#9479=DIRECTION('center_axis',(0.,0.,1.));
#9480=DIRECTION('ref_axis',(1.,0.,0.));
#9481=DIRECTION('center_axis',(0.,0.,1.));
#9482=DIRECTION('ref_axis',(1.,0.,0.));
#9483=DIRECTION('',(0.,0.,1.));
#9484=DIRECTION('center_axis',(0.,0.,-1.));
#9485=DIRECTION('ref_axis',(1.,0.,0.));
#9486=DIRECTION('center_axis',(0.,0.,1.));
#9487=DIRECTION('ref_axis',(1.,0.,0.));
#9488=DIRECTION('center_axis',(0.,0.,1.));
#9489=DIRECTION('ref_axis',(1.,0.,0.));
#9490=DIRECTION('',(0.,0.,1.));
#9491=DIRECTION('center_axis',(0.,0.,-1.));
#9492=DIRECTION('ref_axis',(1.,0.,0.));
#9493=DIRECTION('center_axis',(0.,0.,1.));
#9494=DIRECTION('ref_axis',(1.,0.,0.));
#9495=DIRECTION('center_axis',(0.,0.,1.));
#9496=DIRECTION('ref_axis',(1.,0.,0.));
#9497=DIRECTION('',(0.,0.,1.));
#9498=DIRECTION('center_axis',(0.,0.,-1.));
#9499=DIRECTION('ref_axis',(1.,0.,0.));
#9500=DIRECTION('center_axis',(0.,0.,1.));
#9501=DIRECTION('ref_axis',(1.,0.,0.));
#9502=DIRECTION('center_axis',(0.,0.,1.));
#9503=DIRECTION('ref_axis',(1.,0.,0.));
#9504=DIRECTION('',(0.,0.,1.));
#9505=DIRECTION('center_axis',(0.,0.,-1.));
#9506=DIRECTION('ref_axis',(1.,0.,0.));
#9507=DIRECTION('center_axis',(0.,0.,1.));
#9508=DIRECTION('ref_axis',(1.,0.,0.));
#9509=DIRECTION('center_axis',(0.,0.,1.));
#9510=DIRECTION('ref_axis',(1.,0.,0.));
#9511=DIRECTION('',(0.,0.,1.));
#9512=DIRECTION('center_axis',(0.,0.,-1.));
#9513=DIRECTION('ref_axis',(1.,0.,0.));
#9514=DIRECTION('center_axis',(0.,0.,1.));
#9515=DIRECTION('ref_axis',(1.,0.,0.));
#9516=DIRECTION('center_axis',(0.,0.,1.));
#9517=DIRECTION('ref_axis',(1.,0.,0.));
#9518=DIRECTION('',(0.,0.,1.));
#9519=DIRECTION('center_axis',(0.,0.,-1.));
#9520=DIRECTION('ref_axis',(1.,0.,0.));
#9521=DIRECTION('center_axis',(0.,0.,1.));
#9522=DIRECTION('ref_axis',(1.,0.,0.));
#9523=DIRECTION('center_axis',(0.,0.,1.));
#9524=DIRECTION('ref_axis',(1.,0.,0.));
#9525=DIRECTION('',(0.,0.,1.));
#9526=DIRECTION('center_axis',(0.,0.,-1.));
#9527=DIRECTION('ref_axis',(1.,0.,0.));
#9528=DIRECTION('center_axis',(0.,0.,1.));
#9529=DIRECTION('ref_axis',(1.,0.,0.));
#9530=DIRECTION('center_axis',(0.,0.,1.));
#9531=DIRECTION('ref_axis',(1.,0.,0.));
#9532=DIRECTION('',(0.,0.,1.));
#9533=DIRECTION('center_axis',(0.,0.,-1.));
#9534=DIRECTION('ref_axis',(1.,0.,0.));
#9535=DIRECTION('center_axis',(0.,0.,1.));
#9536=DIRECTION('ref_axis',(1.,0.,0.));
#9537=DIRECTION('center_axis',(0.,0.,1.));
#9538=DIRECTION('ref_axis',(1.,0.,0.));
#9539=DIRECTION('',(0.,0.,1.));
#9540=DIRECTION('center_axis',(0.,0.,-1.));
#9541=DIRECTION('ref_axis',(1.,0.,0.));
#9542=DIRECTION('center_axis',(0.,0.,1.));
#9543=DIRECTION('ref_axis',(1.,0.,0.));
#9544=DIRECTION('center_axis',(0.,0.,1.));
#9545=DIRECTION('ref_axis',(1.,0.,0.));
#9546=DIRECTION('',(0.,0.,1.));
#9547=DIRECTION('center_axis',(0.,0.,-1.));
#9548=DIRECTION('ref_axis',(1.,0.,0.));
#9549=DIRECTION('center_axis',(0.,0.,1.));
#9550=DIRECTION('ref_axis',(1.,0.,0.));
#9551=DIRECTION('center_axis',(0.,0.,1.));
#9552=DIRECTION('ref_axis',(1.,0.,0.));
#9553=DIRECTION('',(0.,0.,1.));
#9554=DIRECTION('center_axis',(0.,0.,-1.));
#9555=DIRECTION('ref_axis',(1.,0.,0.));
#9556=DIRECTION('center_axis',(0.,0.,1.));
#9557=DIRECTION('ref_axis',(1.,0.,0.));
#9558=DIRECTION('center_axis',(0.,0.,1.));
#9559=DIRECTION('ref_axis',(1.,0.,0.));
#9560=DIRECTION('',(0.,0.,1.));
#9561=DIRECTION('center_axis',(0.,0.,-1.));
#9562=DIRECTION('ref_axis',(1.,0.,0.));
#9563=DIRECTION('center_axis',(0.,0.,1.));
#9564=DIRECTION('ref_axis',(1.,0.,0.));
#9565=DIRECTION('center_axis',(0.,0.,1.));
#9566=DIRECTION('ref_axis',(1.,0.,0.));
#9567=DIRECTION('',(0.,0.,1.));
#9568=DIRECTION('center_axis',(0.,0.,-1.));
#9569=DIRECTION('ref_axis',(1.,0.,0.));
#9570=DIRECTION('center_axis',(0.,0.,1.));
#9571=DIRECTION('ref_axis',(1.,0.,0.));
#9572=DIRECTION('center_axis',(0.,0.,1.));
#9573=DIRECTION('ref_axis',(1.,0.,0.));
#9574=DIRECTION('',(0.,0.,1.));
#9575=DIRECTION('center_axis',(0.,0.,-1.));
#9576=DIRECTION('ref_axis',(1.,0.,0.));
#9577=DIRECTION('center_axis',(0.,0.,1.));
#9578=DIRECTION('ref_axis',(1.,0.,0.));
#9579=DIRECTION('center_axis',(0.,0.,1.));
#9580=DIRECTION('ref_axis',(1.,0.,0.));
#9581=DIRECTION('',(0.,0.,1.));
#9582=DIRECTION('center_axis',(0.,0.,-1.));
#9583=DIRECTION('ref_axis',(1.,0.,0.));
#9584=DIRECTION('center_axis',(0.,0.,1.));
#9585=DIRECTION('ref_axis',(1.,0.,0.));
#9586=DIRECTION('center_axis',(0.,0.,1.));
#9587=DIRECTION('ref_axis',(1.,0.,0.));
#9588=DIRECTION('',(0.,0.,1.));
#9589=DIRECTION('center_axis',(0.,0.,-1.));
#9590=DIRECTION('ref_axis',(1.,0.,0.));
#9591=DIRECTION('center_axis',(0.,0.,1.));
#9592=DIRECTION('ref_axis',(1.,0.,0.));
#9593=DIRECTION('center_axis',(0.,0.,1.));
#9594=DIRECTION('ref_axis',(1.,0.,0.));
#9595=DIRECTION('',(0.,0.,1.));
#9596=DIRECTION('center_axis',(0.,0.,-1.));
#9597=DIRECTION('ref_axis',(1.,0.,0.));
#9598=DIRECTION('center_axis',(0.,0.,1.));
#9599=DIRECTION('ref_axis',(1.,0.,0.));
#9600=DIRECTION('center_axis',(0.,0.,1.));
#9601=DIRECTION('ref_axis',(1.,0.,0.));
#9602=DIRECTION('',(0.,0.,1.));
#9603=DIRECTION('center_axis',(0.,0.,-1.));
#9604=DIRECTION('ref_axis',(1.,0.,0.));
#9605=DIRECTION('center_axis',(0.,0.,1.));
#9606=DIRECTION('ref_axis',(1.,0.,0.));
#9607=DIRECTION('center_axis',(0.,0.,1.));
#9608=DIRECTION('ref_axis',(1.,0.,0.));
#9609=DIRECTION('',(0.,0.,1.));
#9610=DIRECTION('center_axis',(0.,0.,-1.));
#9611=DIRECTION('ref_axis',(1.,0.,0.));
#9612=DIRECTION('center_axis',(0.,0.,1.));
#9613=DIRECTION('ref_axis',(1.,0.,0.));
#9614=DIRECTION('center_axis',(0.,0.,1.));
#9615=DIRECTION('ref_axis',(1.,0.,0.));
#9616=DIRECTION('',(0.,0.,1.));
#9617=DIRECTION('center_axis',(0.,0.,-1.));
#9618=DIRECTION('ref_axis',(1.,0.,0.));
#9619=DIRECTION('center_axis',(0.,0.,1.));
#9620=DIRECTION('ref_axis',(1.,0.,0.));
#9621=DIRECTION('center_axis',(0.,0.,1.));
#9622=DIRECTION('ref_axis',(1.,0.,0.));
#9623=DIRECTION('',(0.,0.,1.));
#9624=DIRECTION('center_axis',(0.,0.,-1.));
#9625=DIRECTION('ref_axis',(1.,0.,0.));
#9626=DIRECTION('center_axis',(0.,0.,1.));
#9627=DIRECTION('ref_axis',(1.,0.,0.));
#9628=DIRECTION('center_axis',(0.,0.,1.));
#9629=DIRECTION('ref_axis',(1.,0.,0.));
#9630=DIRECTION('',(0.,0.,1.));
#9631=DIRECTION('center_axis',(0.,0.,-1.));
#9632=DIRECTION('ref_axis',(1.,0.,0.));
#9633=DIRECTION('center_axis',(0.,0.,1.));
#9634=DIRECTION('ref_axis',(1.,0.,0.));
#9635=DIRECTION('center_axis',(0.,0.,1.));
#9636=DIRECTION('ref_axis',(1.,0.,0.));
#9637=DIRECTION('',(0.,0.,1.));
#9638=DIRECTION('center_axis',(0.,0.,-1.));
#9639=DIRECTION('ref_axis',(1.,0.,0.));
#9640=DIRECTION('center_axis',(0.,0.,1.));
#9641=DIRECTION('ref_axis',(1.,0.,0.));
#9642=DIRECTION('center_axis',(0.,0.,1.));
#9643=DIRECTION('ref_axis',(1.,0.,0.));
#9644=DIRECTION('',(0.,0.,1.));
#9645=DIRECTION('center_axis',(0.,0.,-1.));
#9646=DIRECTION('ref_axis',(1.,0.,0.));
#9647=DIRECTION('center_axis',(0.,0.,1.));
#9648=DIRECTION('ref_axis',(1.,0.,0.));
#9649=DIRECTION('center_axis',(0.,0.,1.));
#9650=DIRECTION('ref_axis',(1.,0.,0.));
#9651=DIRECTION('',(0.,0.,1.));
#9652=DIRECTION('center_axis',(0.,0.,-1.));
#9653=DIRECTION('ref_axis',(1.,0.,0.));
#9654=DIRECTION('center_axis',(0.,0.,1.));
#9655=DIRECTION('ref_axis',(1.,0.,0.));
#9656=DIRECTION('center_axis',(0.,0.,1.));
#9657=DIRECTION('ref_axis',(1.,0.,0.));
#9658=DIRECTION('',(0.,0.,1.));
#9659=DIRECTION('center_axis',(0.,0.,-1.));
#9660=DIRECTION('ref_axis',(1.,0.,0.));
#9661=DIRECTION('center_axis',(0.,0.,1.));
#9662=DIRECTION('ref_axis',(1.,0.,0.));
#9663=DIRECTION('center_axis',(0.,0.,1.));
#9664=DIRECTION('ref_axis',(1.,0.,0.));
#9665=DIRECTION('',(0.,0.,1.));
#9666=DIRECTION('center_axis',(0.,0.,-1.));
#9667=DIRECTION('ref_axis',(1.,0.,0.));
#9668=DIRECTION('center_axis',(0.,0.,1.));
#9669=DIRECTION('ref_axis',(1.,0.,0.));
#9670=DIRECTION('center_axis',(0.,0.,1.));
#9671=DIRECTION('ref_axis',(1.,0.,0.));
#9672=DIRECTION('',(0.,0.,1.));
#9673=DIRECTION('center_axis',(0.,0.,-1.));
#9674=DIRECTION('ref_axis',(1.,0.,0.));
#9675=DIRECTION('center_axis',(0.,0.,1.));
#9676=DIRECTION('ref_axis',(1.,0.,0.));
#9677=DIRECTION('center_axis',(0.,0.,1.));
#9678=DIRECTION('ref_axis',(1.,0.,0.));
#9679=DIRECTION('',(0.,0.,1.));
#9680=DIRECTION('center_axis',(0.,0.,-1.));
#9681=DIRECTION('ref_axis',(1.,0.,0.));
#9682=DIRECTION('center_axis',(0.,0.,1.));
#9683=DIRECTION('ref_axis',(1.,0.,0.));
#9684=DIRECTION('center_axis',(0.,0.,1.));
#9685=DIRECTION('ref_axis',(1.,0.,0.));
#9686=DIRECTION('',(0.,0.,1.));
#9687=DIRECTION('center_axis',(0.,0.,-1.));
#9688=DIRECTION('ref_axis',(1.,0.,0.));
#9689=DIRECTION('center_axis',(0.,0.,1.));
#9690=DIRECTION('ref_axis',(1.,0.,0.));
#9691=DIRECTION('center_axis',(0.,0.,1.));
#9692=DIRECTION('ref_axis',(1.,0.,0.));
#9693=DIRECTION('',(0.,0.,1.));
#9694=DIRECTION('center_axis',(0.,0.,-1.));
#9695=DIRECTION('ref_axis',(1.,0.,0.));
#9696=DIRECTION('center_axis',(0.,0.,1.));
#9697=DIRECTION('ref_axis',(1.,0.,0.));
#9698=DIRECTION('center_axis',(0.,0.,1.));
#9699=DIRECTION('ref_axis',(1.,0.,0.));
#9700=DIRECTION('',(0.,0.,1.));
#9701=DIRECTION('center_axis',(0.,0.,-1.));
#9702=DIRECTION('ref_axis',(1.,0.,0.));
#9703=DIRECTION('center_axis',(0.,0.,1.));
#9704=DIRECTION('ref_axis',(1.,0.,0.));
#9705=DIRECTION('center_axis',(0.,0.,1.));
#9706=DIRECTION('ref_axis',(1.,0.,0.));
#9707=DIRECTION('',(0.,0.,1.));
#9708=DIRECTION('center_axis',(0.,0.,-1.));
#9709=DIRECTION('ref_axis',(1.,0.,0.));
#9710=DIRECTION('center_axis',(0.,0.,1.));
#9711=DIRECTION('ref_axis',(1.,0.,0.));
#9712=DIRECTION('center_axis',(0.,0.,1.));
#9713=DIRECTION('ref_axis',(1.,0.,0.));
#9714=DIRECTION('',(0.,0.,1.));
#9715=DIRECTION('center_axis',(0.,0.,-1.));
#9716=DIRECTION('ref_axis',(1.,0.,0.));
#9717=DIRECTION('center_axis',(0.,0.,1.));
#9718=DIRECTION('ref_axis',(1.,0.,0.));
#9719=DIRECTION('center_axis',(0.,0.,1.));
#9720=DIRECTION('ref_axis',(1.,0.,0.));
#9721=DIRECTION('',(0.,0.,1.));
#9722=DIRECTION('center_axis',(0.,0.,-1.));
#9723=DIRECTION('ref_axis',(1.,0.,0.));
#9724=DIRECTION('center_axis',(0.,0.,1.));
#9725=DIRECTION('ref_axis',(1.,0.,0.));
#9726=DIRECTION('center_axis',(0.,0.,1.));
#9727=DIRECTION('ref_axis',(1.,0.,0.));
#9728=DIRECTION('',(0.,0.,1.));
#9729=DIRECTION('center_axis',(0.,0.,-1.));
#9730=DIRECTION('ref_axis',(1.,0.,0.));
#9731=DIRECTION('center_axis',(0.,0.,1.));
#9732=DIRECTION('ref_axis',(1.,0.,0.));
#9733=DIRECTION('center_axis',(0.,0.,1.));
#9734=DIRECTION('ref_axis',(1.,0.,0.));
#9735=DIRECTION('',(0.,0.,1.));
#9736=DIRECTION('center_axis',(0.,0.,-1.));
#9737=DIRECTION('ref_axis',(1.,0.,0.));
#9738=DIRECTION('center_axis',(0.,0.,1.));
#9739=DIRECTION('ref_axis',(1.,0.,0.));
#9740=DIRECTION('center_axis',(0.,0.,1.));
#9741=DIRECTION('ref_axis',(1.,0.,0.));
#9742=DIRECTION('',(0.,0.,1.));
#9743=DIRECTION('center_axis',(0.,0.,-1.));
#9744=DIRECTION('ref_axis',(1.,0.,0.));
#9745=DIRECTION('center_axis',(0.,0.,1.));
#9746=DIRECTION('ref_axis',(1.,0.,0.));
#9747=DIRECTION('center_axis',(0.,0.,1.));
#9748=DIRECTION('ref_axis',(1.,0.,0.));
#9749=DIRECTION('',(0.,0.,1.));
#9750=DIRECTION('center_axis',(0.,0.,-1.));
#9751=DIRECTION('ref_axis',(1.,0.,0.));
#9752=DIRECTION('center_axis',(0.,0.,1.));
#9753=DIRECTION('ref_axis',(1.,0.,0.));
#9754=DIRECTION('center_axis',(0.,0.,1.));
#9755=DIRECTION('ref_axis',(1.,0.,0.));
#9756=DIRECTION('',(0.,0.,1.));
#9757=DIRECTION('center_axis',(0.,0.,-1.));
#9758=DIRECTION('ref_axis',(1.,0.,0.));
#9759=DIRECTION('center_axis',(0.,0.,1.));
#9760=DIRECTION('ref_axis',(1.,0.,0.));
#9761=DIRECTION('center_axis',(0.,0.,1.));
#9762=DIRECTION('ref_axis',(1.,0.,0.));
#9763=DIRECTION('',(0.,0.,1.));
#9764=DIRECTION('center_axis',(0.,0.,-1.));
#9765=DIRECTION('ref_axis',(1.,0.,0.));
#9766=DIRECTION('center_axis',(0.,0.,1.));
#9767=DIRECTION('ref_axis',(1.,0.,0.));
#9768=DIRECTION('center_axis',(0.,0.,1.));
#9769=DIRECTION('ref_axis',(1.,0.,0.));
#9770=DIRECTION('',(0.,0.,1.));
#9771=DIRECTION('center_axis',(0.,0.,-1.));
#9772=DIRECTION('ref_axis',(1.,0.,0.));
#9773=DIRECTION('center_axis',(0.,0.,1.));
#9774=DIRECTION('ref_axis',(1.,0.,0.));
#9775=DIRECTION('center_axis',(0.,0.,1.));
#9776=DIRECTION('ref_axis',(1.,0.,0.));
#9777=DIRECTION('',(0.,0.,1.));
#9778=DIRECTION('center_axis',(0.,0.,-1.));
#9779=DIRECTION('ref_axis',(1.,0.,0.));
#9780=DIRECTION('center_axis',(0.,0.,1.));
#9781=DIRECTION('ref_axis',(1.,0.,0.));
#9782=DIRECTION('center_axis',(0.,0.,1.));
#9783=DIRECTION('ref_axis',(1.,0.,0.));
#9784=DIRECTION('',(0.,0.,1.));
#9785=DIRECTION('center_axis',(0.,0.,-1.));
#9786=DIRECTION('ref_axis',(1.,0.,0.));
#9787=DIRECTION('center_axis',(0.,0.,1.));
#9788=DIRECTION('ref_axis',(1.,0.,0.));
#9789=DIRECTION('center_axis',(0.,0.,1.));
#9790=DIRECTION('ref_axis',(1.,0.,0.));
#9791=DIRECTION('',(0.,0.,1.));
#9792=DIRECTION('center_axis',(0.,0.,-1.));
#9793=DIRECTION('ref_axis',(1.,0.,0.));
#9794=DIRECTION('center_axis',(0.,0.,1.));
#9795=DIRECTION('ref_axis',(1.,0.,0.));
#9796=DIRECTION('center_axis',(0.,0.,1.));
#9797=DIRECTION('ref_axis',(1.,0.,0.));
#9798=DIRECTION('',(0.,0.,1.));
#9799=DIRECTION('center_axis',(0.,0.,-1.));
#9800=DIRECTION('ref_axis',(1.,0.,0.));
#9801=DIRECTION('center_axis',(0.,0.,1.));
#9802=DIRECTION('ref_axis',(1.,0.,0.));
#9803=DIRECTION('center_axis',(0.,0.,1.));
#9804=DIRECTION('ref_axis',(1.,0.,0.));
#9805=DIRECTION('',(0.,0.,1.));
#9806=DIRECTION('center_axis',(0.,0.,-1.));
#9807=DIRECTION('ref_axis',(1.,0.,0.));
#9808=DIRECTION('center_axis',(0.,0.,1.));
#9809=DIRECTION('ref_axis',(1.,0.,0.));
#9810=DIRECTION('center_axis',(0.,0.,1.));
#9811=DIRECTION('ref_axis',(1.,0.,0.));
#9812=DIRECTION('',(0.,0.,1.));
#9813=DIRECTION('center_axis',(0.,0.,-1.));
#9814=DIRECTION('ref_axis',(1.,0.,0.));
#9815=DIRECTION('center_axis',(0.,0.,1.));
#9816=DIRECTION('ref_axis',(1.,0.,0.));
#9817=DIRECTION('center_axis',(0.,0.,1.));
#9818=DIRECTION('ref_axis',(1.,0.,0.));
#9819=DIRECTION('',(0.,0.,1.));
#9820=DIRECTION('center_axis',(0.,0.,-1.));
#9821=DIRECTION('ref_axis',(1.,0.,0.));
#9822=DIRECTION('center_axis',(0.,0.,1.));
#9823=DIRECTION('ref_axis',(1.,0.,0.));
#9824=DIRECTION('center_axis',(0.,0.,1.));
#9825=DIRECTION('ref_axis',(1.,0.,0.));
#9826=DIRECTION('',(0.,0.,1.));
#9827=DIRECTION('center_axis',(0.,0.,-1.));
#9828=DIRECTION('ref_axis',(1.,0.,0.));
#9829=DIRECTION('center_axis',(0.,0.,1.));
#9830=DIRECTION('ref_axis',(1.,0.,0.));
#9831=DIRECTION('center_axis',(0.,0.,1.));
#9832=DIRECTION('ref_axis',(1.,0.,0.));
#9833=DIRECTION('',(0.,0.,1.));
#9834=DIRECTION('center_axis',(0.,0.,-1.));
#9835=DIRECTION('ref_axis',(1.,0.,0.));
#9836=DIRECTION('center_axis',(0.,0.,1.));
#9837=DIRECTION('ref_axis',(1.,0.,0.));
#9838=DIRECTION('center_axis',(0.,0.,1.));
#9839=DIRECTION('ref_axis',(1.,0.,0.));
#9840=DIRECTION('',(0.,0.,1.));
#9841=DIRECTION('center_axis',(0.,0.,-1.));
#9842=DIRECTION('ref_axis',(1.,0.,0.));
#9843=DIRECTION('center_axis',(0.,0.,1.));
#9844=DIRECTION('ref_axis',(1.,0.,0.));
#9845=DIRECTION('center_axis',(0.,0.,1.));
#9846=DIRECTION('ref_axis',(1.,0.,0.));
#9847=DIRECTION('',(0.,0.,1.));
#9848=DIRECTION('center_axis',(0.,0.,-1.));
#9849=DIRECTION('ref_axis',(1.,0.,0.));
#9850=DIRECTION('center_axis',(0.,0.,1.));
#9851=DIRECTION('ref_axis',(1.,0.,0.));
#9852=DIRECTION('center_axis',(0.,0.,1.));
#9853=DIRECTION('ref_axis',(1.,0.,0.));
#9854=DIRECTION('',(0.,0.,1.));
#9855=DIRECTION('center_axis',(0.,0.,-1.));
#9856=DIRECTION('ref_axis',(1.,0.,0.));
#9857=DIRECTION('center_axis',(0.,0.,1.));
#9858=DIRECTION('ref_axis',(1.,0.,0.));
#9859=DIRECTION('center_axis',(0.,0.,1.));
#9860=DIRECTION('ref_axis',(1.,0.,0.));
#9861=DIRECTION('',(0.,0.,1.));
#9862=DIRECTION('center_axis',(0.,0.,-1.));
#9863=DIRECTION('ref_axis',(1.,0.,0.));
#9864=DIRECTION('center_axis',(0.,0.,1.));
#9865=DIRECTION('ref_axis',(1.,0.,0.));
#9866=DIRECTION('center_axis',(0.,0.,1.));
#9867=DIRECTION('ref_axis',(1.,0.,0.));
#9868=DIRECTION('',(0.,0.,1.));
#9869=DIRECTION('center_axis',(0.,0.,-1.));
#9870=DIRECTION('ref_axis',(1.,0.,0.));
#9871=DIRECTION('center_axis',(0.,0.,1.));
#9872=DIRECTION('ref_axis',(1.,0.,0.));
#9873=DIRECTION('center_axis',(0.,0.,1.));
#9874=DIRECTION('ref_axis',(1.,0.,0.));
#9875=DIRECTION('',(0.,0.,1.));
#9876=DIRECTION('center_axis',(0.,0.,-1.));
#9877=DIRECTION('ref_axis',(1.,0.,0.));
#9878=DIRECTION('center_axis',(0.,-1.,0.));
#9879=DIRECTION('ref_axis',(-1.,0.,0.));
#9880=DIRECTION('',(1.,0.,0.));
#9881=DIRECTION('',(0.,0.,-1.));
#9882=DIRECTION('',(-1.,0.,0.));
#9883=DIRECTION('',(0.,0.,-1.));
#9884=DIRECTION('center_axis',(0.,0.,-1.));
#9885=DIRECTION('ref_axis',(-1.,0.,0.));
#9886=DIRECTION('',(0.,-1.,0.));
#9887=DIRECTION('',(1.,0.,0.));
#9888=DIRECTION('',(0.,1.,0.));
#9889=DIRECTION('center_axis',(0.,-1.,0.));
#9890=DIRECTION('ref_axis',(1.,0.,0.));
#9891=DIRECTION('',(0.,0.,-1.));
#9892=DIRECTION('',(1.,0.,0.));
#9893=DIRECTION('',(0.,0.,1.));
#9894=DIRECTION('',(1.,0.,0.));
#9895=DIRECTION('center_axis',(0.,-1.,0.));
#9896=DIRECTION('ref_axis',(1.,0.,0.));
#9897=DIRECTION('',(0.,0.,1.));
#9898=DIRECTION('',(1.,0.,0.));
#9899=DIRECTION('',(0.,0.,1.));
#9900=DIRECTION('',(1.,0.,0.));
#9901=DIRECTION('center_axis',(0.,1.,0.));
#9902=DIRECTION('ref_axis',(-1.,0.,0.));
#9903=DIRECTION('',(0.,0.,-1.));
#9904=DIRECTION('',(0.,0.,1.));
#9905=DIRECTION('',(-1.,0.,0.));
#9906=DIRECTION('',(0.,0.,1.));
#9907=DIRECTION('',(-1.,0.,0.));
#9908=DIRECTION('',(0.,0.,-1.));
#9909=DIRECTION('',(-1.,0.,0.));
#9910=DIRECTION('center_axis',(0.,0.,1.));
#9911=DIRECTION('ref_axis',(0.707106781186547,0.707106781186547,0.));
#9912=DIRECTION('center_axis',(0.,0.,-1.));
#9913=DIRECTION('ref_axis',(0.707106781186547,0.707106781186547,0.));
#9914=DIRECTION('',(0.,0.,-1.));
#9915=DIRECTION('center_axis',(0.,0.,1.));
#9916=DIRECTION('ref_axis',(0.707106781186547,0.707106781186547,0.));
#9917=DIRECTION('center_axis',(0.,0.,1.));
#9918=DIRECTION('ref_axis',(1.,0.,0.));
#9919=DIRECTION('',(0.,-1.,0.));
#9920=DIRECTION('',(0.,-1.,0.));
#9921=DIRECTION('',(-1.,0.,0.));
#9922=DIRECTION('',(0.,1.,0.));
#9923=DIRECTION('',(0.,1.,0.));
#9924=DIRECTION('center_axis',(0.,0.,-1.));
#9925=DIRECTION('ref_axis',(-0.707106781186547,0.707106781186548,0.));
#9926=DIRECTION('',(0.,-1.,0.));
#9927=DIRECTION('center_axis',(0.,0.,-1.));
#9928=DIRECTION('ref_axis',(-0.707106781186548,-0.707106781186547,0.));
#9929=DIRECTION('',(1.,0.,0.));
#9930=DIRECTION('center_axis',(0.,0.,-1.));
#9931=DIRECTION('ref_axis',(0.707106781186547,-0.707106781186547,0.));
#9932=DIRECTION('',(0.,1.,0.));
#9933=DIRECTION('center_axis',(0.,0.,-1.));
#9934=DIRECTION('ref_axis',(1.,0.,0.));
#9935=DIRECTION('center_axis',(0.,0.,-1.));
#9936=DIRECTION('ref_axis',(1.,0.,0.));
#9937=DIRECTION('center_axis',(0.,0.,-1.));
#9938=DIRECTION('ref_axis',(1.,0.,0.));
#9939=DIRECTION('center_axis',(0.,0.,-1.));
#9940=DIRECTION('ref_axis',(1.,0.,0.));
#9941=DIRECTION('center_axis',(0.,0.,1.));
#9942=DIRECTION('ref_axis',(-0.707106781186547,0.707106781186548,0.));
#9943=DIRECTION('center_axis',(0.,0.,1.));
#9944=DIRECTION('ref_axis',(-0.707106781186547,0.707106781186548,0.));
#9945=DIRECTION('',(0.,0.,1.));
#9946=DIRECTION('center_axis',(0.,0.,1.));
#9947=DIRECTION('ref_axis',(-0.707106781186548,-0.707106781186547,0.));
#9948=DIRECTION('',(0.,0.,-1.));
#9949=DIRECTION('center_axis',(0.,0.,1.));
#9950=DIRECTION('ref_axis',(-0.707106781186548,-0.707106781186547,0.));
#9951=DIRECTION('',(0.,0.,1.));
#9952=DIRECTION('center_axis',(0.,-1.,0.));
#9953=DIRECTION('ref_axis',(1.,0.,0.));
#9954=DIRECTION('',(1.,0.,0.));
#9955=DIRECTION('',(0.,0.,-1.));
#9956=DIRECTION('center_axis',(0.,0.,1.));
#9957=DIRECTION('ref_axis',(0.707106781186547,-0.707106781186547,0.));
#9958=DIRECTION('center_axis',(0.,0.,1.));
#9959=DIRECTION('ref_axis',(0.707106781186547,-0.707106781186547,0.));
#9960=DIRECTION('',(0.,0.,1.));
#9961=DIRECTION('center_axis',(1.,0.,0.));
#9962=DIRECTION('ref_axis',(0.,-1.,0.));
#9963=DIRECTION('center_axis',(-1.,0.,0.));
#9964=DIRECTION('ref_axis',(0.,1.,0.));
#9965=DIRECTION('center_axis',(0.,0.,1.));
#9966=DIRECTION('ref_axis',(1.,0.,0.));
#9967=DIRECTION('',(0.,1.,0.));
#9968=DIRECTION('',(-1.,0.,0.));
#9969=DIRECTION('',(0.,-1.,0.));
#9970=DIRECTION('center_axis',(-1.,0.,0.));
#9971=DIRECTION('ref_axis',(0.,-1.,0.));
#9972=DIRECTION('',(0.,0.,1.));
#9973=DIRECTION('center_axis',(0.,1.,0.));
#9974=DIRECTION('ref_axis',(-1.,0.,0.));
#9975=DIRECTION('',(0.,0.,1.));
#9976=DIRECTION('center_axis',(0.,0.,1.));
#9977=DIRECTION('ref_axis',(1.,0.,0.));
#9978=DIRECTION('center_axis',(0.,0.,1.));
#9979=DIRECTION('ref_axis',(1.,0.,0.));
#9980=DIRECTION('',(0.,0.,-1.));
#9981=DIRECTION('center_axis',(0.,0.,-1.));
#9982=DIRECTION('ref_axis',(1.,0.,0.));
#9983=DIRECTION('center_axis',(0.,0.,1.));
#9984=DIRECTION('ref_axis',(1.,0.,0.));
#9985=DIRECTION('center_axis',(0.,0.,1.));
#9986=DIRECTION('ref_axis',(1.,0.,0.));
#9987=DIRECTION('',(0.,0.,-1.));
#9988=DIRECTION('center_axis',(0.,0.,-1.));
#9989=DIRECTION('ref_axis',(1.,0.,0.));
#9990=DIRECTION('center_axis',(1.,0.,0.));
#9991=DIRECTION('ref_axis',(0.,1.,0.));
#9992=DIRECTION('center_axis',(1.,0.,0.));
#9993=DIRECTION('ref_axis',(0.,1.,0.));
#9994=DIRECTION('',(0.,1.,0.));
#9995=DIRECTION('center_axis',(-1.,0.,0.));
#9996=DIRECTION('ref_axis',(0.,-1.,0.));
#9997=DIRECTION('',(0.,-1.,0.));
#9998=DIRECTION('center_axis',(0.,0.,1.));
#9999=DIRECTION('ref_axis',(1.,0.,0.));
#10000=DIRECTION('center_axis',(0.,0.,1.));
#10001=DIRECTION('ref_axis',(1.,0.,0.));
#10002=DIRECTION('',(0.,0.,-1.));
#10003=DIRECTION('center_axis',(0.,0.,-1.));
#10004=DIRECTION('ref_axis',(1.,0.,0.));
#10005=DIRECTION('center_axis',(0.,0.,1.));
#10006=DIRECTION('ref_axis',(1.,0.,0.));
#10007=DIRECTION('center_axis',(0.,0.,1.));
#10008=DIRECTION('ref_axis',(1.,0.,0.));
#10009=DIRECTION('',(0.,0.,-1.));
#10010=DIRECTION('center_axis',(0.,0.,-1.));
#10011=DIRECTION('ref_axis',(1.,0.,0.));
#10012=DIRECTION('center_axis',(0.,0.,1.));
#10013=DIRECTION('ref_axis',(1.,0.,0.));
#10014=DIRECTION('center_axis',(0.,0.,1.));
#10015=DIRECTION('ref_axis',(1.,0.,0.));
#10016=DIRECTION('',(0.,0.,-1.));
#10017=DIRECTION('center_axis',(0.,0.,-1.));
#10018=DIRECTION('ref_axis',(1.,0.,0.));
#10019=DIRECTION('center_axis',(0.,0.,1.));
#10020=DIRECTION('ref_axis',(1.,0.,0.));
#10021=DIRECTION('center_axis',(0.,0.,1.));
#10022=DIRECTION('ref_axis',(1.,0.,0.));
#10023=DIRECTION('',(0.,0.,-1.));
#10024=DIRECTION('center_axis',(0.,0.,-1.));
#10025=DIRECTION('ref_axis',(1.,0.,0.));
#10026=DIRECTION('center_axis',(0.,0.,1.));
#10027=DIRECTION('ref_axis',(1.,0.,0.));
#10028=CARTESIAN_POINT('',(0.,0.,0.));
#10029=CARTESIAN_POINT('Origin',(105.,85.,0.));
#10030=CARTESIAN_POINT('',(100.,85.,0.));
#10031=CARTESIAN_POINT('',(105.,85.,0.));
#10032=CARTESIAN_POINT('',(77.5,85.,0.));
#10033=CARTESIAN_POINT('',(100.,85.,-5.));
#10034=CARTESIAN_POINT('',(100.,85.,0.));
#10035=CARTESIAN_POINT('',(105.,85.,-5.));
#10036=CARTESIAN_POINT('',(105.,85.,-5.));
#10037=CARTESIAN_POINT('',(105.,85.,0.));
#10038=CARTESIAN_POINT('Origin',(105.,95.,0.));
#10039=CARTESIAN_POINT('',(105.,95.,0.));
#10040=CARTESIAN_POINT('',(105.,72.5,0.));
#10041=CARTESIAN_POINT('',(105.,95.,-5.));
#10042=CARTESIAN_POINT('',(105.,95.,-5.));
#10043=CARTESIAN_POINT('',(105.,95.,0.));
#10044=CARTESIAN_POINT('Origin',(100.,95.,0.));
#10045=CARTESIAN_POINT('',(100.,95.,0.));
#10046=CARTESIAN_POINT('',(75.,95.,0.));
#10047=CARTESIAN_POINT('',(100.,95.,-5.));
#10048=CARTESIAN_POINT('',(100.,95.,-5.));
#10049=CARTESIAN_POINT('',(100.,95.,0.));
#10050=CARTESIAN_POINT('Origin',(100.,85.,0.));
#10051=CARTESIAN_POINT('',(100.,67.5,0.));
#10052=CARTESIAN_POINT('',(100.,85.,-5.));
#10053=CARTESIAN_POINT('Origin',(102.5,90.,-5.));
#10054=CARTESIAN_POINT('Origin',(-5.,5.,0.));
#10055=CARTESIAN_POINT('',(-5.,15.,0.));
#10056=CARTESIAN_POINT('',(-5.,5.,0.));
#10057=CARTESIAN_POINT('',(-5.,27.5,0.));
#10058=CARTESIAN_POINT('',(-5.,15.,-5.));
#10059=CARTESIAN_POINT('',(-5.,15.,0.));
#10060=CARTESIAN_POINT('',(-5.,5.,-5.));
#10061=CARTESIAN_POINT('',(-5.,15.,-5.));
#10062=CARTESIAN_POINT('',(-5.,5.,0.));
#10063=CARTESIAN_POINT('Origin',(0.,5.,0.));
#10064=CARTESIAN_POINT('',(0.,5.,0.));
#10065=CARTESIAN_POINT('',(25.,5.,0.));
#10066=CARTESIAN_POINT('',(0.,5.,-5.));
#10067=CARTESIAN_POINT('',(-5.,5.,-5.));
#10068=CARTESIAN_POINT('',(0.,5.,0.));
#10069=CARTESIAN_POINT('Origin',(0.,15.,0.));
#10070=CARTESIAN_POINT('',(0.,15.,0.));
#10071=CARTESIAN_POINT('',(0.,32.5,0.));
#10072=CARTESIAN_POINT('',(0.,15.,-5.));
#10073=CARTESIAN_POINT('',(0.,5.,-5.));
#10074=CARTESIAN_POINT('',(0.,15.,0.));
#10075=CARTESIAN_POINT('Origin',(-5.,15.,0.));
#10076=CARTESIAN_POINT('',(22.5,15.,0.));
#10077=CARTESIAN_POINT('',(0.,15.,-5.));
#10078=CARTESIAN_POINT('Origin',(-2.5,10.,-5.));
#10079=CARTESIAN_POINT('Origin',(85.,0.,0.));
#10080=CARTESIAN_POINT('',(95.,0.,0.));
#10081=CARTESIAN_POINT('',(85.,0.,0.));
#10082=CARTESIAN_POINT('',(67.5,0.,0.));
#10083=CARTESIAN_POINT('',(95.,0.,-5.));
#10084=CARTESIAN_POINT('',(95.,0.,0.));
#10085=CARTESIAN_POINT('',(85.,0.,-5.));
#10086=CARTESIAN_POINT('',(85.,0.,-5.));
#10087=CARTESIAN_POINT('',(85.,0.,0.));
#10088=CARTESIAN_POINT('Origin',(85.,-5.,0.));
#10089=CARTESIAN_POINT('',(85.,-5.,0.));
#10090=CARTESIAN_POINT('',(85.,22.5,0.));
#10091=CARTESIAN_POINT('',(85.,-5.,-5.));
#10092=CARTESIAN_POINT('',(85.,-5.,-5.));
#10093=CARTESIAN_POINT('',(85.,-5.,0.));
#10094=CARTESIAN_POINT('Origin',(95.,-5.,0.));
#10095=CARTESIAN_POINT('',(95.,-5.,0.));
#10096=CARTESIAN_POINT('',(72.5,-5.,0.));
#10097=CARTESIAN_POINT('',(95.,-5.,-5.));
#10098=CARTESIAN_POINT('',(95.,-5.,-5.));
#10099=CARTESIAN_POINT('',(95.,-5.,0.));
#10100=CARTESIAN_POINT('Origin',(95.,0.,0.));
#10101=CARTESIAN_POINT('',(95.,25.,0.));
#10102=CARTESIAN_POINT('',(95.,0.,-5.));
#10103=CARTESIAN_POINT('Origin',(90.,-2.5,-5.));
#10104=CARTESIAN_POINT('Origin',(0.,95.,0.));
#10105=CARTESIAN_POINT('',(0.,85.,0.));
#10106=CARTESIAN_POINT('',(0.,95.,0.));
#10107=CARTESIAN_POINT('',(0.,72.5,0.));
#10108=CARTESIAN_POINT('',(0.,85.,-5.));
#10109=CARTESIAN_POINT('',(0.,85.,0.));
#10110=CARTESIAN_POINT('',(0.,95.,-5.));
#10111=CARTESIAN_POINT('',(0.,85.,-5.));
#10112=CARTESIAN_POINT('',(0.,95.,0.));
#10113=CARTESIAN_POINT('Origin',(-5.,95.,0.));
#10114=CARTESIAN_POINT('',(-5.,95.,0.));
#10115=CARTESIAN_POINT('',(22.5,95.,0.));
#10116=CARTESIAN_POINT('',(-5.,95.,-5.));
#10117=CARTESIAN_POINT('',(0.,95.,-5.));
#10118=CARTESIAN_POINT('',(-5.,95.,0.));
#10119=CARTESIAN_POINT('Origin',(-5.,85.,0.));
#10120=CARTESIAN_POINT('',(-5.,85.,0.));
#10121=CARTESIAN_POINT('',(-5.,67.5,0.));
#10122=CARTESIAN_POINT('',(-5.,85.,-5.));
#10123=CARTESIAN_POINT('',(-5.,95.,-5.));
#10124=CARTESIAN_POINT('',(-5.,85.,0.));
#10125=CARTESIAN_POINT('Origin',(0.,85.,0.));
#10126=CARTESIAN_POINT('',(25.,85.,0.));
#10127=CARTESIAN_POINT('',(-5.,85.,-5.));
#10128=CARTESIAN_POINT('Origin',(-2.5,90.,-5.));
#10129=CARTESIAN_POINT('Origin',(85.,105.,0.));
#10130=CARTESIAN_POINT('',(95.,105.,0.));
#10131=CARTESIAN_POINT('',(85.,105.,0.));
#10132=CARTESIAN_POINT('',(67.5,105.,0.));
#10133=CARTESIAN_POINT('',(95.,105.,-5.));
#10134=CARTESIAN_POINT('',(95.,105.,0.));
#10135=CARTESIAN_POINT('',(85.,105.,-5.));
#10136=CARTESIAN_POINT('',(85.,105.,-5.));
#10137=CARTESIAN_POINT('',(85.,105.,0.));
#10138=CARTESIAN_POINT('Origin',(85.,100.,0.));
#10139=CARTESIAN_POINT('',(85.,100.,0.));
#10140=CARTESIAN_POINT('',(85.,75.,0.));
#10141=CARTESIAN_POINT('',(85.,100.,-5.));
#10142=CARTESIAN_POINT('',(85.,100.,-5.));
#10143=CARTESIAN_POINT('',(85.,100.,0.));
#10144=CARTESIAN_POINT('Origin',(95.,100.,0.));
#10145=CARTESIAN_POINT('',(95.,100.,0.));
#10146=CARTESIAN_POINT('',(72.5,100.,0.));
#10147=CARTESIAN_POINT('',(95.,100.,-5.));
#10148=CARTESIAN_POINT('',(95.,100.,-5.));
#10149=CARTESIAN_POINT('',(95.,100.,0.));
#10150=CARTESIAN_POINT('Origin',(95.,105.,0.));
#10151=CARTESIAN_POINT('',(95.,77.5,0.));
#10152=CARTESIAN_POINT('',(95.,105.,-5.));
#10153=CARTESIAN_POINT('Origin',(90.,102.5,-5.));
#10154=CARTESIAN_POINT('Origin',(15.,-5.,0.));
#10155=CARTESIAN_POINT('',(5.,-5.,0.));
#10156=CARTESIAN_POINT('',(15.,-5.,0.));
#10157=CARTESIAN_POINT('',(32.5,-5.,0.));
#10158=CARTESIAN_POINT('',(5.,-5.,-5.));
#10159=CARTESIAN_POINT('',(5.,-5.,0.));
#10160=CARTESIAN_POINT('',(15.,-5.,-5.));
#10161=CARTESIAN_POINT('',(15.,-5.,-5.));
#10162=CARTESIAN_POINT('',(15.,-5.,0.));
#10163=CARTESIAN_POINT('Origin',(15.,0.,0.));
#10164=CARTESIAN_POINT('',(15.,0.,0.));
#10165=CARTESIAN_POINT('',(15.,25.,0.));
#10166=CARTESIAN_POINT('',(15.,0.,-5.));
#10167=CARTESIAN_POINT('',(15.,0.,-5.));
#10168=CARTESIAN_POINT('',(15.,0.,0.));
#10169=CARTESIAN_POINT('Origin',(5.,0.,0.));
#10170=CARTESIAN_POINT('',(5.,0.,0.));
#10171=CARTESIAN_POINT('',(27.5,0.,0.));
#10172=CARTESIAN_POINT('',(5.,0.,-5.));
#10173=CARTESIAN_POINT('',(5.,0.,-5.));
#10174=CARTESIAN_POINT('',(5.,0.,0.));
#10175=CARTESIAN_POINT('Origin',(5.,-5.,0.));
#10176=CARTESIAN_POINT('',(5.,22.5,0.));
#10177=CARTESIAN_POINT('',(5.,-5.,-5.));
#10178=CARTESIAN_POINT('Origin',(10.,-2.5,-5.));
#10179=CARTESIAN_POINT('Origin',(100.,5.,0.));
#10180=CARTESIAN_POINT('',(100.,15.,0.));
#10181=CARTESIAN_POINT('',(100.,5.,0.));
#10182=CARTESIAN_POINT('',(100.,27.5,0.));
#10183=CARTESIAN_POINT('',(100.,15.,-5.));
#10184=CARTESIAN_POINT('',(100.,15.,0.));
#10185=CARTESIAN_POINT('',(100.,5.,-5.));
#10186=CARTESIAN_POINT('',(100.,15.,-5.));
#10187=CARTESIAN_POINT('',(100.,5.,0.));
#10188=CARTESIAN_POINT('Origin',(105.,5.,0.));
#10189=CARTESIAN_POINT('',(105.,5.,0.));
#10190=CARTESIAN_POINT('',(77.5,5.,0.));
#10191=CARTESIAN_POINT('',(105.,5.,-5.));
#10192=CARTESIAN_POINT('',(100.,5.,-5.));
#10193=CARTESIAN_POINT('',(105.,5.,0.));
#10194=CARTESIAN_POINT('Origin',(105.,15.,0.));
#10195=CARTESIAN_POINT('',(105.,15.,0.));
#10196=CARTESIAN_POINT('',(105.,32.5,0.));
#10197=CARTESIAN_POINT('',(105.,15.,-5.));
#10198=CARTESIAN_POINT('',(105.,5.,-5.));
#10199=CARTESIAN_POINT('',(105.,15.,0.));
#10200=CARTESIAN_POINT('Origin',(100.,15.,0.));
#10201=CARTESIAN_POINT('',(75.,15.,0.));
#10202=CARTESIAN_POINT('',(105.,15.,-5.));
#10203=CARTESIAN_POINT('Origin',(102.5,10.,-5.));
#10204=CARTESIAN_POINT('Origin',(5.,100.,0.));
#10205=CARTESIAN_POINT('',(5.,105.,0.));
#10206=CARTESIAN_POINT('',(5.,100.,0.));
#10207=CARTESIAN_POINT('',(5.,75.,0.));
#10208=CARTESIAN_POINT('',(5.,105.,-5.));
#10209=CARTESIAN_POINT('',(5.,105.,0.));
#10210=CARTESIAN_POINT('',(5.,100.,-5.));
#10211=CARTESIAN_POINT('',(5.,105.,-5.));
#10212=CARTESIAN_POINT('',(5.,100.,0.));
#10213=CARTESIAN_POINT('Origin',(15.,100.,0.));
#10214=CARTESIAN_POINT('',(15.,100.,0.));
#10215=CARTESIAN_POINT('',(32.5,100.,0.));
#10216=CARTESIAN_POINT('',(15.,100.,-5.));
#10217=CARTESIAN_POINT('',(5.,100.,-5.));
#10218=CARTESIAN_POINT('',(15.,100.,0.));
#10219=CARTESIAN_POINT('Origin',(15.,105.,0.));
#10220=CARTESIAN_POINT('',(15.,105.,0.));
#10221=CARTESIAN_POINT('',(15.,77.5,0.));
#10222=CARTESIAN_POINT('',(15.,105.,-5.));
#10223=CARTESIAN_POINT('',(15.,100.,-5.));
#10224=CARTESIAN_POINT('',(15.,105.,0.));
#10225=CARTESIAN_POINT('Origin',(5.,105.,0.));
#10226=CARTESIAN_POINT('',(27.5,105.,0.));
#10227=CARTESIAN_POINT('',(15.,105.,-5.));
#10228=CARTESIAN_POINT('Origin',(10.,102.5,-5.));
#10229=CARTESIAN_POINT('Origin',(-4.,-4.,0.));
#10230=CARTESIAN_POINT('',(-7.,-4.,3.1));
#10231=CARTESIAN_POINT('Origin',(-4.,-4.,3.1));
#10232=CARTESIAN_POINT('',(-7.,-4.,0.));
#10233=CARTESIAN_POINT('',(-7.,-4.,0.));
#10234=CARTESIAN_POINT('Origin',(-4.,-4.,0.));
#10235=CARTESIAN_POINT('Origin',(104.,-4.,0.));
#10236=CARTESIAN_POINT('',(101.,-4.,3.1));
#10237=CARTESIAN_POINT('Origin',(104.,-4.,3.1));
#10238=CARTESIAN_POINT('',(101.,-4.,0.));
#10239=CARTESIAN_POINT('',(101.,-4.,0.));
#10240=CARTESIAN_POINT('Origin',(104.,-4.,0.));
#10241=CARTESIAN_POINT('Origin',(22.0689669924563,92.3103463028012,0.));
#10242=CARTESIAN_POINT('',(21.3189669924563,92.3103463028012,0.));
#10243=CARTESIAN_POINT('Origin',(22.0689669924563,92.3103463028012,0.));
#10244=CARTESIAN_POINT('',(21.3189669924563,92.3103463028012,3.));
#10245=CARTESIAN_POINT('',(21.3189669924563,92.3103463028012,0.));
#10246=CARTESIAN_POINT('Origin',(22.0689669924563,92.3103463028012,3.));
#10247=CARTESIAN_POINT('Origin',(5.34482906142181,55.4827600959046,0.));
#10248=CARTESIAN_POINT('',(4.59482906142181,55.4827600959046,0.));
#10249=CARTESIAN_POINT('Origin',(5.34482906142181,55.4827600959046,0.));
#10250=CARTESIAN_POINT('',(4.59482906142181,55.4827600959046,3.));
#10251=CARTESIAN_POINT('',(4.59482906142181,55.4827600959046,0.));
#10252=CARTESIAN_POINT('Origin',(5.34482906142181,55.4827600959046,3.));
#10253=CARTESIAN_POINT('Origin',(15.3448290614218,99.000001475215,0.));
#10254=CARTESIAN_POINT('',(14.5948290614219,99.000001475215,0.));
#10255=CARTESIAN_POINT('Origin',(15.3448290614218,99.000001475215,0.));
#10256=CARTESIAN_POINT('',(14.5948290614219,99.000001475215,3.));
#10257=CARTESIAN_POINT('',(14.5948290614219,99.000001475215,0.));
#10258=CARTESIAN_POINT('Origin',(15.3448290614218,99.000001475215,3.));
#10259=CARTESIAN_POINT('Origin',(8.68965664762871,42.1379325096977,0.));
#10260=CARTESIAN_POINT('',(7.93965664762871,42.1379325096977,0.));
#10261=CARTESIAN_POINT('Origin',(8.68965664762871,42.1379325096977,0.));
#10262=CARTESIAN_POINT('',(7.93965664762871,42.1379325096977,3.));
#10263=CARTESIAN_POINT('',(7.93965664762871,42.1379325096977,0.));
#10264=CARTESIAN_POINT('Origin',(8.68965664762871,42.1379325096977,3.));
#10265=CARTESIAN_POINT('Origin',(2.00000147521492,62.2068980269391,0.));
#10266=CARTESIAN_POINT('',(1.25000147521493,62.2068980269391,0.));
#10267=CARTESIAN_POINT('Origin',(2.00000147521492,62.2068980269391,0.));
#10268=CARTESIAN_POINT('',(1.25000147521493,62.2068980269391,3.));
#10269=CARTESIAN_POINT('',(1.25000147521493,62.2068980269391,0.));
#10270=CARTESIAN_POINT('Origin',(2.00000147521492,62.2068980269391,3.));
#10271=CARTESIAN_POINT('Origin',(5.34482906142181,62.2068980269391,0.));
#10272=CARTESIAN_POINT('',(4.59482906142182,62.2068980269391,0.));
#10273=CARTESIAN_POINT('Origin',(5.34482906142181,62.2068980269391,0.));
#10274=CARTESIAN_POINT('',(4.59482906142182,62.2068980269391,3.));
#10275=CARTESIAN_POINT('',(4.59482906142182,62.2068980269391,0.));
#10276=CARTESIAN_POINT('Origin',(5.34482906142181,62.2068980269391,3.));
#10277=CARTESIAN_POINT('Origin',(85.5862083717666,92.3103463028012,0.));
#10278=CARTESIAN_POINT('',(84.8362083717667,92.3103463028012,0.));
#10279=CARTESIAN_POINT('Origin',(85.5862083717666,92.3103463028012,0.));
#10280=CARTESIAN_POINT('',(84.8362083717667,92.3103463028012,3.));
#10281=CARTESIAN_POINT('',(84.8362083717667,92.3103463028012,0.));
#10282=CARTESIAN_POINT('Origin',(85.5862083717666,92.3103463028012,3.));
#10283=CARTESIAN_POINT('Origin',(92.3103463028012,82.2758635441805,0.));
#10284=CARTESIAN_POINT('',(91.5603463028012,82.2758635441805,0.));
#10285=CARTESIAN_POINT('Origin',(92.3103463028012,82.2758635441805,0.));
#10286=CARTESIAN_POINT('',(91.5603463028012,82.2758635441805,3.));
#10287=CARTESIAN_POINT('',(91.5603463028012,82.2758635441805,0.));
#10288=CARTESIAN_POINT('Origin',(92.3103463028012,82.2758635441805,3.));
#10289=CARTESIAN_POINT('Origin',(82.2758635441804,95.6551738890081,0.));
#10290=CARTESIAN_POINT('',(81.5258635441805,95.6551738890081,0.));
#10291=CARTESIAN_POINT('Origin',(82.2758635441804,95.6551738890081,0.));
#10292=CARTESIAN_POINT('',(81.5258635441805,95.6551738890081,3.));
#10293=CARTESIAN_POINT('',(81.5258635441805,95.6551738890081,0.));
#10294=CARTESIAN_POINT('Origin',(82.2758635441804,95.6551738890081,3.));
#10295=CARTESIAN_POINT('Origin',(92.3103463028012,75.5862083717667,0.));
#10296=CARTESIAN_POINT('',(91.5603463028012,75.5862083717667,0.));
#10297=CARTESIAN_POINT('Origin',(92.3103463028012,75.5862083717667,0.));
#10298=CARTESIAN_POINT('',(91.5603463028012,75.5862083717667,3.));
#10299=CARTESIAN_POINT('',(91.5603463028012,75.5862083717667,0.));
#10300=CARTESIAN_POINT('Origin',(92.3103463028012,75.5862083717667,3.));
#10301=CARTESIAN_POINT('Origin',(99.000001475215,2.00000147521494,0.));
#10302=CARTESIAN_POINT('',(98.250001475215,2.00000147521494,0.));
#10303=CARTESIAN_POINT('Origin',(99.000001475215,2.00000147521494,0.));
#10304=CARTESIAN_POINT('',(98.250001475215,2.00000147521494,3.));
#10305=CARTESIAN_POINT('',(98.250001475215,2.00000147521494,0.));
#10306=CARTESIAN_POINT('Origin',(99.000001475215,2.00000147521494,3.));
#10307=CARTESIAN_POINT('Origin',(75.5862083717667,8.68965664762871,0.));
#10308=CARTESIAN_POINT('',(74.8362083717667,8.68965664762871,0.));
#10309=CARTESIAN_POINT('Origin',(75.5862083717667,8.68965664762871,0.));
#10310=CARTESIAN_POINT('',(74.8362083717667,8.68965664762871,3.));
#10311=CARTESIAN_POINT('',(74.8362083717667,8.68965664762871,0.));
#10312=CARTESIAN_POINT('Origin',(75.5862083717667,8.68965664762871,3.));
#10313=CARTESIAN_POINT('Origin',(95.655173889008,95.655173889008,0.));
#10314=CARTESIAN_POINT('',(94.9051738890081,95.655173889008,0.));
#10315=CARTESIAN_POINT('Origin',(95.655173889008,95.655173889008,0.));
#10316=CARTESIAN_POINT('',(94.9051738890081,95.655173889008,3.));
#10317=CARTESIAN_POINT('',(94.9051738890081,95.655173889008,0.));
#10318=CARTESIAN_POINT('Origin',(95.655173889008,95.655173889008,3.));
#10319=CARTESIAN_POINT('Origin',(45.4827600959046,92.3103463028012,0.));
#10320=CARTESIAN_POINT('',(44.7327600959046,92.3103463028012,0.));
#10321=CARTESIAN_POINT('Origin',(45.4827600959046,92.3103463028012,0.));
#10322=CARTESIAN_POINT('',(44.7327600959046,92.3103463028012,3.));
#10323=CARTESIAN_POINT('',(44.7327600959046,92.3103463028012,0.));
#10324=CARTESIAN_POINT('Origin',(45.4827600959046,92.3103463028012,3.));
#10325=CARTESIAN_POINT('Origin',(92.3103463028012,88.9310359579736,0.));
#10326=CARTESIAN_POINT('',(91.5603463028012,88.9310359579736,0.));
#10327=CARTESIAN_POINT('Origin',(92.3103463028012,88.9310359579736,0.));
#10328=CARTESIAN_POINT('',(91.5603463028012,88.9310359579736,3.));
#10329=CARTESIAN_POINT('',(91.5603463028012,88.9310359579736,0.));
#10330=CARTESIAN_POINT('Origin',(92.3103463028012,88.9310359579736,3.));
#10331=CARTESIAN_POINT('Origin',(45.4827600959046,99.000001475215,0.));
#10332=CARTESIAN_POINT('',(44.7327600959046,99.000001475215,0.));
#10333=CARTESIAN_POINT('Origin',(45.4827600959046,99.000001475215,0.));
#10334=CARTESIAN_POINT('',(44.7327600959046,99.000001475215,3.));
#10335=CARTESIAN_POINT('',(44.7327600959046,99.000001475215,0.));
#10336=CARTESIAN_POINT('Origin',(45.4827600959046,99.000001475215,3.));
#10337=CARTESIAN_POINT('Origin',(99.000001475215,62.2068980269391,0.));
#10338=CARTESIAN_POINT('',(98.250001475215,62.2068980269391,0.));
#10339=CARTESIAN_POINT('Origin',(99.000001475215,62.2068980269391,0.));
#10340=CARTESIAN_POINT('',(98.250001475215,62.2068980269391,3.));
#10341=CARTESIAN_POINT('',(98.250001475215,62.2068980269391,0.));
#10342=CARTESIAN_POINT('Origin',(99.000001475215,62.2068980269391,3.));
#10343=CARTESIAN_POINT('Origin',(99.000001475215,82.2758635441805,0.));
#10344=CARTESIAN_POINT('',(98.250001475215,82.2758635441805,0.));
#10345=CARTESIAN_POINT('Origin',(99.000001475215,82.2758635441805,0.));
#10346=CARTESIAN_POINT('',(98.250001475215,82.2758635441805,3.));
#10347=CARTESIAN_POINT('',(98.250001475215,82.2758635441805,0.));
#10348=CARTESIAN_POINT('Origin',(99.000001475215,82.2758635441805,3.));
#10349=CARTESIAN_POINT('Origin',(38.7931049234908,92.3103463028012,0.));
#10350=CARTESIAN_POINT('',(38.0431049234908,92.3103463028012,0.));
#10351=CARTESIAN_POINT('Origin',(38.7931049234908,92.3103463028012,0.));
#10352=CARTESIAN_POINT('',(38.0431049234908,92.3103463028012,3.));
#10353=CARTESIAN_POINT('',(38.0431049234908,92.3103463028012,0.));
#10354=CARTESIAN_POINT('Origin',(38.7931049234908,92.3103463028012,3.));
#10355=CARTESIAN_POINT('Origin',(48.7931049234908,99.000001475215,0.));
#10356=CARTESIAN_POINT('',(48.0431049234908,99.000001475215,0.));
#10357=CARTESIAN_POINT('Origin',(48.7931049234908,99.000001475215,0.));
#10358=CARTESIAN_POINT('',(48.0431049234908,99.000001475215,3.));
#10359=CARTESIAN_POINT('',(48.0431049234908,99.000001475215,0.));
#10360=CARTESIAN_POINT('Origin',(48.7931049234908,99.000001475215,3.));
#10361=CARTESIAN_POINT('Origin',(95.6551738890081,52.1379325096977,0.));
#10362=CARTESIAN_POINT('',(94.9051738890081,52.1379325096977,0.));
#10363=CARTESIAN_POINT('Origin',(95.6551738890081,52.1379325096977,0.));
#10364=CARTESIAN_POINT('',(94.9051738890081,52.1379325096977,3.));
#10365=CARTESIAN_POINT('',(94.9051738890081,52.1379325096977,0.));
#10366=CARTESIAN_POINT('Origin',(95.6551738890081,52.1379325096977,3.));
#10367=CARTESIAN_POINT('Origin',(95.6551738890081,58.8620704407322,0.));
#10368=CARTESIAN_POINT('',(94.9051738890081,58.8620704407322,0.));
#10369=CARTESIAN_POINT('Origin',(95.6551738890081,58.8620704407322,0.));
#10370=CARTESIAN_POINT('',(94.9051738890081,58.8620704407322,3.));
#10371=CARTESIAN_POINT('',(94.9051738890081,58.8620704407322,0.));
#10372=CARTESIAN_POINT('Origin',(95.6551738890081,58.8620704407322,3.));
#10373=CARTESIAN_POINT('Origin',(92.3103463028012,55.4827600959046,0.));
#10374=CARTESIAN_POINT('',(91.5603463028012,55.4827600959046,0.));
#10375=CARTESIAN_POINT('Origin',(92.3103463028012,55.4827600959046,0.));
#10376=CARTESIAN_POINT('',(91.5603463028012,55.4827600959046,3.));
#10377=CARTESIAN_POINT('',(91.5603463028012,55.4827600959046,0.));
#10378=CARTESIAN_POINT('Origin',(92.3103463028012,55.4827600959046,3.));
#10379=CARTESIAN_POINT('Origin',(99.000001475215,38.7931049234908,0.));
#10380=CARTESIAN_POINT('',(98.250001475215,38.7931049234908,0.));
#10381=CARTESIAN_POINT('Origin',(99.000001475215,38.7931049234908,0.));
#10382=CARTESIAN_POINT('',(98.250001475215,38.7931049234908,3.));
#10383=CARTESIAN_POINT('',(98.250001475215,38.7931049234908,0.));
#10384=CARTESIAN_POINT('Origin',(99.000001475215,38.7931049234908,3.));
#10385=CARTESIAN_POINT('Origin',(58.8620704407322,99.000001475215,0.));
#10386=CARTESIAN_POINT('',(58.1120704407322,99.000001475215,0.));
#10387=CARTESIAN_POINT('Origin',(58.8620704407322,99.000001475215,0.));
#10388=CARTESIAN_POINT('',(58.1120704407322,99.000001475215,3.));
#10389=CARTESIAN_POINT('',(58.1120704407322,99.000001475215,0.));
#10390=CARTESIAN_POINT('Origin',(58.8620704407322,99.000001475215,3.));
#10391=CARTESIAN_POINT('Origin',(48.8275876821115,5.34482906142183,0.));
#10392=CARTESIAN_POINT('',(48.0775876821115,5.34482906142183,0.));
#10393=CARTESIAN_POINT('Origin',(48.8275876821115,5.34482906142183,0.));
#10394=CARTESIAN_POINT('',(48.0775876821115,5.34482906142183,3.));
#10395=CARTESIAN_POINT('',(48.0775876821115,5.34482906142183,0.));
#10396=CARTESIAN_POINT('Origin',(48.8275876821115,5.34482906142183,3.));
#10397=CARTESIAN_POINT('Origin',(55.4827600959046,99.000001475215,0.));
#10398=CARTESIAN_POINT('',(54.7327600959046,99.000001475215,0.));
#10399=CARTESIAN_POINT('Origin',(55.4827600959046,99.000001475215,0.));
#10400=CARTESIAN_POINT('',(54.7327600959046,99.000001475215,3.));
#10401=CARTESIAN_POINT('',(54.7327600959046,99.000001475215,0.));
#10402=CARTESIAN_POINT('Origin',(55.4827600959046,99.000001475215,3.));
#10403=CARTESIAN_POINT('Origin',(55.5172428545253,2.00000147521494,0.));
#10404=CARTESIAN_POINT('',(54.7672428545253,2.00000147521494,0.));
#10405=CARTESIAN_POINT('Origin',(55.5172428545253,2.00000147521494,0.));
#10406=CARTESIAN_POINT('',(54.7672428545253,2.00000147521494,3.));
#10407=CARTESIAN_POINT('',(54.7672428545253,2.00000147521494,0.));
#10408=CARTESIAN_POINT('Origin',(55.5172428545253,2.00000147521494,3.));
#10409=CARTESIAN_POINT('Origin',(95.6551738890081,48.8275876821115,0.));
#10410=CARTESIAN_POINT('',(94.9051738890081,48.8275876821115,0.));
#10411=CARTESIAN_POINT('Origin',(95.6551738890081,48.8275876821115,0.));
#10412=CARTESIAN_POINT('',(94.9051738890081,48.8275876821115,3.));
#10413=CARTESIAN_POINT('',(94.9051738890081,48.8275876821115,0.));
#10414=CARTESIAN_POINT('Origin',(95.6551738890081,48.8275876821115,3.));
#10415=CARTESIAN_POINT('Origin',(42.1379325096977,92.3103463028012,0.));
#10416=CARTESIAN_POINT('',(41.3879325096977,92.3103463028012,0.));
#10417=CARTESIAN_POINT('Origin',(42.1379325096977,92.3103463028012,0.));
#10418=CARTESIAN_POINT('',(41.3879325096977,92.3103463028012,3.));
#10419=CARTESIAN_POINT('',(41.3879325096977,92.3103463028012,0.));
#10420=CARTESIAN_POINT('Origin',(42.1379325096977,92.3103463028012,3.));
#10421=CARTESIAN_POINT('Origin',(92.3103463028012,58.8620704407322,0.));
#10422=CARTESIAN_POINT('',(91.5603463028012,58.8620704407322,0.));
#10423=CARTESIAN_POINT('Origin',(92.3103463028012,58.8620704407322,0.));
#10424=CARTESIAN_POINT('',(91.5603463028012,58.8620704407322,3.));
#10425=CARTESIAN_POINT('',(91.5603463028012,58.8620704407322,0.));
#10426=CARTESIAN_POINT('Origin',(92.3103463028012,58.8620704407322,3.));
#10427=CARTESIAN_POINT('Origin',(58.8620704407322,92.3103463028012,0.));
#10428=CARTESIAN_POINT('',(58.1120704407322,92.3103463028012,0.));
#10429=CARTESIAN_POINT('Origin',(58.8620704407322,92.3103463028012,0.));
#10430=CARTESIAN_POINT('',(58.1120704407322,92.3103463028012,3.));
#10431=CARTESIAN_POINT('',(58.1120704407322,92.3103463028012,0.));
#10432=CARTESIAN_POINT('Origin',(58.8620704407322,92.3103463028012,3.));
#10433=CARTESIAN_POINT('Origin',(62.2068980269391,2.00000147521493,0.));
#10434=CARTESIAN_POINT('',(61.4568980269391,2.00000147521493,0.));
#10435=CARTESIAN_POINT('Origin',(62.2068980269391,2.00000147521493,0.));
#10436=CARTESIAN_POINT('',(61.4568980269391,2.00000147521493,3.));
#10437=CARTESIAN_POINT('',(61.4568980269391,2.00000147521493,0.));
#10438=CARTESIAN_POINT('Origin',(62.2068980269391,2.00000147521493,3.));
#10439=CARTESIAN_POINT('Origin',(55.4827600959046,8.68965664762873,0.));
#10440=CARTESIAN_POINT('',(54.7327600959046,8.68965664762873,0.));
#10441=CARTESIAN_POINT('Origin',(55.4827600959046,8.68965664762873,0.));
#10442=CARTESIAN_POINT('',(54.7327600959046,8.68965664762873,3.));
#10443=CARTESIAN_POINT('',(54.7327600959046,8.68965664762873,0.));
#10444=CARTESIAN_POINT('Origin',(55.4827600959046,8.68965664762873,3.));
#10445=CARTESIAN_POINT('Origin',(45.4827600959046,2.00000147521494,0.));
#10446=CARTESIAN_POINT('',(44.7327600959046,2.00000147521494,0.));
#10447=CARTESIAN_POINT('Origin',(45.4827600959046,2.00000147521494,0.));
#10448=CARTESIAN_POINT('',(44.7327600959046,2.00000147521494,3.));
#10449=CARTESIAN_POINT('',(44.7327600959046,2.00000147521494,0.));
#10450=CARTESIAN_POINT('Origin',(45.4827600959046,2.00000147521494,3.));
#10451=CARTESIAN_POINT('Origin',(58.8620704407322,2.00000147521494,0.));
#10452=CARTESIAN_POINT('',(58.1120704407322,2.00000147521494,0.));
#10453=CARTESIAN_POINT('Origin',(58.8620704407322,2.00000147521494,0.));
#10454=CARTESIAN_POINT('',(58.1120704407322,2.00000147521494,3.));
#10455=CARTESIAN_POINT('',(58.1120704407322,2.00000147521494,0.));
#10456=CARTESIAN_POINT('Origin',(58.8620704407322,2.00000147521494,3.));
#10457=CARTESIAN_POINT('Origin',(42.1379325096977,8.68965664762873,0.));
#10458=CARTESIAN_POINT('',(41.3879325096977,8.68965664762873,0.));
#10459=CARTESIAN_POINT('Origin',(42.1379325096977,8.68965664762873,0.));
#10460=CARTESIAN_POINT('',(41.3879325096977,8.68965664762873,3.));
#10461=CARTESIAN_POINT('',(41.3879325096977,8.68965664762873,0.));
#10462=CARTESIAN_POINT('Origin',(42.1379325096977,8.68965664762873,3.));
#10463=CARTESIAN_POINT('Origin',(25.4137945786632,95.6551738890081,0.));
#10464=CARTESIAN_POINT('',(24.6637945786632,95.6551738890081,0.));
#10465=CARTESIAN_POINT('Origin',(25.4137945786632,95.6551738890081,0.));
#10466=CARTESIAN_POINT('',(24.6637945786632,95.6551738890081,3.));
#10467=CARTESIAN_POINT('',(24.6637945786632,95.6551738890081,0.));
#10468=CARTESIAN_POINT('Origin',(25.4137945786632,95.6551738890081,3.));
#10469=CARTESIAN_POINT('Origin',(5.34482906142184,92.2758635441805,0.));
#10470=CARTESIAN_POINT('',(4.59482906142184,92.2758635441805,0.));
#10471=CARTESIAN_POINT('Origin',(5.34482906142184,92.2758635441805,0.));
#10472=CARTESIAN_POINT('',(4.59482906142184,92.2758635441805,3.));
#10473=CARTESIAN_POINT('',(4.59482906142184,92.2758635441805,0.));
#10474=CARTESIAN_POINT('Origin',(5.34482906142184,92.2758635441805,3.));
#10475=CARTESIAN_POINT('Origin',(5.34482906142184,75.5862083717667,0.));
#10476=CARTESIAN_POINT('',(4.59482906142184,75.5862083717667,0.));
#10477=CARTESIAN_POINT('Origin',(5.34482906142184,75.5862083717667,0.));
#10478=CARTESIAN_POINT('',(4.59482906142184,75.5862083717667,3.));
#10479=CARTESIAN_POINT('',(4.59482906142184,75.5862083717667,0.));
#10480=CARTESIAN_POINT('Origin',(5.34482906142184,75.5862083717667,3.));
#10481=CARTESIAN_POINT('Origin',(8.68965664762873,95.6551738890081,0.));
#10482=CARTESIAN_POINT('',(7.93965664762873,95.6551738890081,0.));
#10483=CARTESIAN_POINT('Origin',(8.68965664762873,95.6551738890081,0.));
#10484=CARTESIAN_POINT('',(7.93965664762873,95.6551738890081,3.));
#10485=CARTESIAN_POINT('',(7.93965664762873,95.6551738890081,0.));
#10486=CARTESIAN_POINT('Origin',(8.68965664762873,95.6551738890081,3.));
#10487=CARTESIAN_POINT('Origin',(15.3448290614218,95.6551738890081,0.));
#10488=CARTESIAN_POINT('',(14.5948290614218,95.6551738890081,0.));
#10489=CARTESIAN_POINT('Origin',(15.3448290614218,95.6551738890081,0.));
#10490=CARTESIAN_POINT('',(14.5948290614218,95.6551738890081,3.));
#10491=CARTESIAN_POINT('',(14.5948290614218,95.6551738890081,0.));
#10492=CARTESIAN_POINT('Origin',(15.3448290614218,95.6551738890081,3.));
#10493=CARTESIAN_POINT('Origin',(2.00000147521495,92.2758635441805,0.));
#10494=CARTESIAN_POINT('',(1.25000147521495,92.2758635441805,0.));
#10495=CARTESIAN_POINT('Origin',(2.00000147521495,92.2758635441805,0.));
#10496=CARTESIAN_POINT('',(1.25000147521495,92.2758635441805,3.));
#10497=CARTESIAN_POINT('',(1.25000147521495,92.2758635441805,0.));
#10498=CARTESIAN_POINT('Origin',(2.00000147521495,92.2758635441805,3.));
#10499=CARTESIAN_POINT('Origin',(8.68965664762873,82.2758635441805,0.));
#10500=CARTESIAN_POINT('',(7.93965664762873,82.2758635441805,0.));
#10501=CARTESIAN_POINT('Origin',(8.68965664762873,82.2758635441805,0.));
#10502=CARTESIAN_POINT('',(7.93965664762873,82.2758635441805,3.));
#10503=CARTESIAN_POINT('',(7.93965664762873,82.2758635441805,0.));
#10504=CARTESIAN_POINT('Origin',(8.68965664762873,82.2758635441805,3.));
#10505=CARTESIAN_POINT('Origin',(88.9655187165943,5.34482906142182,0.));
#10506=CARTESIAN_POINT('',(88.2155187165943,5.34482906142182,0.));
#10507=CARTESIAN_POINT('Origin',(88.9655187165943,5.34482906142182,0.));
#10508=CARTESIAN_POINT('',(88.2155187165943,5.34482906142182,3.));
#10509=CARTESIAN_POINT('',(88.2155187165943,5.34482906142182,0.));
#10510=CARTESIAN_POINT('Origin',(88.9655187165943,5.34482906142182,3.));
#10511=CARTESIAN_POINT('Origin',(78.9310359579735,95.6551738890081,0.));
#10512=CARTESIAN_POINT('',(78.1810359579735,95.6551738890081,0.));
#10513=CARTESIAN_POINT('Origin',(78.9310359579735,95.6551738890081,0.));
#10514=CARTESIAN_POINT('',(78.1810359579735,95.6551738890081,3.));
#10515=CARTESIAN_POINT('',(78.1810359579735,95.6551738890081,0.));
#10516=CARTESIAN_POINT('Origin',(78.9310359579735,95.6551738890081,3.));
#10517=CARTESIAN_POINT('Origin',(78.9655187165943,2.00000147521492,0.));
#10518=CARTESIAN_POINT('',(78.2155187165943,2.00000147521492,0.));
#10519=CARTESIAN_POINT('Origin',(78.9655187165943,2.00000147521492,0.));
#10520=CARTESIAN_POINT('',(78.2155187165943,2.00000147521492,3.));
#10521=CARTESIAN_POINT('',(78.2155187165943,2.00000147521492,0.));
#10522=CARTESIAN_POINT('Origin',(78.9655187165943,2.00000147521492,3.));
#10523=CARTESIAN_POINT('Origin',(95.6551738890081,12.0344842338356,0.));
#10524=CARTESIAN_POINT('',(94.9051738890081,12.0344842338356,0.));
#10525=CARTESIAN_POINT('Origin',(95.6551738890081,12.0344842338356,0.));
#10526=CARTESIAN_POINT('',(94.9051738890081,12.0344842338356,3.));
#10527=CARTESIAN_POINT('',(94.9051738890081,12.0344842338356,0.));
#10528=CARTESIAN_POINT('Origin',(95.6551738890081,12.0344842338356,3.));
#10529=CARTESIAN_POINT('Origin',(92.3103463028012,8.68965664762873,0.));
#10530=CARTESIAN_POINT('',(91.5603463028012,8.68965664762873,0.));
#10531=CARTESIAN_POINT('Origin',(92.3103463028012,8.68965664762873,0.));
#10532=CARTESIAN_POINT('',(91.5603463028012,8.68965664762873,3.));
#10533=CARTESIAN_POINT('',(91.5603463028012,8.68965664762873,0.));
#10534=CARTESIAN_POINT('Origin',(92.3103463028012,8.68965664762873,3.));
#10535=CARTESIAN_POINT('Origin',(92.3103463028012,12.0000014752149,0.));
#10536=CARTESIAN_POINT('',(91.5603463028012,12.0000014752149,0.));
#10537=CARTESIAN_POINT('Origin',(92.3103463028012,12.0000014752149,0.));
#10538=CARTESIAN_POINT('',(91.5603463028012,12.0000014752149,3.));
#10539=CARTESIAN_POINT('',(91.5603463028012,12.0000014752149,0.));
#10540=CARTESIAN_POINT('Origin',(92.3103463028012,12.0000014752149,3.));
#10541=CARTESIAN_POINT('Origin',(75.5862083717667,95.6551738890081,0.));
#10542=CARTESIAN_POINT('',(74.8362083717667,95.6551738890081,0.));
#10543=CARTESIAN_POINT('Origin',(75.5862083717667,95.6551738890081,0.));
#10544=CARTESIAN_POINT('',(74.8362083717667,95.6551738890081,3.));
#10545=CARTESIAN_POINT('',(74.8362083717667,95.6551738890081,0.));
#10546=CARTESIAN_POINT('Origin',(75.5862083717667,95.6551738890081,3.));
#10547=CARTESIAN_POINT('Origin',(8.68965664762873,15.3448290614219,0.));
#10548=CARTESIAN_POINT('',(7.93965664762874,15.3448290614219,0.));
#10549=CARTESIAN_POINT('Origin',(8.68965664762873,15.3448290614219,0.));
#10550=CARTESIAN_POINT('',(7.93965664762874,15.3448290614219,3.));
#10551=CARTESIAN_POINT('',(7.93965664762874,15.3448290614219,0.));
#10552=CARTESIAN_POINT('Origin',(8.68965664762873,15.3448290614219,3.));
#10553=CARTESIAN_POINT('Origin',(8.68965664762873,22.0689669924564,0.));
#10554=CARTESIAN_POINT('',(7.93965664762872,22.0689669924564,0.));
#10555=CARTESIAN_POINT('Origin',(8.68965664762873,22.0689669924564,0.));
#10556=CARTESIAN_POINT('',(7.93965664762872,22.0689669924564,3.));
#10557=CARTESIAN_POINT('',(7.93965664762872,22.0689669924564,0.));
#10558=CARTESIAN_POINT('Origin',(8.68965664762873,22.0689669924564,3.));
#10559=CARTESIAN_POINT('Origin',(15.3793118200425,8.68965664762873,0.));
#10560=CARTESIAN_POINT('',(14.6293118200425,8.68965664762873,0.));
#10561=CARTESIAN_POINT('Origin',(15.3793118200425,8.68965664762873,0.));
#10562=CARTESIAN_POINT('',(14.6293118200425,8.68965664762873,3.));
#10563=CARTESIAN_POINT('',(14.6293118200425,8.68965664762873,0.));
#10564=CARTESIAN_POINT('Origin',(15.3793118200425,8.68965664762873,3.));
#10565=CARTESIAN_POINT('Origin',(25.3793118200425,8.6896566476287,0.));
#10566=CARTESIAN_POINT('',(24.6293118200425,8.6896566476287,0.));
#10567=CARTESIAN_POINT('Origin',(25.3793118200425,8.6896566476287,0.));
#10568=CARTESIAN_POINT('',(24.6293118200425,8.6896566476287,3.));
#10569=CARTESIAN_POINT('',(24.6293118200425,8.6896566476287,0.));
#10570=CARTESIAN_POINT('Origin',(25.3793118200425,8.6896566476287,3.));
#10571=CARTESIAN_POINT('Origin',(8.68965664762873,5.34482906142188,0.));
#10572=CARTESIAN_POINT('',(7.93965664762873,5.34482906142188,0.));
#10573=CARTESIAN_POINT('Origin',(8.68965664762873,5.34482906142188,0.));
#10574=CARTESIAN_POINT('',(7.93965664762873,5.34482906142188,3.));
#10575=CARTESIAN_POINT('',(7.93965664762873,5.34482906142188,0.));
#10576=CARTESIAN_POINT('Origin',(8.68965664762873,5.34482906142188,3.));
#10577=CARTESIAN_POINT('Origin',(2.00000147521494,18.6896566476288,0.));
#10578=CARTESIAN_POINT('',(1.25000147521495,18.6896566476288,0.));
#10579=CARTESIAN_POINT('Origin',(2.00000147521494,18.6896566476288,0.));
#10580=CARTESIAN_POINT('',(1.25000147521495,18.6896566476288,3.));
#10581=CARTESIAN_POINT('',(1.25000147521495,18.6896566476288,0.));
#10582=CARTESIAN_POINT('Origin',(2.00000147521494,18.6896566476288,3.));
#10583=CARTESIAN_POINT('Origin',(5.34482906142184,15.3448290614219,0.));
#10584=CARTESIAN_POINT('',(4.59482906142183,15.3448290614219,0.));
#10585=CARTESIAN_POINT('Origin',(5.34482906142184,15.3448290614219,0.));
#10586=CARTESIAN_POINT('',(4.59482906142183,15.3448290614219,3.));
#10587=CARTESIAN_POINT('',(4.59482906142183,15.3448290614219,0.));
#10588=CARTESIAN_POINT('Origin',(5.34482906142184,15.3448290614219,3.));
#10589=CARTESIAN_POINT('Origin',(12.0344842338356,2.00000147521495,0.));
#10590=CARTESIAN_POINT('',(11.2844842338356,2.00000147521495,0.));
#10591=CARTESIAN_POINT('Origin',(12.0344842338356,2.00000147521495,0.));
#10592=CARTESIAN_POINT('',(11.2844842338356,2.00000147521495,3.));
#10593=CARTESIAN_POINT('',(11.2844842338356,2.00000147521495,0.));
#10594=CARTESIAN_POINT('Origin',(12.0344842338356,2.00000147521495,3.));
#10595=CARTESIAN_POINT('Origin',(2.00000147521494,22.0689669924564,0.));
#10596=CARTESIAN_POINT('',(1.25000147521495,22.0689669924564,0.));
#10597=CARTESIAN_POINT('Origin',(2.00000147521494,22.0689669924564,0.));
#10598=CARTESIAN_POINT('',(1.25000147521495,22.0689669924564,3.));
#10599=CARTESIAN_POINT('',(1.25000147521495,22.0689669924564,0.));
#10600=CARTESIAN_POINT('Origin',(2.00000147521494,22.0689669924564,3.));
#10601=CARTESIAN_POINT('Origin',(15.3793118200425,2.00000147521495,0.));
#10602=CARTESIAN_POINT('',(14.6293118200425,2.00000147521495,0.));
#10603=CARTESIAN_POINT('Origin',(15.3793118200425,2.00000147521495,0.));
#10604=CARTESIAN_POINT('',(14.6293118200425,2.00000147521495,3.));
#10605=CARTESIAN_POINT('',(14.6293118200425,2.00000147521495,0.));
#10606=CARTESIAN_POINT('Origin',(15.3793118200425,2.00000147521495,3.));
#10607=CARTESIAN_POINT('Origin',(8.68965664762871,58.8620704407322,0.));
#10608=CARTESIAN_POINT('',(7.9396566476287,58.8620704407322,0.));
#10609=CARTESIAN_POINT('Origin',(8.68965664762871,58.8620704407322,0.));
#10610=CARTESIAN_POINT('',(7.9396566476287,58.8620704407322,3.));
#10611=CARTESIAN_POINT('',(7.9396566476287,58.8620704407322,0.));
#10612=CARTESIAN_POINT('Origin',(8.68965664762871,58.8620704407322,3.));
#10613=CARTESIAN_POINT('Origin',(5.34482906142184,5.34482906142188,0.));
#10614=CARTESIAN_POINT('',(4.59482906142185,5.34482906142188,0.));
#10615=CARTESIAN_POINT('Origin',(5.34482906142184,5.34482906142188,0.));
#10616=CARTESIAN_POINT('',(4.59482906142185,5.34482906142188,3.));
#10617=CARTESIAN_POINT('',(4.59482906142185,5.34482906142188,0.));
#10618=CARTESIAN_POINT('Origin',(5.34482906142184,5.34482906142188,3.));
#10619=CARTESIAN_POINT('Origin',(5.34482906142181,42.1379325096977,0.));
#10620=CARTESIAN_POINT('',(4.59482906142182,42.1379325096977,0.));
#10621=CARTESIAN_POINT('Origin',(5.34482906142181,42.1379325096977,0.));
#10622=CARTESIAN_POINT('',(4.59482906142182,42.1379325096977,3.));
#10623=CARTESIAN_POINT('',(4.59482906142182,42.1379325096977,0.));
#10624=CARTESIAN_POINT('Origin',(5.34482906142181,42.1379325096977,3.));
#10625=CARTESIAN_POINT('Origin',(2.00000147521494,25.4137945786632,0.));
#10626=CARTESIAN_POINT('',(1.25000147521495,25.4137945786632,0.));
#10627=CARTESIAN_POINT('Origin',(2.00000147521494,25.4137945786632,0.));
#10628=CARTESIAN_POINT('',(1.25000147521495,25.4137945786632,3.));
#10629=CARTESIAN_POINT('',(1.25000147521495,25.4137945786632,0.));
#10630=CARTESIAN_POINT('Origin',(2.00000147521494,25.4137945786632,3.));
#10631=CARTESIAN_POINT('Origin',(2.00000147521492,38.7931049234908,0.));
#10632=CARTESIAN_POINT('',(1.25000147521492,38.7931049234908,0.));
#10633=CARTESIAN_POINT('Origin',(2.00000147521492,38.7931049234908,0.));
#10634=CARTESIAN_POINT('',(1.25000147521492,38.7931049234908,3.));
#10635=CARTESIAN_POINT('',(1.25000147521492,38.7931049234908,0.));
#10636=CARTESIAN_POINT('Origin',(2.00000147521492,38.7931049234908,3.));
#10637=CARTESIAN_POINT('Origin',(8.68965664762873,2.00000147521498,0.));
#10638=CARTESIAN_POINT('',(7.93965664762873,2.00000147521498,0.));
#10639=CARTESIAN_POINT('Origin',(8.68965664762873,2.00000147521498,0.));
#10640=CARTESIAN_POINT('',(7.93965664762873,2.00000147521498,3.));
#10641=CARTESIAN_POINT('',(7.93965664762873,2.00000147521498,0.));
#10642=CARTESIAN_POINT('Origin',(8.68965664762873,2.00000147521498,3.));
#10643=CARTESIAN_POINT('Origin',(18.7241394062494,2.00000147521495,0.));
#10644=CARTESIAN_POINT('',(17.9741394062494,2.00000147521495,0.));
#10645=CARTESIAN_POINT('Origin',(18.7241394062494,2.00000147521495,0.));
#10646=CARTESIAN_POINT('',(17.9741394062494,2.00000147521495,3.));
#10647=CARTESIAN_POINT('',(17.9741394062494,2.00000147521495,0.));
#10648=CARTESIAN_POINT('Origin',(18.7241394062494,2.00000147521495,3.));
#10649=CARTESIAN_POINT('Origin',(25.3793118200425,2.00000147521492,0.));
#10650=CARTESIAN_POINT('',(24.6293118200425,2.00000147521492,0.));
#10651=CARTESIAN_POINT('Origin',(25.3793118200425,2.00000147521492,0.));
#10652=CARTESIAN_POINT('',(24.6293118200425,2.00000147521492,3.));
#10653=CARTESIAN_POINT('',(24.6293118200425,2.00000147521492,0.));
#10654=CARTESIAN_POINT('Origin',(25.3793118200425,2.00000147521492,3.));
#10655=CARTESIAN_POINT('Origin',(8.68965664762873,25.4137945786632,0.));
#10656=CARTESIAN_POINT('',(7.93965664762873,25.4137945786632,0.));
#10657=CARTESIAN_POINT('Origin',(8.68965664762873,25.4137945786632,0.));
#10658=CARTESIAN_POINT('',(7.93965664762873,25.4137945786632,3.));
#10659=CARTESIAN_POINT('',(7.93965664762873,25.4137945786632,0.));
#10660=CARTESIAN_POINT('Origin',(8.68965664762873,25.4137945786632,3.));
#10661=CARTESIAN_POINT('Origin',(5.34482906142184,12.0344842338357,0.));
#10662=CARTESIAN_POINT('',(4.59482906142184,12.0344842338357,0.));
#10663=CARTESIAN_POINT('Origin',(5.34482906142184,12.0344842338357,0.));
#10664=CARTESIAN_POINT('',(4.59482906142184,12.0344842338357,3.));
#10665=CARTESIAN_POINT('',(4.59482906142184,12.0344842338357,0.));
#10666=CARTESIAN_POINT('Origin',(5.34482906142184,12.0344842338357,3.));
#10667=CARTESIAN_POINT('Origin',(12.0344842338356,5.34482906142184,0.));
#10668=CARTESIAN_POINT('',(11.2844842338356,5.34482906142184,0.));
#10669=CARTESIAN_POINT('Origin',(12.0344842338356,5.34482906142184,0.));
#10670=CARTESIAN_POINT('',(11.2844842338356,5.34482906142184,3.));
#10671=CARTESIAN_POINT('',(11.2844842338356,5.34482906142184,0.));
#10672=CARTESIAN_POINT('Origin',(12.0344842338356,5.34482906142184,3.));
#10673=CARTESIAN_POINT('Origin',(2.00000147521495,2.00000147521497,0.));
#10674=CARTESIAN_POINT('',(1.25000147521495,2.00000147521497,0.));
#10675=CARTESIAN_POINT('Origin',(2.00000147521495,2.00000147521497,0.));
#10676=CARTESIAN_POINT('',(1.25000147521495,2.00000147521497,3.));
#10677=CARTESIAN_POINT('',(1.25000147521495,2.00000147521497,0.));
#10678=CARTESIAN_POINT('Origin',(2.00000147521495,2.00000147521497,3.));
#10679=CARTESIAN_POINT('Origin',(15.3793118200425,5.34482906142184,0.));
#10680=CARTESIAN_POINT('',(14.6293118200425,5.34482906142184,0.));
#10681=CARTESIAN_POINT('Origin',(15.3793118200425,5.34482906142184,0.));
#10682=CARTESIAN_POINT('',(14.6293118200425,5.34482906142184,3.));
#10683=CARTESIAN_POINT('',(14.6293118200425,5.34482906142184,0.));
#10684=CARTESIAN_POINT('Origin',(15.3793118200425,5.34482906142184,3.));
#10685=CARTESIAN_POINT('Origin',(82.2413807855598,99.000001475215,0.));
#10686=CARTESIAN_POINT('',(81.4913807855598,99.000001475215,0.));
#10687=CARTESIAN_POINT('Origin',(82.2413807855598,99.000001475215,0.));
#10688=CARTESIAN_POINT('',(81.4913807855598,99.000001475215,3.));
#10689=CARTESIAN_POINT('',(81.4913807855598,99.000001475215,0.));
#10690=CARTESIAN_POINT('Origin',(82.2413807855598,99.000001475215,3.));
#10691=CARTESIAN_POINT('Origin',(88.9655187165942,92.3103463028012,0.));
#10692=CARTESIAN_POINT('',(88.2155187165942,92.3103463028012,0.));
#10693=CARTESIAN_POINT('Origin',(88.9655187165942,92.3103463028012,0.));
#10694=CARTESIAN_POINT('',(88.2155187165942,92.3103463028012,3.));
#10695=CARTESIAN_POINT('',(88.2155187165942,92.3103463028012,0.));
#10696=CARTESIAN_POINT('Origin',(88.9655187165942,92.3103463028012,3.));
#10697=CARTESIAN_POINT('Origin',(78.9655187165943,5.34482906142181,0.));
#10698=CARTESIAN_POINT('',(78.2155187165943,5.34482906142181,0.));
#10699=CARTESIAN_POINT('Origin',(78.9655187165943,5.34482906142181,0.));
#10700=CARTESIAN_POINT('',(78.2155187165943,5.34482906142181,3.));
#10701=CARTESIAN_POINT('',(78.2155187165943,5.34482906142181,0.));
#10702=CARTESIAN_POINT('Origin',(78.9655187165943,5.34482906142181,3.));
#10703=CARTESIAN_POINT('Origin',(82.3103463028012,2.00000147521491,0.));
#10704=CARTESIAN_POINT('',(81.5603463028012,2.00000147521491,0.));
#10705=CARTESIAN_POINT('Origin',(82.3103463028012,2.00000147521491,0.));
#10706=CARTESIAN_POINT('',(81.5603463028012,2.00000147521491,3.));
#10707=CARTESIAN_POINT('',(81.5603463028012,2.00000147521491,0.));
#10708=CARTESIAN_POINT('Origin',(82.3103463028012,2.00000147521491,3.));
#10709=CARTESIAN_POINT('Origin',(88.9310359579735,99.000001475215,0.));
#10710=CARTESIAN_POINT('',(88.1810359579735,99.000001475215,0.));
#10711=CARTESIAN_POINT('Origin',(88.9310359579735,99.000001475215,0.));
#10712=CARTESIAN_POINT('',(88.1810359579735,99.000001475215,3.));
#10713=CARTESIAN_POINT('',(88.1810359579735,99.000001475215,0.));
#10714=CARTESIAN_POINT('Origin',(88.9310359579735,99.000001475215,3.));
#10715=CARTESIAN_POINT('Origin',(75.5862083717667,99.000001475215,0.));
#10716=CARTESIAN_POINT('',(74.8362083717667,99.000001475215,0.));
#10717=CARTESIAN_POINT('Origin',(75.5862083717667,99.000001475215,0.));
#10718=CARTESIAN_POINT('',(74.8362083717667,99.000001475215,3.));
#10719=CARTESIAN_POINT('',(74.8362083717667,99.000001475215,0.));
#10720=CARTESIAN_POINT('Origin',(75.5862083717667,99.000001475215,3.));
#10721=CARTESIAN_POINT('Origin',(95.6551738890081,8.68965664762873,0.));
#10722=CARTESIAN_POINT('',(94.9051738890081,8.68965664762873,0.));
#10723=CARTESIAN_POINT('Origin',(95.6551738890081,8.68965664762873,0.));
#10724=CARTESIAN_POINT('',(94.9051738890081,8.68965664762873,3.));
#10725=CARTESIAN_POINT('',(94.9051738890081,8.68965664762873,0.));
#10726=CARTESIAN_POINT('Origin',(95.6551738890081,8.68965664762873,3.));
#10727=CARTESIAN_POINT('Origin',(5.34482906142184,85.6206911303874,0.));
#10728=CARTESIAN_POINT('',(4.59482906142184,85.6206911303874,0.));
#10729=CARTESIAN_POINT('Origin',(5.34482906142184,85.6206911303874,0.));
#10730=CARTESIAN_POINT('',(4.59482906142184,85.6206911303874,3.));
#10731=CARTESIAN_POINT('',(4.59482906142184,85.6206911303874,0.));
#10732=CARTESIAN_POINT('Origin',(5.34482906142184,85.6206911303874,3.));
#10733=CARTESIAN_POINT('Origin',(2.00000147521495,78.9310359579736,0.));
#10734=CARTESIAN_POINT('',(1.25000147521495,78.9310359579736,0.));
#10735=CARTESIAN_POINT('Origin',(2.00000147521495,78.9310359579736,0.));
#10736=CARTESIAN_POINT('',(1.25000147521495,78.9310359579736,3.));
#10737=CARTESIAN_POINT('',(1.25000147521495,78.9310359579736,0.));
#10738=CARTESIAN_POINT('Origin',(2.00000147521495,78.9310359579736,3.));
#10739=CARTESIAN_POINT('Origin',(2.00000147521495,85.5862083717667,0.));
#10740=CARTESIAN_POINT('',(1.25000147521495,85.5862083717667,0.));
#10741=CARTESIAN_POINT('Origin',(2.00000147521495,85.5862083717667,0.));
#10742=CARTESIAN_POINT('',(1.25000147521495,85.5862083717667,3.));
#10743=CARTESIAN_POINT('',(1.25000147521495,85.5862083717667,0.));
#10744=CARTESIAN_POINT('Origin',(2.00000147521495,85.5862083717667,3.));
#10745=CARTESIAN_POINT('Origin',(5.34482906142184,88.9310359579736,0.));
#10746=CARTESIAN_POINT('',(4.59482906142184,88.9310359579736,0.));
#10747=CARTESIAN_POINT('Origin',(5.34482906142184,88.9310359579736,0.));
#10748=CARTESIAN_POINT('',(4.59482906142184,88.9310359579736,3.));
#10749=CARTESIAN_POINT('',(4.59482906142184,88.9310359579736,0.));
#10750=CARTESIAN_POINT('Origin',(5.34482906142184,88.9310359579736,3.));
#10751=CARTESIAN_POINT('Origin',(2.00000147521495,75.5862083717667,0.));
#10752=CARTESIAN_POINT('',(1.25000147521495,75.5862083717667,0.));
#10753=CARTESIAN_POINT('Origin',(2.00000147521495,75.5862083717667,0.));
#10754=CARTESIAN_POINT('',(1.25000147521495,75.5862083717667,3.));
#10755=CARTESIAN_POINT('',(1.25000147521495,75.5862083717667,0.));
#10756=CARTESIAN_POINT('Origin',(2.00000147521495,75.5862083717667,3.));
#10757=CARTESIAN_POINT('Origin',(8.68965664762873,85.6206911303874,0.));
#10758=CARTESIAN_POINT('',(7.93965664762874,85.6206911303874,0.));
#10759=CARTESIAN_POINT('Origin',(8.68965664762873,85.6206911303874,0.));
#10760=CARTESIAN_POINT('',(7.93965664762874,85.6206911303874,3.));
#10761=CARTESIAN_POINT('',(7.93965664762874,85.6206911303874,0.));
#10762=CARTESIAN_POINT('Origin',(8.68965664762873,85.6206911303874,3.));
#10763=CARTESIAN_POINT('Origin',(8.68965664762873,75.5862083717667,0.));
#10764=CARTESIAN_POINT('',(7.93965664762873,75.5862083717667,0.));
#10765=CARTESIAN_POINT('Origin',(8.68965664762873,75.5862083717667,0.));
#10766=CARTESIAN_POINT('',(7.93965664762873,75.5862083717667,3.));
#10767=CARTESIAN_POINT('',(7.93965664762873,75.5862083717667,0.));
#10768=CARTESIAN_POINT('Origin',(8.68965664762873,75.5862083717667,3.));
#10769=CARTESIAN_POINT('Origin',(38.7931049234908,5.34482906142183,0.));
#10770=CARTESIAN_POINT('',(38.0431049234908,5.34482906142183,0.));
#10771=CARTESIAN_POINT('Origin',(38.7931049234908,5.34482906142183,0.));
#10772=CARTESIAN_POINT('',(38.0431049234908,5.34482906142183,3.));
#10773=CARTESIAN_POINT('',(38.0431049234908,5.34482906142183,0.));
#10774=CARTESIAN_POINT('Origin',(38.7931049234908,5.34482906142183,3.));
#10775=CARTESIAN_POINT('Origin',(12.0344842338356,95.6551738890081,0.));
#10776=CARTESIAN_POINT('',(11.2844842338356,95.6551738890081,0.));
#10777=CARTESIAN_POINT('Origin',(12.0344842338356,95.6551738890081,0.));
#10778=CARTESIAN_POINT('',(11.2844842338356,95.6551738890081,3.));
#10779=CARTESIAN_POINT('',(11.2844842338356,95.6551738890081,0.));
#10780=CARTESIAN_POINT('Origin',(12.0344842338356,95.6551738890081,3.));
#10781=CARTESIAN_POINT('Origin',(48.7931049234908,8.68965664762873,0.));
#10782=CARTESIAN_POINT('',(48.0431049234908,8.68965664762873,0.));
#10783=CARTESIAN_POINT('Origin',(48.7931049234908,8.68965664762873,0.));
#10784=CARTESIAN_POINT('',(48.0431049234908,8.68965664762873,3.));
#10785=CARTESIAN_POINT('',(48.0431049234908,8.68965664762873,0.));
#10786=CARTESIAN_POINT('Origin',(48.7931049234908,8.68965664762873,3.));
#10787=CARTESIAN_POINT('Origin',(52.1379325096977,8.68965664762873,0.));
#10788=CARTESIAN_POINT('',(51.3879325096977,8.68965664762873,0.));
#10789=CARTESIAN_POINT('Origin',(52.1379325096977,8.68965664762873,0.));
#10790=CARTESIAN_POINT('',(51.3879325096977,8.68965664762873,3.));
#10791=CARTESIAN_POINT('',(51.3879325096977,8.68965664762873,0.));
#10792=CARTESIAN_POINT('Origin',(52.1379325096977,8.68965664762873,3.));
#10793=CARTESIAN_POINT('Origin',(42.1379325096977,5.34482906142183,0.));
#10794=CARTESIAN_POINT('',(41.3879325096977,5.34482906142183,0.));
#10795=CARTESIAN_POINT('Origin',(42.1379325096977,5.34482906142183,0.));
#10796=CARTESIAN_POINT('',(41.3879325096977,5.34482906142183,3.));
#10797=CARTESIAN_POINT('',(41.3879325096977,5.34482906142183,0.));
#10798=CARTESIAN_POINT('Origin',(42.1379325096977,5.34482906142183,3.));
#10799=CARTESIAN_POINT('Origin',(52.1379325096977,5.34482906142183,0.));
#10800=CARTESIAN_POINT('',(51.3879325096977,5.34482906142183,0.));
#10801=CARTESIAN_POINT('Origin',(52.1379325096977,5.34482906142183,0.));
#10802=CARTESIAN_POINT('',(51.3879325096977,5.34482906142183,3.));
#10803=CARTESIAN_POINT('',(51.3879325096977,5.34482906142183,0.));
#10804=CARTESIAN_POINT('Origin',(52.1379325096977,5.34482906142183,3.));
#10805=CARTESIAN_POINT('Origin',(52.1379325096977,95.6551738890081,0.));
#10806=CARTESIAN_POINT('',(51.3879325096977,95.6551738890081,0.));
#10807=CARTESIAN_POINT('Origin',(52.1379325096977,95.6551738890081,0.));
#10808=CARTESIAN_POINT('',(51.3879325096977,95.6551738890081,3.));
#10809=CARTESIAN_POINT('',(51.3879325096977,95.6551738890081,0.));
#10810=CARTESIAN_POINT('Origin',(52.1379325096977,95.6551738890081,3.));
#10811=CARTESIAN_POINT('Origin',(62.2068980269391,92.3103463028012,0.));
#10812=CARTESIAN_POINT('',(61.4568980269391,92.3103463028012,0.));
#10813=CARTESIAN_POINT('Origin',(62.2068980269391,92.3103463028012,0.));
#10814=CARTESIAN_POINT('',(61.4568980269391,92.3103463028012,3.));
#10815=CARTESIAN_POINT('',(61.4568980269391,92.3103463028012,0.));
#10816=CARTESIAN_POINT('Origin',(62.2068980269391,92.3103463028012,3.));
#10817=CARTESIAN_POINT('Origin',(99.000001475215,45.4827600959046,0.));
#10818=CARTESIAN_POINT('',(98.250001475215,45.4827600959046,0.));
#10819=CARTESIAN_POINT('Origin',(99.000001475215,45.4827600959046,0.));
#10820=CARTESIAN_POINT('',(98.250001475215,45.4827600959046,3.));
#10821=CARTESIAN_POINT('',(98.250001475215,45.4827600959046,0.));
#10822=CARTESIAN_POINT('Origin',(99.000001475215,45.4827600959046,3.));
#10823=CARTESIAN_POINT('Origin',(75.6206911303874,2.00000147521492,0.));
#10824=CARTESIAN_POINT('',(74.8706911303874,2.00000147521492,0.));
#10825=CARTESIAN_POINT('Origin',(75.6206911303874,2.00000147521492,0.));
#10826=CARTESIAN_POINT('',(74.8706911303874,2.00000147521492,3.));
#10827=CARTESIAN_POINT('',(74.8706911303874,2.00000147521492,0.));
#10828=CARTESIAN_POINT('Origin',(75.6206911303874,2.00000147521492,3.));
#10829=CARTESIAN_POINT('Origin',(92.3103463028012,48.7931049234908,0.));
#10830=CARTESIAN_POINT('',(91.5603463028012,48.7931049234908,0.));
#10831=CARTESIAN_POINT('Origin',(92.3103463028012,48.7931049234908,0.));
#10832=CARTESIAN_POINT('',(91.5603463028012,48.7931049234908,3.));
#10833=CARTESIAN_POINT('',(91.5603463028012,48.7931049234908,0.));
#10834=CARTESIAN_POINT('Origin',(92.3103463028012,48.7931049234908,3.));
#10835=CARTESIAN_POINT('Origin',(99.000001475215,55.5172428545253,0.));
#10836=CARTESIAN_POINT('',(98.250001475215,55.5172428545253,0.));
#10837=CARTESIAN_POINT('Origin',(99.000001475215,55.5172428545253,0.));
#10838=CARTESIAN_POINT('',(98.250001475215,55.5172428545253,3.));
#10839=CARTESIAN_POINT('',(98.250001475215,55.5172428545253,0.));
#10840=CARTESIAN_POINT('Origin',(99.000001475215,55.5172428545253,3.));
#10841=CARTESIAN_POINT('Origin',(88.9655187165943,8.68965664762872,0.));
#10842=CARTESIAN_POINT('',(88.2155187165943,8.68965664762872,0.));
#10843=CARTESIAN_POINT('Origin',(88.9655187165943,8.68965664762872,0.));
#10844=CARTESIAN_POINT('',(88.2155187165943,8.68965664762872,3.));
#10845=CARTESIAN_POINT('',(88.2155187165943,8.68965664762872,0.));
#10846=CARTESIAN_POINT('Origin',(88.9655187165943,8.68965664762872,3.));
#10847=CARTESIAN_POINT('Origin',(99.000001475215,18.7241394062494,0.));
#10848=CARTESIAN_POINT('',(98.250001475215,18.7241394062494,0.));
#10849=CARTESIAN_POINT('Origin',(99.000001475215,18.7241394062494,0.));
#10850=CARTESIAN_POINT('',(98.250001475215,18.7241394062494,3.));
#10851=CARTESIAN_POINT('',(98.250001475215,18.7241394062494,0.));
#10852=CARTESIAN_POINT('Origin',(99.000001475215,18.7241394062494,3.));
#10853=CARTESIAN_POINT('Origin',(92.3103463028012,18.6896566476287,0.));
#10854=CARTESIAN_POINT('',(91.5603463028012,18.6896566476287,0.));
#10855=CARTESIAN_POINT('Origin',(92.3103463028012,18.6896566476287,0.));
#10856=CARTESIAN_POINT('',(91.5603463028012,18.6896566476287,3.));
#10857=CARTESIAN_POINT('',(91.5603463028012,18.6896566476287,0.));
#10858=CARTESIAN_POINT('Origin',(92.3103463028012,18.6896566476287,3.));
#10859=CARTESIAN_POINT('Origin',(95.6551738890081,38.7931049234908,0.));
#10860=CARTESIAN_POINT('',(94.9051738890081,38.7931049234908,0.));
#10861=CARTESIAN_POINT('Origin',(95.6551738890081,38.7931049234908,0.));
#10862=CARTESIAN_POINT('',(94.9051738890081,38.7931049234908,3.));
#10863=CARTESIAN_POINT('',(94.9051738890081,38.7931049234908,0.));
#10864=CARTESIAN_POINT('Origin',(95.6551738890081,38.7931049234908,3.));
#10865=CARTESIAN_POINT('Origin',(99.000001475215,58.8620704407322,0.));
#10866=CARTESIAN_POINT('',(98.2500014752149,58.8620704407322,0.));
#10867=CARTESIAN_POINT('Origin',(99.000001475215,58.8620704407322,0.));
#10868=CARTESIAN_POINT('',(98.2500014752149,58.8620704407322,3.));
#10869=CARTESIAN_POINT('',(98.2500014752149,58.8620704407322,0.));
#10870=CARTESIAN_POINT('Origin',(99.000001475215,58.8620704407322,3.));
#10871=CARTESIAN_POINT('Origin',(92.3103463028012,45.4827600959046,0.));
#10872=CARTESIAN_POINT('',(91.5603463028012,45.4827600959046,0.));
#10873=CARTESIAN_POINT('Origin',(92.3103463028012,45.4827600959046,0.));
#10874=CARTESIAN_POINT('',(91.5603463028012,45.4827600959046,3.));
#10875=CARTESIAN_POINT('',(91.5603463028012,45.4827600959046,0.));
#10876=CARTESIAN_POINT('Origin',(92.3103463028012,45.4827600959046,3.));
#10877=CARTESIAN_POINT('Origin',(92.3103463028012,62.2068980269391,0.));
#10878=CARTESIAN_POINT('',(91.5603463028012,62.2068980269391,0.));
#10879=CARTESIAN_POINT('Origin',(92.3103463028012,62.2068980269391,0.));
#10880=CARTESIAN_POINT('',(91.5603463028012,62.2068980269391,3.));
#10881=CARTESIAN_POINT('',(91.5603463028012,62.2068980269391,0.));
#10882=CARTESIAN_POINT('Origin',(92.3103463028012,62.2068980269391,3.));
#10883=CARTESIAN_POINT('Origin',(38.7931049234908,99.000001475215,0.));
#10884=CARTESIAN_POINT('',(38.0431049234908,99.000001475215,0.));
#10885=CARTESIAN_POINT('Origin',(38.7931049234908,99.000001475215,0.));
#10886=CARTESIAN_POINT('',(38.0431049234908,99.000001475215,3.));
#10887=CARTESIAN_POINT('',(38.0431049234908,99.000001475215,0.));
#10888=CARTESIAN_POINT('Origin',(38.7931049234908,99.000001475215,3.));
#10889=CARTESIAN_POINT('Origin',(95.6551738890081,2.00000147521494,0.));
#10890=CARTESIAN_POINT('',(94.9051738890081,2.00000147521494,0.));
#10891=CARTESIAN_POINT('Origin',(95.6551738890081,2.00000147521494,0.));
#10892=CARTESIAN_POINT('',(94.9051738890081,2.00000147521494,3.));
#10893=CARTESIAN_POINT('',(94.9051738890081,2.00000147521494,0.));
#10894=CARTESIAN_POINT('Origin',(95.6551738890081,2.00000147521494,3.));
#10895=CARTESIAN_POINT('Origin',(99.000001475215,12.0344842338356,0.));
#10896=CARTESIAN_POINT('',(98.250001475215,12.0344842338356,0.));
#10897=CARTESIAN_POINT('Origin',(99.000001475215,12.0344842338356,0.));
#10898=CARTESIAN_POINT('',(98.250001475215,12.0344842338356,3.));
#10899=CARTESIAN_POINT('',(98.250001475215,12.0344842338356,0.));
#10900=CARTESIAN_POINT('Origin',(99.000001475215,12.0344842338356,3.));
#10901=CARTESIAN_POINT('Origin',(48.8275876821115,92.3103463028012,0.));
#10902=CARTESIAN_POINT('',(48.0775876821115,92.3103463028012,0.));
#10903=CARTESIAN_POINT('Origin',(48.8275876821115,92.3103463028012,0.));
#10904=CARTESIAN_POINT('',(48.0775876821115,92.3103463028012,3.));
#10905=CARTESIAN_POINT('',(48.0775876821115,92.3103463028012,0.));
#10906=CARTESIAN_POINT('Origin',(48.8275876821115,92.3103463028012,3.));
#10907=CARTESIAN_POINT('Origin',(42.1379325096977,99.000001475215,0.));
#10908=CARTESIAN_POINT('',(41.3879325096977,99.000001475215,0.));
#10909=CARTESIAN_POINT('Origin',(42.1379325096977,99.000001475215,0.));
#10910=CARTESIAN_POINT('',(41.3879325096977,99.000001475215,3.));
#10911=CARTESIAN_POINT('',(41.3879325096977,99.000001475215,0.));
#10912=CARTESIAN_POINT('Origin',(42.1379325096977,99.000001475215,3.));
#10913=CARTESIAN_POINT('Origin',(95.6551738890081,62.2068980269391,0.));
#10914=CARTESIAN_POINT('',(94.9051738890081,62.2068980269391,0.));
#10915=CARTESIAN_POINT('Origin',(95.6551738890081,62.2068980269391,0.));
#10916=CARTESIAN_POINT('',(94.9051738890081,62.2068980269391,3.));
#10917=CARTESIAN_POINT('',(94.9051738890081,62.2068980269391,0.));
#10918=CARTESIAN_POINT('Origin',(95.6551738890081,62.2068980269391,3.));
#10919=CARTESIAN_POINT('Origin',(99.000001475215,78.9310359579736,0.));
#10920=CARTESIAN_POINT('',(98.250001475215,78.9310359579736,0.));
#10921=CARTESIAN_POINT('Origin',(99.000001475215,78.9310359579736,0.));
#10922=CARTESIAN_POINT('',(98.250001475215,78.9310359579736,3.));
#10923=CARTESIAN_POINT('',(98.250001475215,78.9310359579736,0.));
#10924=CARTESIAN_POINT('Origin',(99.000001475215,78.9310359579736,3.));
#10925=CARTESIAN_POINT('Origin',(99.000001475215,15.3448290614218,0.));
#10926=CARTESIAN_POINT('',(98.250001475215,15.3448290614218,0.));
#10927=CARTESIAN_POINT('Origin',(99.000001475215,15.3448290614218,0.));
#10928=CARTESIAN_POINT('',(98.250001475215,15.3448290614218,3.));
#10929=CARTESIAN_POINT('',(98.250001475215,15.3448290614218,0.));
#10930=CARTESIAN_POINT('Origin',(99.000001475215,15.3448290614218,3.));
#10931=CARTESIAN_POINT('Origin',(99.000001475215,25.4137945786632,0.));
#10932=CARTESIAN_POINT('',(98.250001475215,25.4137945786632,0.));
#10933=CARTESIAN_POINT('Origin',(99.000001475215,25.4137945786632,0.));
#10934=CARTESIAN_POINT('',(98.250001475215,25.4137945786632,3.));
#10935=CARTESIAN_POINT('',(98.250001475215,25.4137945786632,0.));
#10936=CARTESIAN_POINT('Origin',(99.000001475215,25.4137945786632,3.));
#10937=CARTESIAN_POINT('Origin',(99.000001475215,8.68965664762873,0.));
#10938=CARTESIAN_POINT('',(98.250001475215,8.68965664762873,0.));
#10939=CARTESIAN_POINT('Origin',(99.000001475215,8.68965664762873,0.));
#10940=CARTESIAN_POINT('',(98.250001475215,8.68965664762873,3.));
#10941=CARTESIAN_POINT('',(98.250001475215,8.68965664762873,0.));
#10942=CARTESIAN_POINT('Origin',(99.000001475215,8.68965664762873,3.));
#10943=CARTESIAN_POINT('Origin',(92.3103463028012,99.0000014752149,0.));
#10944=CARTESIAN_POINT('',(91.5603463028012,99.0000014752149,0.));
#10945=CARTESIAN_POINT('Origin',(92.3103463028012,99.0000014752149,0.));
#10946=CARTESIAN_POINT('',(91.5603463028012,99.0000014752149,3.));
#10947=CARTESIAN_POINT('',(91.5603463028012,99.0000014752149,0.));
#10948=CARTESIAN_POINT('Origin',(92.3103463028012,99.0000014752149,3.));
#10949=CARTESIAN_POINT('Origin',(78.9310359579735,99.000001475215,0.));
#10950=CARTESIAN_POINT('',(78.1810359579736,99.000001475215,0.));
#10951=CARTESIAN_POINT('Origin',(78.9310359579735,99.000001475215,0.));
#10952=CARTESIAN_POINT('',(78.1810359579736,99.000001475215,3.));
#10953=CARTESIAN_POINT('',(78.1810359579736,99.000001475215,0.));
#10954=CARTESIAN_POINT('Origin',(78.9310359579735,99.000001475215,3.));
#10955=CARTESIAN_POINT('Origin',(2.00000147521492,58.8620704407322,0.));
#10956=CARTESIAN_POINT('',(1.25000147521493,58.8620704407322,0.));
#10957=CARTESIAN_POINT('Origin',(2.00000147521492,58.8620704407322,0.));
#10958=CARTESIAN_POINT('',(1.25000147521493,58.8620704407322,3.));
#10959=CARTESIAN_POINT('',(1.25000147521493,58.8620704407322,0.));
#10960=CARTESIAN_POINT('Origin',(2.00000147521492,58.8620704407322,3.));
#10961=CARTESIAN_POINT('Origin',(8.68965664762871,52.1379325096977,0.));
#10962=CARTESIAN_POINT('',(7.93965664762871,52.1379325096977,0.));
#10963=CARTESIAN_POINT('Origin',(8.68965664762871,52.1379325096977,0.));
#10964=CARTESIAN_POINT('',(7.93965664762871,52.1379325096977,3.));
#10965=CARTESIAN_POINT('',(7.93965664762871,52.1379325096977,0.));
#10966=CARTESIAN_POINT('Origin',(8.68965664762871,52.1379325096977,3.));
#10967=CARTESIAN_POINT('Origin',(5.34482906142181,45.4827600959046,0.));
#10968=CARTESIAN_POINT('',(4.59482906142181,45.4827600959046,0.));
#10969=CARTESIAN_POINT('Origin',(5.34482906142181,45.4827600959046,0.));
#10970=CARTESIAN_POINT('',(4.59482906142181,45.4827600959046,3.));
#10971=CARTESIAN_POINT('',(4.59482906142181,45.4827600959046,0.));
#10972=CARTESIAN_POINT('Origin',(5.34482906142181,45.4827600959046,3.));
#10973=CARTESIAN_POINT('Origin',(8.68965664762873,92.3103463028012,0.));
#10974=CARTESIAN_POINT('',(7.93965664762874,92.3103463028012,0.));
#10975=CARTESIAN_POINT('Origin',(8.68965664762873,92.3103463028012,0.));
#10976=CARTESIAN_POINT('',(7.93965664762874,92.3103463028012,3.));
#10977=CARTESIAN_POINT('',(7.93965664762874,92.3103463028012,0.));
#10978=CARTESIAN_POINT('Origin',(8.68965664762873,92.3103463028012,3.));
#10979=CARTESIAN_POINT('Origin',(2.00000147521492,55.4827600959046,0.));
#10980=CARTESIAN_POINT('',(1.25000147521492,55.4827600959046,0.));
#10981=CARTESIAN_POINT('Origin',(2.00000147521492,55.4827600959046,0.));
#10982=CARTESIAN_POINT('',(1.25000147521492,55.4827600959046,3.));
#10983=CARTESIAN_POINT('',(1.25000147521492,55.4827600959046,0.));
#10984=CARTESIAN_POINT('Origin',(2.00000147521492,55.4827600959046,3.));
#10985=CARTESIAN_POINT('Origin',(8.68965664762871,48.8275876821115,0.));
#10986=CARTESIAN_POINT('',(7.93965664762871,48.8275876821115,0.));
#10987=CARTESIAN_POINT('Origin',(8.68965664762871,48.8275876821115,0.));
#10988=CARTESIAN_POINT('',(7.93965664762871,48.8275876821115,3.));
#10989=CARTESIAN_POINT('',(7.93965664762871,48.8275876821115,0.));
#10990=CARTESIAN_POINT('Origin',(8.68965664762871,48.8275876821115,3.));
#10991=CARTESIAN_POINT('Origin',(18.6896566476287,99.000001475215,0.));
#10992=CARTESIAN_POINT('',(17.9396566476287,99.000001475215,0.));
#10993=CARTESIAN_POINT('Origin',(18.6896566476287,99.000001475215,0.));
#10994=CARTESIAN_POINT('',(17.9396566476287,99.000001475215,3.));
#10995=CARTESIAN_POINT('',(17.9396566476287,99.000001475215,0.));
#10996=CARTESIAN_POINT('Origin',(18.6896566476287,99.000001475215,3.));
#10997=CARTESIAN_POINT('Origin',(2.00000147521492,45.4827600959046,0.));
#10998=CARTESIAN_POINT('',(1.25000147521493,45.4827600959046,0.));
#10999=CARTESIAN_POINT('Origin',(2.00000147521492,45.4827600959046,0.));
#11000=CARTESIAN_POINT('',(1.25000147521493,45.4827600959046,3.));
#11001=CARTESIAN_POINT('',(1.25000147521493,45.4827600959046,0.));
#11002=CARTESIAN_POINT('Origin',(2.00000147521492,45.4827600959046,3.));
#11003=CARTESIAN_POINT('Origin',(5.34482906142181,52.1379325096977,0.));
#11004=CARTESIAN_POINT('',(4.59482906142181,52.1379325096977,0.));
#11005=CARTESIAN_POINT('Origin',(5.34482906142181,52.1379325096977,0.));
#11006=CARTESIAN_POINT('',(4.59482906142181,52.1379325096977,3.));
#11007=CARTESIAN_POINT('',(4.59482906142181,52.1379325096977,0.));
#11008=CARTESIAN_POINT('Origin',(5.34482906142181,52.1379325096977,3.));
#11009=CARTESIAN_POINT('Origin',(18.6896566476287,95.6551738890081,0.));
#11010=CARTESIAN_POINT('',(17.9396566476287,95.6551738890081,0.));
#11011=CARTESIAN_POINT('Origin',(18.6896566476287,95.6551738890081,0.));
#11012=CARTESIAN_POINT('',(17.9396566476287,95.6551738890081,3.));
#11013=CARTESIAN_POINT('',(17.9396566476287,95.6551738890081,0.));
#11014=CARTESIAN_POINT('Origin',(18.6896566476287,95.6551738890081,3.));
#11015=CARTESIAN_POINT('Origin',(8.68965664762871,45.4827600959046,0.));
#11016=CARTESIAN_POINT('',(7.93965664762871,45.4827600959046,0.));
#11017=CARTESIAN_POINT('Origin',(8.68965664762871,45.4827600959046,0.));
#11018=CARTESIAN_POINT('',(7.93965664762871,45.4827600959046,3.));
#11019=CARTESIAN_POINT('',(7.93965664762871,45.4827600959046,0.));
#11020=CARTESIAN_POINT('Origin',(8.68965664762871,45.4827600959046,3.));
#11021=CARTESIAN_POINT('Origin',(18.7241394062494,92.3103463028012,0.));
#11022=CARTESIAN_POINT('',(17.9741394062494,92.3103463028012,0.));
#11023=CARTESIAN_POINT('Origin',(18.7241394062494,92.3103463028012,0.));
#11024=CARTESIAN_POINT('',(17.9741394062494,92.3103463028012,3.));
#11025=CARTESIAN_POINT('',(17.9741394062494,92.3103463028012,0.));
#11026=CARTESIAN_POINT('Origin',(18.7241394062494,92.3103463028012,3.));
#11027=CARTESIAN_POINT('Origin',(95.655173889008,85.6206911303873,0.));
#11028=CARTESIAN_POINT('',(94.9051738890081,85.6206911303873,0.));
#11029=CARTESIAN_POINT('Origin',(95.655173889008,85.6206911303873,0.));
#11030=CARTESIAN_POINT('',(94.9051738890081,85.6206911303873,3.));
#11031=CARTESIAN_POINT('',(94.9051738890081,85.6206911303873,0.));
#11032=CARTESIAN_POINT('Origin',(95.655173889008,85.6206911303873,3.));
#11033=CARTESIAN_POINT('Origin',(95.655173889008,88.9310359579736,0.));
#11034=CARTESIAN_POINT('',(94.905173889008,88.9310359579736,0.));
#11035=CARTESIAN_POINT('Origin',(95.655173889008,88.9310359579736,0.));
#11036=CARTESIAN_POINT('',(94.905173889008,88.9310359579736,3.));
#11037=CARTESIAN_POINT('',(94.905173889008,88.9310359579736,0.));
#11038=CARTESIAN_POINT('Origin',(95.655173889008,88.9310359579736,3.));
#11039=CARTESIAN_POINT('Origin',(99.000001475215,88.9310359579736,0.));
#11040=CARTESIAN_POINT('',(98.250001475215,88.9310359579736,0.));
#11041=CARTESIAN_POINT('Origin',(99.000001475215,88.9310359579736,0.));
#11042=CARTESIAN_POINT('',(98.250001475215,88.9310359579736,3.));
#11043=CARTESIAN_POINT('',(98.250001475215,88.9310359579736,0.));
#11044=CARTESIAN_POINT('Origin',(99.000001475215,88.9310359579736,3.));
#11045=CARTESIAN_POINT('Origin',(92.3103463028012,95.655173889008,0.));
#11046=CARTESIAN_POINT('',(91.5603463028012,95.655173889008,0.));
#11047=CARTESIAN_POINT('Origin',(92.3103463028012,95.655173889008,0.));
#11048=CARTESIAN_POINT('',(91.5603463028012,95.655173889008,3.));
#11049=CARTESIAN_POINT('',(91.5603463028012,95.655173889008,0.));
#11050=CARTESIAN_POINT('Origin',(92.3103463028012,95.655173889008,3.));
#11051=CARTESIAN_POINT('Origin',(92.3103463028012,78.9310359579736,0.));
#11052=CARTESIAN_POINT('',(91.5603463028012,78.9310359579736,0.));
#11053=CARTESIAN_POINT('Origin',(92.3103463028012,78.9310359579736,0.));
#11054=CARTESIAN_POINT('',(91.5603463028012,78.9310359579736,3.));
#11055=CARTESIAN_POINT('',(91.5603463028012,78.9310359579736,0.));
#11056=CARTESIAN_POINT('Origin',(92.3103463028012,78.9310359579736,3.));
#11057=CARTESIAN_POINT('Origin',(95.655173889008,99.0000014752149,0.));
#11058=CARTESIAN_POINT('',(94.9051738890081,99.0000014752149,0.));
#11059=CARTESIAN_POINT('Origin',(95.655173889008,99.0000014752149,0.));
#11060=CARTESIAN_POINT('',(94.9051738890081,99.0000014752149,3.));
#11061=CARTESIAN_POINT('',(94.9051738890081,99.0000014752149,0.));
#11062=CARTESIAN_POINT('Origin',(95.655173889008,99.0000014752149,3.));
#11063=CARTESIAN_POINT('Origin',(92.3103463028012,85.5862083717667,0.));
#11064=CARTESIAN_POINT('',(91.5603463028012,85.5862083717667,0.));
#11065=CARTESIAN_POINT('Origin',(92.3103463028012,85.5862083717667,0.));
#11066=CARTESIAN_POINT('',(91.5603463028012,85.5862083717667,3.));
#11067=CARTESIAN_POINT('',(91.5603463028012,85.5862083717667,0.));
#11068=CARTESIAN_POINT('Origin',(92.3103463028012,85.5862083717667,3.));
#11069=CARTESIAN_POINT('Origin',(95.655173889008,82.2758635441805,0.));
#11070=CARTESIAN_POINT('',(94.905173889008,82.2758635441805,0.));
#11071=CARTESIAN_POINT('Origin',(95.655173889008,82.2758635441805,0.));
#11072=CARTESIAN_POINT('',(94.905173889008,82.2758635441805,3.));
#11073=CARTESIAN_POINT('',(94.905173889008,82.2758635441805,0.));
#11074=CARTESIAN_POINT('Origin',(95.655173889008,82.2758635441805,3.));
#11075=CARTESIAN_POINT('Origin',(82.3103463028012,8.6896566476287,0.));
#11076=CARTESIAN_POINT('',(81.5603463028012,8.6896566476287,0.));
#11077=CARTESIAN_POINT('Origin',(82.3103463028012,8.6896566476287,0.));
#11078=CARTESIAN_POINT('',(81.5603463028012,8.6896566476287,3.));
#11079=CARTESIAN_POINT('',(81.5603463028012,8.6896566476287,0.));
#11080=CARTESIAN_POINT('Origin',(82.3103463028012,8.6896566476287,3.));
#11081=CARTESIAN_POINT('Origin',(99.000001475215,99.0000014752149,0.));
#11082=CARTESIAN_POINT('',(98.250001475215,99.0000014752149,0.));
#11083=CARTESIAN_POINT('Origin',(99.000001475215,99.0000014752149,0.));
#11084=CARTESIAN_POINT('',(98.250001475215,99.0000014752149,3.));
#11085=CARTESIAN_POINT('',(98.250001475215,99.0000014752149,0.));
#11086=CARTESIAN_POINT('Origin',(99.000001475215,99.0000014752149,3.));
#11087=CARTESIAN_POINT('Origin',(45.4827600959046,95.6551738890081,0.));
#11088=CARTESIAN_POINT('',(44.7327600959046,95.6551738890081,0.));
#11089=CARTESIAN_POINT('Origin',(45.4827600959046,95.6551738890081,0.));
#11090=CARTESIAN_POINT('',(44.7327600959046,95.6551738890081,3.));
#11091=CARTESIAN_POINT('',(44.7327600959046,95.6551738890081,0.));
#11092=CARTESIAN_POINT('Origin',(45.4827600959046,95.6551738890081,3.));
#11093=CARTESIAN_POINT('Origin',(95.655173889008,92.2758635441805,0.));
#11094=CARTESIAN_POINT('',(94.905173889008,92.2758635441805,0.));
#11095=CARTESIAN_POINT('Origin',(95.655173889008,92.2758635441805,0.));
#11096=CARTESIAN_POINT('',(94.905173889008,92.2758635441805,3.));
#11097=CARTESIAN_POINT('',(94.905173889008,92.2758635441805,0.));
#11098=CARTESIAN_POINT('Origin',(95.655173889008,92.2758635441805,3.));
#11099=CARTESIAN_POINT('Origin',(38.7931049234908,95.6551738890081,0.));
#11100=CARTESIAN_POINT('',(38.0431049234908,95.6551738890081,0.));
#11101=CARTESIAN_POINT('Origin',(38.7931049234908,95.6551738890081,0.));
#11102=CARTESIAN_POINT('',(38.0431049234908,95.6551738890081,3.));
#11103=CARTESIAN_POINT('',(38.0431049234908,95.6551738890081,0.));
#11104=CARTESIAN_POINT('Origin',(38.7931049234908,95.6551738890081,3.));
#11105=CARTESIAN_POINT('Origin',(92.3103463028012,38.7931049234908,0.));
#11106=CARTESIAN_POINT('',(91.5603463028012,38.7931049234908,0.));
#11107=CARTESIAN_POINT('Origin',(92.3103463028012,38.7931049234908,0.));
#11108=CARTESIAN_POINT('',(91.5603463028012,38.7931049234908,3.));
#11109=CARTESIAN_POINT('',(91.5603463028012,38.7931049234908,0.));
#11110=CARTESIAN_POINT('Origin',(92.3103463028012,38.7931049234908,3.));
#11111=CARTESIAN_POINT('Origin',(92.3103463028012,2.00000147521494,0.));
#11112=CARTESIAN_POINT('',(91.5603463028012,2.00000147521494,0.));
#11113=CARTESIAN_POINT('Origin',(92.3103463028012,2.00000147521494,0.));
#11114=CARTESIAN_POINT('',(91.5603463028012,2.00000147521494,3.));
#11115=CARTESIAN_POINT('',(91.5603463028012,2.00000147521494,0.));
#11116=CARTESIAN_POINT('Origin',(92.3103463028012,2.00000147521494,3.));
#11117=CARTESIAN_POINT('Origin',(48.8275876821115,95.6551738890081,0.));
#11118=CARTESIAN_POINT('',(48.0775876821115,95.6551738890081,0.));
#11119=CARTESIAN_POINT('Origin',(48.8275876821115,95.6551738890081,0.));
#11120=CARTESIAN_POINT('',(48.0775876821115,95.6551738890081,3.));
#11121=CARTESIAN_POINT('',(48.0775876821115,95.6551738890081,0.));
#11122=CARTESIAN_POINT('Origin',(48.8275876821115,95.6551738890081,3.));
#11123=CARTESIAN_POINT('Origin',(62.2068980269391,99.000001475215,0.));
#11124=CARTESIAN_POINT('',(61.4568980269391,99.000001475215,0.));
#11125=CARTESIAN_POINT('Origin',(62.2068980269391,99.000001475215,0.));
#11126=CARTESIAN_POINT('',(61.4568980269391,99.000001475215,3.));
#11127=CARTESIAN_POINT('',(61.4568980269391,99.000001475215,0.));
#11128=CARTESIAN_POINT('Origin',(62.2068980269391,99.000001475215,3.));
#11129=CARTESIAN_POINT('Origin',(95.6551738890081,42.1379325096977,0.));
#11130=CARTESIAN_POINT('',(94.9051738890081,42.1379325096977,0.));
#11131=CARTESIAN_POINT('Origin',(95.6551738890081,42.1379325096977,0.));
#11132=CARTESIAN_POINT('',(94.9051738890081,42.1379325096977,3.));
#11133=CARTESIAN_POINT('',(94.9051738890081,42.1379325096977,0.));
#11134=CARTESIAN_POINT('Origin',(95.6551738890081,42.1379325096977,3.));
#11135=CARTESIAN_POINT('Origin',(85.6206911303874,2.00000147521494,0.));
#11136=CARTESIAN_POINT('',(84.8706911303874,2.00000147521494,0.));
#11137=CARTESIAN_POINT('Origin',(85.6206911303874,2.00000147521494,0.));
#11138=CARTESIAN_POINT('',(84.8706911303874,2.00000147521494,3.));
#11139=CARTESIAN_POINT('',(84.8706911303874,2.00000147521494,0.));
#11140=CARTESIAN_POINT('Origin',(85.6206911303874,2.00000147521494,3.));
#11141=CARTESIAN_POINT('Origin',(55.4827600959046,5.34482906142183,0.));
#11142=CARTESIAN_POINT('',(54.7327600959046,5.34482906142183,0.));
#11143=CARTESIAN_POINT('Origin',(55.4827600959046,5.34482906142183,0.));
#11144=CARTESIAN_POINT('',(54.7327600959046,5.34482906142183,3.));
#11145=CARTESIAN_POINT('',(54.7327600959046,5.34482906142183,0.));
#11146=CARTESIAN_POINT('Origin',(55.4827600959046,5.34482906142183,3.));
#11147=CARTESIAN_POINT('Origin',(92.3103463028012,52.1379325096977,0.));
#11148=CARTESIAN_POINT('',(91.5603463028012,52.1379325096977,0.));
#11149=CARTESIAN_POINT('Origin',(92.3103463028012,52.1379325096977,0.));
#11150=CARTESIAN_POINT('',(91.5603463028012,52.1379325096977,3.));
#11151=CARTESIAN_POINT('',(91.5603463028012,52.1379325096977,0.));
#11152=CARTESIAN_POINT('Origin',(92.3103463028012,52.1379325096977,3.));
#11153=CARTESIAN_POINT('Origin',(52.1379325096977,99.000001475215,0.));
#11154=CARTESIAN_POINT('',(51.3879325096977,99.000001475215,0.));
#11155=CARTESIAN_POINT('Origin',(52.1379325096977,99.000001475215,0.));
#11156=CARTESIAN_POINT('',(51.3879325096977,99.000001475215,3.));
#11157=CARTESIAN_POINT('',(51.3879325096977,99.000001475215,0.));
#11158=CARTESIAN_POINT('Origin',(52.1379325096977,99.000001475215,3.));
#11159=CARTESIAN_POINT('Origin',(99.000001475215,48.8275876821115,0.));
#11160=CARTESIAN_POINT('',(98.250001475215,48.8275876821115,0.));
#11161=CARTESIAN_POINT('Origin',(99.000001475215,48.8275876821115,0.));
#11162=CARTESIAN_POINT('',(98.250001475215,48.8275876821115,3.));
#11163=CARTESIAN_POINT('',(98.250001475215,48.8275876821115,0.));
#11164=CARTESIAN_POINT('Origin',(99.000001475215,48.8275876821115,3.));
#11165=CARTESIAN_POINT('Origin',(82.3103463028012,5.34482906142181,0.));
#11166=CARTESIAN_POINT('',(81.5603463028012,5.34482906142181,0.));
#11167=CARTESIAN_POINT('Origin',(82.3103463028012,5.34482906142181,0.));
#11168=CARTESIAN_POINT('',(81.5603463028012,5.34482906142181,3.));
#11169=CARTESIAN_POINT('',(81.5603463028012,5.34482906142181,0.));
#11170=CARTESIAN_POINT('Origin',(82.3103463028012,5.34482906142181,3.));
#11171=CARTESIAN_POINT('Origin',(55.5172428545253,92.3103463028012,0.));
#11172=CARTESIAN_POINT('',(54.7672428545253,92.3103463028012,0.));
#11173=CARTESIAN_POINT('Origin',(55.5172428545253,92.3103463028012,0.));
#11174=CARTESIAN_POINT('',(54.7672428545253,92.3103463028012,3.));
#11175=CARTESIAN_POINT('',(54.7672428545253,92.3103463028012,0.));
#11176=CARTESIAN_POINT('Origin',(55.5172428545253,92.3103463028012,3.));
#11177=CARTESIAN_POINT('Origin',(95.6551738890081,45.4827600959046,0.));
#11178=CARTESIAN_POINT('',(94.9051738890081,45.4827600959046,0.));
#11179=CARTESIAN_POINT('Origin',(95.6551738890081,45.4827600959046,0.));
#11180=CARTESIAN_POINT('',(94.9051738890081,45.4827600959046,3.));
#11181=CARTESIAN_POINT('',(94.9051738890081,45.4827600959046,0.));
#11182=CARTESIAN_POINT('Origin',(95.6551738890081,45.4827600959046,3.));
#11183=CARTESIAN_POINT('Origin',(42.1379325096977,2.00000147521494,0.));
#11184=CARTESIAN_POINT('',(41.3879325096977,2.00000147521494,0.));
#11185=CARTESIAN_POINT('Origin',(42.1379325096977,2.00000147521494,0.));
#11186=CARTESIAN_POINT('',(41.3879325096977,2.00000147521494,3.));
#11187=CARTESIAN_POINT('',(41.3879325096977,2.00000147521494,0.));
#11188=CARTESIAN_POINT('Origin',(42.1379325096977,2.00000147521494,3.));
#11189=CARTESIAN_POINT('Origin',(58.8620704407322,8.68965664762873,0.));
#11190=CARTESIAN_POINT('',(58.1120704407322,8.68965664762873,0.));
#11191=CARTESIAN_POINT('Origin',(58.8620704407322,8.68965664762873,0.));
#11192=CARTESIAN_POINT('',(58.1120704407322,8.68965664762873,3.));
#11193=CARTESIAN_POINT('',(58.1120704407322,8.68965664762873,0.));
#11194=CARTESIAN_POINT('Origin',(58.8620704407322,8.68965664762873,3.));
#11195=CARTESIAN_POINT('Origin',(62.2068980269391,5.34482906142182,0.));
#11196=CARTESIAN_POINT('',(61.4568980269391,5.34482906142182,0.));
#11197=CARTESIAN_POINT('Origin',(62.2068980269391,5.34482906142182,0.));
#11198=CARTESIAN_POINT('',(61.4568980269391,5.34482906142182,3.));
#11199=CARTESIAN_POINT('',(61.4568980269391,5.34482906142182,0.));
#11200=CARTESIAN_POINT('Origin',(62.2068980269391,5.34482906142182,3.));
#11201=CARTESIAN_POINT('Origin',(38.7931049234908,8.68965664762873,0.));
#11202=CARTESIAN_POINT('',(38.0431049234908,8.68965664762873,0.));
#11203=CARTESIAN_POINT('Origin',(38.7931049234908,8.68965664762873,0.));
#11204=CARTESIAN_POINT('',(38.0431049234908,8.68965664762873,3.));
#11205=CARTESIAN_POINT('',(38.0431049234908,8.68965664762873,0.));
#11206=CARTESIAN_POINT('Origin',(38.7931049234908,8.68965664762873,3.));
#11207=CARTESIAN_POINT('Origin',(45.4827600959046,8.68965664762873,0.));
#11208=CARTESIAN_POINT('',(44.7327600959046,8.68965664762873,0.));
#11209=CARTESIAN_POINT('Origin',(45.4827600959046,8.68965664762873,0.));
#11210=CARTESIAN_POINT('',(44.7327600959046,8.68965664762873,3.));
#11211=CARTESIAN_POINT('',(44.7327600959046,8.68965664762873,0.));
#11212=CARTESIAN_POINT('Origin',(45.4827600959046,8.68965664762873,3.));
#11213=CARTESIAN_POINT('Origin',(2.00000147521495,99.000001475215,0.));
#11214=CARTESIAN_POINT('',(1.25000147521495,99.000001475215,0.));
#11215=CARTESIAN_POINT('Origin',(2.00000147521495,99.000001475215,0.));
#11216=CARTESIAN_POINT('',(1.25000147521495,99.000001475215,3.));
#11217=CARTESIAN_POINT('',(1.25000147521495,99.000001475215,0.));
#11218=CARTESIAN_POINT('Origin',(2.00000147521495,99.000001475215,3.));
#11219=CARTESIAN_POINT('Origin',(8.68965664762873,88.9310359579736,0.));
#11220=CARTESIAN_POINT('',(7.93965664762874,88.9310359579736,0.));
#11221=CARTESIAN_POINT('Origin',(8.68965664762873,88.9310359579736,0.));
#11222=CARTESIAN_POINT('',(7.93965664762874,88.9310359579736,3.));
#11223=CARTESIAN_POINT('',(7.93965664762874,88.9310359579736,0.));
#11224=CARTESIAN_POINT('Origin',(8.68965664762873,88.9310359579736,3.));
#11225=CARTESIAN_POINT('Origin',(25.4137945786632,92.3103463028012,0.));
#11226=CARTESIAN_POINT('',(24.6637945786632,92.3103463028012,0.));
#11227=CARTESIAN_POINT('Origin',(25.4137945786632,92.3103463028012,0.));
#11228=CARTESIAN_POINT('',(24.6637945786632,92.3103463028012,3.));
#11229=CARTESIAN_POINT('',(24.6637945786632,92.3103463028012,0.));
#11230=CARTESIAN_POINT('Origin',(25.4137945786632,92.3103463028012,3.));
#11231=CARTESIAN_POINT('Origin',(5.34482906142184,99.000001475215,0.));
#11232=CARTESIAN_POINT('',(4.59482906142184,99.000001475215,0.));
#11233=CARTESIAN_POINT('Origin',(5.34482906142184,99.000001475215,0.));
#11234=CARTESIAN_POINT('',(4.59482906142184,99.000001475215,3.));
#11235=CARTESIAN_POINT('',(4.59482906142184,99.000001475215,0.));
#11236=CARTESIAN_POINT('Origin',(5.34482906142184,99.000001475215,3.));
#11237=CARTESIAN_POINT('Origin',(2.00000147521495,95.6551738890081,0.));
#11238=CARTESIAN_POINT('',(1.25000147521496,95.6551738890081,0.));
#11239=CARTESIAN_POINT('Origin',(2.00000147521495,95.6551738890081,0.));
#11240=CARTESIAN_POINT('',(1.25000147521496,95.6551738890081,3.));
#11241=CARTESIAN_POINT('',(1.25000147521496,95.6551738890081,0.));
#11242=CARTESIAN_POINT('Origin',(2.00000147521495,95.6551738890081,3.));
#11243=CARTESIAN_POINT('Origin',(8.68965664762873,99.000001475215,0.));
#11244=CARTESIAN_POINT('',(7.93965664762874,99.000001475215,0.));
#11245=CARTESIAN_POINT('Origin',(8.68965664762873,99.000001475215,0.));
#11246=CARTESIAN_POINT('',(7.93965664762874,99.000001475215,3.));
#11247=CARTESIAN_POINT('',(7.93965664762874,99.000001475215,0.));
#11248=CARTESIAN_POINT('Origin',(8.68965664762873,99.000001475215,3.));
#11249=CARTESIAN_POINT('Origin',(2.00000147521495,88.9310359579736,0.));
#11250=CARTESIAN_POINT('',(1.25000147521495,88.9310359579736,0.));
#11251=CARTESIAN_POINT('Origin',(2.00000147521495,88.9310359579736,0.));
#11252=CARTESIAN_POINT('',(1.25000147521495,88.9310359579736,3.));
#11253=CARTESIAN_POINT('',(1.25000147521495,88.9310359579736,0.));
#11254=CARTESIAN_POINT('Origin',(2.00000147521495,88.9310359579736,3.));
#11255=CARTESIAN_POINT('Origin',(12.0344842338356,92.3103463028012,0.));
#11256=CARTESIAN_POINT('',(11.2844842338356,92.3103463028012,0.));
#11257=CARTESIAN_POINT('Origin',(12.0344842338356,92.3103463028012,0.));
#11258=CARTESIAN_POINT('',(11.2844842338356,92.3103463028012,3.));
#11259=CARTESIAN_POINT('',(11.2844842338356,92.3103463028012,0.));
#11260=CARTESIAN_POINT('Origin',(12.0344842338356,92.3103463028012,3.));
#11261=CARTESIAN_POINT('Origin',(78.9310359579735,92.3103463028012,0.));
#11262=CARTESIAN_POINT('',(78.1810359579735,92.3103463028012,0.));
#11263=CARTESIAN_POINT('Origin',(78.9310359579735,92.3103463028012,0.));
#11264=CARTESIAN_POINT('',(78.1810359579735,92.3103463028012,3.));
#11265=CARTESIAN_POINT('',(78.1810359579735,92.3103463028012,0.));
#11266=CARTESIAN_POINT('Origin',(78.9310359579735,92.3103463028012,3.));
#11267=CARTESIAN_POINT('Origin',(95.6551738890081,5.34482906142184,0.));
#11268=CARTESIAN_POINT('',(94.9051738890081,5.34482906142184,0.));
#11269=CARTESIAN_POINT('Origin',(95.6551738890081,5.34482906142184,0.));
#11270=CARTESIAN_POINT('',(94.9051738890081,5.34482906142184,3.));
#11271=CARTESIAN_POINT('',(94.9051738890081,5.34482906142184,0.));
#11272=CARTESIAN_POINT('Origin',(95.6551738890081,5.34482906142184,3.));
#11273=CARTESIAN_POINT('Origin',(92.3103463028012,5.34482906142184,0.));
#11274=CARTESIAN_POINT('',(91.5603463028012,5.34482906142184,0.));
#11275=CARTESIAN_POINT('Origin',(92.3103463028012,5.34482906142184,0.));
#11276=CARTESIAN_POINT('',(91.5603463028012,5.34482906142184,3.));
#11277=CARTESIAN_POINT('',(91.5603463028012,5.34482906142184,0.));
#11278=CARTESIAN_POINT('Origin',(92.3103463028012,5.34482906142184,3.));
#11279=CARTESIAN_POINT('Origin',(99.000001475215,5.34482906142184,0.));
#11280=CARTESIAN_POINT('',(98.250001475215,5.34482906142184,0.));
#11281=CARTESIAN_POINT('Origin',(99.000001475215,5.34482906142184,0.));
#11282=CARTESIAN_POINT('',(98.250001475215,5.34482906142184,3.));
#11283=CARTESIAN_POINT('',(98.250001475215,5.34482906142184,0.));
#11284=CARTESIAN_POINT('Origin',(99.000001475215,5.34482906142184,3.));
#11285=CARTESIAN_POINT('Origin',(85.5862083717666,99.000001475215,0.));
#11286=CARTESIAN_POINT('',(84.8362083717667,99.000001475215,0.));
#11287=CARTESIAN_POINT('Origin',(85.5862083717666,99.000001475215,0.));
#11288=CARTESIAN_POINT('',(84.8362083717667,99.000001475215,3.));
#11289=CARTESIAN_POINT('',(84.8362083717667,99.000001475215,0.));
#11290=CARTESIAN_POINT('Origin',(85.5862083717666,99.000001475215,3.));
#11291=CARTESIAN_POINT('Origin',(85.5862083717666,95.6551738890081,0.));
#11292=CARTESIAN_POINT('',(84.8362083717666,95.6551738890081,0.));
#11293=CARTESIAN_POINT('Origin',(85.5862083717666,95.6551738890081,0.));
#11294=CARTESIAN_POINT('',(84.8362083717666,95.6551738890081,3.));
#11295=CARTESIAN_POINT('',(84.8362083717666,95.6551738890081,0.));
#11296=CARTESIAN_POINT('Origin',(85.5862083717666,95.6551738890081,3.));
#11297=CARTESIAN_POINT('Origin',(8.68965664762873,8.68965664762877,0.));
#11298=CARTESIAN_POINT('',(7.93965664762873,8.68965664762877,0.));
#11299=CARTESIAN_POINT('Origin',(8.68965664762873,8.68965664762877,0.));
#11300=CARTESIAN_POINT('',(7.93965664762873,8.68965664762877,3.));
#11301=CARTESIAN_POINT('',(7.93965664762873,8.68965664762877,0.));
#11302=CARTESIAN_POINT('Origin',(8.68965664762873,8.68965664762877,3.));
#11303=CARTESIAN_POINT('Origin',(2.00000147521494,12.000001475215,0.));
#11304=CARTESIAN_POINT('',(1.25000147521495,12.000001475215,0.));
#11305=CARTESIAN_POINT('Origin',(2.00000147521494,12.000001475215,0.));
#11306=CARTESIAN_POINT('',(1.25000147521495,12.000001475215,3.));
#11307=CARTESIAN_POINT('',(1.25000147521495,12.000001475215,0.));
#11308=CARTESIAN_POINT('Origin',(2.00000147521494,12.000001475215,3.));
#11309=CARTESIAN_POINT('Origin',(8.68965664762873,18.7241394062494,0.));
#11310=CARTESIAN_POINT('',(7.93965664762873,18.7241394062494,0.));
#11311=CARTESIAN_POINT('Origin',(8.68965664762873,18.7241394062494,0.));
#11312=CARTESIAN_POINT('',(7.93965664762873,18.7241394062494,3.));
#11313=CARTESIAN_POINT('',(7.93965664762873,18.7241394062494,0.));
#11314=CARTESIAN_POINT('Origin',(8.68965664762873,18.7241394062494,3.));
#11315=CARTESIAN_POINT('Origin',(25.3793118200425,5.34482906142181,0.));
#11316=CARTESIAN_POINT('',(24.6293118200425,5.34482906142181,0.));
#11317=CARTESIAN_POINT('Origin',(25.3793118200425,5.34482906142181,0.));
#11318=CARTESIAN_POINT('',(24.6293118200425,5.34482906142181,3.));
#11319=CARTESIAN_POINT('',(24.6293118200425,5.34482906142181,0.));
#11320=CARTESIAN_POINT('Origin',(25.3793118200425,5.34482906142181,3.));
#11321=CARTESIAN_POINT('Origin',(5.34482906142184,18.6896566476288,0.));
#11322=CARTESIAN_POINT('',(4.59482906142183,18.6896566476288,0.));
#11323=CARTESIAN_POINT('Origin',(5.34482906142184,18.6896566476288,0.));
#11324=CARTESIAN_POINT('',(4.59482906142183,18.6896566476288,3.));
#11325=CARTESIAN_POINT('',(4.59482906142183,18.6896566476288,0.));
#11326=CARTESIAN_POINT('Origin',(5.34482906142184,18.6896566476288,3.));
#11327=CARTESIAN_POINT('Origin',(2.00000147521494,15.3448290614219,0.));
#11328=CARTESIAN_POINT('',(1.25000147521495,15.3448290614219,0.));
#11329=CARTESIAN_POINT('Origin',(2.00000147521494,15.3448290614219,0.));
#11330=CARTESIAN_POINT('',(1.25000147521495,15.3448290614219,3.));
#11331=CARTESIAN_POINT('',(1.25000147521495,15.3448290614219,0.));
#11332=CARTESIAN_POINT('Origin',(2.00000147521494,15.3448290614219,3.));
#11333=CARTESIAN_POINT('Origin',(8.68965664762871,38.7931049234908,0.));
#11334=CARTESIAN_POINT('',(7.93965664762871,38.7931049234908,0.));
#11335=CARTESIAN_POINT('Origin',(8.68965664762871,38.7931049234908,0.));
#11336=CARTESIAN_POINT('',(7.93965664762871,38.7931049234908,3.));
#11337=CARTESIAN_POINT('',(7.93965664762871,38.7931049234908,0.));
#11338=CARTESIAN_POINT('Origin',(8.68965664762871,38.7931049234908,3.));
#11339=CARTESIAN_POINT('Origin',(18.7241394062494,5.34482906142184,0.));
#11340=CARTESIAN_POINT('',(17.9741394062494,5.34482906142184,0.));
#11341=CARTESIAN_POINT('Origin',(18.7241394062494,5.34482906142184,0.));
#11342=CARTESIAN_POINT('',(17.9741394062494,5.34482906142184,3.));
#11343=CARTESIAN_POINT('',(17.9741394062494,5.34482906142184,0.));
#11344=CARTESIAN_POINT('Origin',(18.7241394062494,5.34482906142184,3.));
#11345=CARTESIAN_POINT('Origin',(5.34482906142181,38.7931049234908,0.));
#11346=CARTESIAN_POINT('',(4.59482906142182,38.7931049234908,0.));
#11347=CARTESIAN_POINT('Origin',(5.34482906142181,38.7931049234908,0.));
#11348=CARTESIAN_POINT('',(4.59482906142182,38.7931049234908,3.));
#11349=CARTESIAN_POINT('',(4.59482906142182,38.7931049234908,0.));
#11350=CARTESIAN_POINT('Origin',(5.34482906142181,38.7931049234908,3.));
#11351=CARTESIAN_POINT('Origin',(5.34482906142184,22.0689669924564,0.));
#11352=CARTESIAN_POINT('',(4.59482906142184,22.0689669924564,0.));
#11353=CARTESIAN_POINT('Origin',(5.34482906142184,22.0689669924564,0.));
#11354=CARTESIAN_POINT('',(4.59482906142184,22.0689669924564,3.));
#11355=CARTESIAN_POINT('',(4.59482906142184,22.0689669924564,0.));
#11356=CARTESIAN_POINT('Origin',(5.34482906142184,22.0689669924564,3.));
#11357=CARTESIAN_POINT('Origin',(8.68965664762871,62.2068980269391,0.));
#11358=CARTESIAN_POINT('',(7.93965664762871,62.2068980269391,0.));
#11359=CARTESIAN_POINT('Origin',(8.68965664762871,62.2068980269391,0.));
#11360=CARTESIAN_POINT('',(7.93965664762871,62.2068980269391,3.));
#11361=CARTESIAN_POINT('',(7.93965664762871,62.2068980269391,0.));
#11362=CARTESIAN_POINT('Origin',(8.68965664762871,62.2068980269391,3.));
#11363=CARTESIAN_POINT('Origin',(2.00000147521495,5.34482906142188,0.));
#11364=CARTESIAN_POINT('',(1.25000147521495,5.34482906142188,0.));
#11365=CARTESIAN_POINT('Origin',(2.00000147521495,5.34482906142188,0.));
#11366=CARTESIAN_POINT('',(1.25000147521495,5.34482906142188,3.));
#11367=CARTESIAN_POINT('',(1.25000147521495,5.34482906142188,0.));
#11368=CARTESIAN_POINT('Origin',(2.00000147521495,5.34482906142188,3.));
#11369=CARTESIAN_POINT('Origin',(2.00000147521492,42.1379325096977,0.));
#11370=CARTESIAN_POINT('',(1.25000147521492,42.1379325096977,0.));
#11371=CARTESIAN_POINT('Origin',(2.00000147521492,42.1379325096977,0.));
#11372=CARTESIAN_POINT('',(1.25000147521492,42.1379325096977,3.));
#11373=CARTESIAN_POINT('',(1.25000147521492,42.1379325096977,0.));
#11374=CARTESIAN_POINT('Origin',(2.00000147521492,42.1379325096977,3.));
#11375=CARTESIAN_POINT('Origin',(5.34482906142184,8.68965664762877,0.));
#11376=CARTESIAN_POINT('',(4.59482906142184,8.68965664762877,0.));
#11377=CARTESIAN_POINT('Origin',(5.34482906142184,8.68965664762877,0.));
#11378=CARTESIAN_POINT('',(4.59482906142184,8.68965664762877,3.));
#11379=CARTESIAN_POINT('',(4.59482906142184,8.68965664762877,0.));
#11380=CARTESIAN_POINT('Origin',(5.34482906142184,8.68965664762877,3.));
#11381=CARTESIAN_POINT('Origin',(22.0689669924563,2.00000147521495,0.));
#11382=CARTESIAN_POINT('',(21.3189669924563,2.00000147521495,0.));
#11383=CARTESIAN_POINT('Origin',(22.0689669924563,2.00000147521495,0.));
#11384=CARTESIAN_POINT('',(21.3189669924563,2.00000147521495,3.));
#11385=CARTESIAN_POINT('',(21.3189669924563,2.00000147521495,0.));
#11386=CARTESIAN_POINT('Origin',(22.0689669924563,2.00000147521495,3.));
#11387=CARTESIAN_POINT('Origin',(5.34482906142184,2.00000147521497,0.));
#11388=CARTESIAN_POINT('',(4.59482906142184,2.00000147521497,0.));
#11389=CARTESIAN_POINT('Origin',(5.34482906142184,2.00000147521497,0.));
#11390=CARTESIAN_POINT('',(4.59482906142184,2.00000147521497,3.));
#11391=CARTESIAN_POINT('',(4.59482906142184,2.00000147521497,0.));
#11392=CARTESIAN_POINT('Origin',(5.34482906142184,2.00000147521497,3.));
#11393=CARTESIAN_POINT('Origin',(5.34482906142183,25.4137945786632,0.));
#11394=CARTESIAN_POINT('',(4.59482906142184,25.4137945786632,0.));
#11395=CARTESIAN_POINT('Origin',(5.34482906142183,25.4137945786632,0.));
#11396=CARTESIAN_POINT('',(4.59482906142184,25.4137945786632,3.));
#11397=CARTESIAN_POINT('',(4.59482906142184,25.4137945786632,0.));
#11398=CARTESIAN_POINT('Origin',(5.34482906142183,25.4137945786632,3.));
#11399=CARTESIAN_POINT('Origin',(18.7241394062494,8.68965664762873,0.));
#11400=CARTESIAN_POINT('',(17.9741394062494,8.68965664762873,0.));
#11401=CARTESIAN_POINT('Origin',(18.7241394062494,8.68965664762873,0.));
#11402=CARTESIAN_POINT('',(17.9741394062494,8.68965664762873,3.));
#11403=CARTESIAN_POINT('',(17.9741394062494,8.68965664762873,0.));
#11404=CARTESIAN_POINT('Origin',(18.7241394062494,8.68965664762873,3.));
#11405=CARTESIAN_POINT('Origin',(8.68965664762873,12.0344842338357,0.));
#11406=CARTESIAN_POINT('',(7.93965664762873,12.0344842338357,0.));
#11407=CARTESIAN_POINT('Origin',(8.68965664762873,12.0344842338357,0.));
#11408=CARTESIAN_POINT('',(7.93965664762873,12.0344842338357,3.));
#11409=CARTESIAN_POINT('',(7.93965664762873,12.0344842338357,0.));
#11410=CARTESIAN_POINT('Origin',(8.68965664762873,12.0344842338357,3.));
#11411=CARTESIAN_POINT('Origin',(22.0344842338356,8.68965664762873,0.));
#11412=CARTESIAN_POINT('',(21.2844842338356,8.68965664762873,0.));
#11413=CARTESIAN_POINT('Origin',(22.0344842338356,8.68965664762873,0.));
#11414=CARTESIAN_POINT('',(21.2844842338356,8.68965664762873,3.));
#11415=CARTESIAN_POINT('',(21.2844842338356,8.68965664762873,0.));
#11416=CARTESIAN_POINT('Origin',(22.0344842338356,8.68965664762873,3.));
#11417=CARTESIAN_POINT('Origin',(2.00000147521495,8.68965664762877,0.));
#11418=CARTESIAN_POINT('',(1.25000147521495,8.68965664762877,0.));
#11419=CARTESIAN_POINT('Origin',(2.00000147521495,8.68965664762877,0.));
#11420=CARTESIAN_POINT('',(1.25000147521495,8.68965664762877,3.));
#11421=CARTESIAN_POINT('',(1.25000147521495,8.68965664762877,0.));
#11422=CARTESIAN_POINT('Origin',(2.00000147521495,8.68965664762877,3.));
#11423=CARTESIAN_POINT('Origin',(12.0344842338356,8.68965664762873,0.));
#11424=CARTESIAN_POINT('',(11.2844842338356,8.68965664762873,0.));
#11425=CARTESIAN_POINT('Origin',(12.0344842338356,8.68965664762873,0.));
#11426=CARTESIAN_POINT('',(11.2844842338356,8.68965664762873,3.));
#11427=CARTESIAN_POINT('',(11.2844842338356,8.68965664762873,0.));
#11428=CARTESIAN_POINT('Origin',(12.0344842338356,8.68965664762873,3.));
#11429=CARTESIAN_POINT('Origin',(22.0689669924563,5.34482906142184,0.));
#11430=CARTESIAN_POINT('',(21.3189669924563,5.34482906142184,0.));
#11431=CARTESIAN_POINT('Origin',(22.0689669924563,5.34482906142184,0.));
#11432=CARTESIAN_POINT('',(21.3189669924563,5.34482906142184,3.));
#11433=CARTESIAN_POINT('',(21.3189669924563,5.34482906142184,0.));
#11434=CARTESIAN_POINT('Origin',(22.0689669924563,5.34482906142184,3.));
#11435=CARTESIAN_POINT('Origin',(82.2758635441804,92.3103463028012,0.));
#11436=CARTESIAN_POINT('',(81.5258635441805,92.3103463028012,0.));
#11437=CARTESIAN_POINT('Origin',(82.2758635441804,92.3103463028012,0.));
#11438=CARTESIAN_POINT('',(81.5258635441805,92.3103463028012,3.));
#11439=CARTESIAN_POINT('',(81.5258635441805,92.3103463028012,0.));
#11440=CARTESIAN_POINT('Origin',(82.2758635441804,92.3103463028012,3.));
#11441=CARTESIAN_POINT('Origin',(92.3103463028012,22.0689669924563,0.));
#11442=CARTESIAN_POINT('',(91.5603463028012,22.0689669924563,0.));
#11443=CARTESIAN_POINT('Origin',(92.3103463028012,22.0689669924563,0.));
#11444=CARTESIAN_POINT('',(91.5603463028012,22.0689669924563,3.));
#11445=CARTESIAN_POINT('',(91.5603463028012,22.0689669924563,0.));
#11446=CARTESIAN_POINT('Origin',(92.3103463028012,22.0689669924563,3.));
#11447=CARTESIAN_POINT('Origin',(88.9310359579735,95.6551738890081,0.));
#11448=CARTESIAN_POINT('',(88.1810359579735,95.6551738890081,0.));
#11449=CARTESIAN_POINT('Origin',(88.9310359579735,95.6551738890081,0.));
#11450=CARTESIAN_POINT('',(88.1810359579735,95.6551738890081,3.));
#11451=CARTESIAN_POINT('',(88.1810359579735,95.6551738890081,0.));
#11452=CARTESIAN_POINT('Origin',(88.9310359579735,95.6551738890081,3.));
#11453=CARTESIAN_POINT('Origin',(92.3103463028012,15.3448290614218,0.));
#11454=CARTESIAN_POINT('',(91.5603463028012,15.3448290614218,0.));
#11455=CARTESIAN_POINT('Origin',(92.3103463028012,15.3448290614218,0.));
#11456=CARTESIAN_POINT('',(91.5603463028012,15.3448290614218,3.));
#11457=CARTESIAN_POINT('',(91.5603463028012,15.3448290614218,0.));
#11458=CARTESIAN_POINT('Origin',(92.3103463028012,15.3448290614218,3.));
#11459=CARTESIAN_POINT('Origin',(85.6206911303874,8.68965664762873,0.));
#11460=CARTESIAN_POINT('',(84.8706911303874,8.68965664762873,0.));
#11461=CARTESIAN_POINT('Origin',(85.6206911303874,8.68965664762873,0.));
#11462=CARTESIAN_POINT('',(84.8706911303874,8.68965664762873,3.));
#11463=CARTESIAN_POINT('',(84.8706911303874,8.68965664762873,0.));
#11464=CARTESIAN_POINT('Origin',(85.6206911303874,8.68965664762873,3.));
#11465=CARTESIAN_POINT('Origin',(75.5862083717667,92.3103463028012,0.));
#11466=CARTESIAN_POINT('',(74.8362083717667,92.3103463028012,0.));
#11467=CARTESIAN_POINT('Origin',(75.5862083717667,92.3103463028012,0.));
#11468=CARTESIAN_POINT('',(74.8362083717667,92.3103463028012,3.));
#11469=CARTESIAN_POINT('',(74.8362083717667,92.3103463028012,0.));
#11470=CARTESIAN_POINT('Origin',(75.5862083717667,92.3103463028012,3.));
#11471=CARTESIAN_POINT('Origin',(95.6551738890081,18.6896566476287,0.));
#11472=CARTESIAN_POINT('',(94.9051738890081,18.6896566476287,0.));
#11473=CARTESIAN_POINT('Origin',(95.6551738890081,18.6896566476287,0.));
#11474=CARTESIAN_POINT('',(94.9051738890081,18.6896566476287,3.));
#11475=CARTESIAN_POINT('',(94.9051738890081,18.6896566476287,0.));
#11476=CARTESIAN_POINT('Origin',(95.6551738890081,18.6896566476287,3.));
#11477=CARTESIAN_POINT('Origin',(15.3448290614218,92.3103463028012,0.));
#11478=CARTESIAN_POINT('',(14.5948290614219,92.3103463028012,0.));
#11479=CARTESIAN_POINT('Origin',(15.3448290614218,92.3103463028012,0.));
#11480=CARTESIAN_POINT('',(14.5948290614219,92.3103463028012,3.));
#11481=CARTESIAN_POINT('',(14.5948290614219,92.3103463028012,0.));
#11482=CARTESIAN_POINT('Origin',(15.3448290614218,92.3103463028012,3.));
#11483=CARTESIAN_POINT('Origin',(5.34482906142184,82.2758635441805,0.));
#11484=CARTESIAN_POINT('',(4.59482906142184,82.2758635441805,0.));
#11485=CARTESIAN_POINT('Origin',(5.34482906142184,82.2758635441805,0.));
#11486=CARTESIAN_POINT('',(4.59482906142184,82.2758635441805,3.));
#11487=CARTESIAN_POINT('',(4.59482906142184,82.2758635441805,0.));
#11488=CARTESIAN_POINT('Origin',(5.34482906142184,82.2758635441805,3.));
#11489=CARTESIAN_POINT('Origin',(2.00000147521495,82.2758635441805,0.));
#11490=CARTESIAN_POINT('',(1.25000147521495,82.2758635441805,0.));
#11491=CARTESIAN_POINT('Origin',(2.00000147521495,82.2758635441805,0.));
#11492=CARTESIAN_POINT('',(1.25000147521495,82.2758635441805,3.));
#11493=CARTESIAN_POINT('',(1.25000147521495,82.2758635441805,0.));
#11494=CARTESIAN_POINT('Origin',(2.00000147521495,82.2758635441805,3.));
#11495=CARTESIAN_POINT('Origin',(8.68965664762873,78.9310359579736,0.));
#11496=CARTESIAN_POINT('',(7.93965664762873,78.9310359579736,0.));
#11497=CARTESIAN_POINT('Origin',(8.68965664762873,78.9310359579736,0.));
#11498=CARTESIAN_POINT('',(7.93965664762873,78.9310359579736,3.));
#11499=CARTESIAN_POINT('',(7.93965664762873,78.9310359579736,0.));
#11500=CARTESIAN_POINT('Origin',(8.68965664762873,78.9310359579736,3.));
#11501=CARTESIAN_POINT('Origin',(22.0689669924563,99.000001475215,0.));
#11502=CARTESIAN_POINT('',(21.3189669924563,99.000001475215,0.));
#11503=CARTESIAN_POINT('Origin',(22.0689669924563,99.000001475215,0.));
#11504=CARTESIAN_POINT('',(21.3189669924563,99.000001475215,3.));
#11505=CARTESIAN_POINT('',(21.3189669924563,99.000001475215,0.));
#11506=CARTESIAN_POINT('Origin',(22.0689669924563,99.000001475215,3.));
#11507=CARTESIAN_POINT('Origin',(5.34482906142184,78.9310359579736,0.));
#11508=CARTESIAN_POINT('',(4.59482906142185,78.9310359579736,0.));
#11509=CARTESIAN_POINT('Origin',(5.34482906142184,78.9310359579736,0.));
#11510=CARTESIAN_POINT('',(4.59482906142185,78.9310359579736,3.));
#11511=CARTESIAN_POINT('',(4.59482906142185,78.9310359579736,0.));
#11512=CARTESIAN_POINT('Origin',(5.34482906142184,78.9310359579736,3.));
#11513=CARTESIAN_POINT('Origin',(12.0344842338356,99.000001475215,0.));
#11514=CARTESIAN_POINT('',(11.2844842338356,99.000001475215,0.));
#11515=CARTESIAN_POINT('Origin',(12.0344842338356,99.000001475215,0.));
#11516=CARTESIAN_POINT('',(11.2844842338356,99.000001475215,3.));
#11517=CARTESIAN_POINT('',(11.2844842338356,99.000001475215,0.));
#11518=CARTESIAN_POINT('Origin',(12.0344842338356,99.000001475215,3.));
#11519=CARTESIAN_POINT('Origin',(5.34482906142184,95.6551738890081,0.));
#11520=CARTESIAN_POINT('',(4.59482906142185,95.6551738890081,0.));
#11521=CARTESIAN_POINT('Origin',(5.34482906142184,95.6551738890081,0.));
#11522=CARTESIAN_POINT('',(4.59482906142185,95.6551738890081,3.));
#11523=CARTESIAN_POINT('',(4.59482906142185,95.6551738890081,0.));
#11524=CARTESIAN_POINT('Origin',(5.34482906142184,95.6551738890081,3.));
#11525=CARTESIAN_POINT('Origin',(38.7931049234908,2.00000147521494,0.));
#11526=CARTESIAN_POINT('',(38.0431049234908,2.00000147521494,0.));
#11527=CARTESIAN_POINT('Origin',(38.7931049234908,2.00000147521494,0.));
#11528=CARTESIAN_POINT('',(38.0431049234908,2.00000147521494,3.));
#11529=CARTESIAN_POINT('',(38.0431049234908,2.00000147521494,0.));
#11530=CARTESIAN_POINT('Origin',(38.7931049234908,2.00000147521494,3.));
#11531=CARTESIAN_POINT('Origin',(52.1379325096977,2.00000147521494,0.));
#11532=CARTESIAN_POINT('',(51.3879325096977,2.00000147521494,0.));
#11533=CARTESIAN_POINT('Origin',(52.1379325096977,2.00000147521494,0.));
#11534=CARTESIAN_POINT('',(51.3879325096977,2.00000147521494,3.));
#11535=CARTESIAN_POINT('',(51.3879325096977,2.00000147521494,0.));
#11536=CARTESIAN_POINT('Origin',(52.1379325096977,2.00000147521494,3.));
#11537=CARTESIAN_POINT('Origin',(58.8620704407322,5.34482906142183,0.));
#11538=CARTESIAN_POINT('',(58.1120704407322,5.34482906142183,0.));
#11539=CARTESIAN_POINT('Origin',(58.8620704407322,5.34482906142183,0.));
#11540=CARTESIAN_POINT('',(58.1120704407322,5.34482906142183,3.));
#11541=CARTESIAN_POINT('',(58.1120704407322,5.34482906142183,0.));
#11542=CARTESIAN_POINT('Origin',(58.8620704407322,5.34482906142183,3.));
#11543=CARTESIAN_POINT('Origin',(48.8275876821115,2.00000147521494,0.));
#11544=CARTESIAN_POINT('',(48.0775876821115,2.00000147521494,0.));
#11545=CARTESIAN_POINT('Origin',(48.8275876821115,2.00000147521494,0.));
#11546=CARTESIAN_POINT('',(48.0775876821115,2.00000147521494,3.));
#11547=CARTESIAN_POINT('',(48.0775876821115,2.00000147521494,0.));
#11548=CARTESIAN_POINT('Origin',(48.8275876821115,2.00000147521494,3.));
#11549=CARTESIAN_POINT('Origin',(45.4827600959046,5.34482906142183,0.));
#11550=CARTESIAN_POINT('',(44.7327600959046,5.34482906142183,0.));
#11551=CARTESIAN_POINT('Origin',(45.4827600959046,5.34482906142183,0.));
#11552=CARTESIAN_POINT('',(44.7327600959046,5.34482906142183,3.));
#11553=CARTESIAN_POINT('',(44.7327600959046,5.34482906142183,0.));
#11554=CARTESIAN_POINT('Origin',(45.4827600959046,5.34482906142183,3.));
#11555=CARTESIAN_POINT('Origin',(62.2068980269391,8.68965664762872,0.));
#11556=CARTESIAN_POINT('',(61.4568980269391,8.68965664762872,0.));
#11557=CARTESIAN_POINT('Origin',(62.2068980269391,8.68965664762872,0.));
#11558=CARTESIAN_POINT('',(61.4568980269391,8.68965664762872,3.));
#11559=CARTESIAN_POINT('',(61.4568980269391,8.68965664762872,0.));
#11560=CARTESIAN_POINT('Origin',(62.2068980269391,8.68965664762872,3.));
#11561=CARTESIAN_POINT('Origin',(78.9655187165943,8.68965664762871,0.));
#11562=CARTESIAN_POINT('',(78.2155187165943,8.68965664762871,0.));
#11563=CARTESIAN_POINT('Origin',(78.9655187165943,8.68965664762871,0.));
#11564=CARTESIAN_POINT('',(78.2155187165943,8.68965664762871,3.));
#11565=CARTESIAN_POINT('',(78.2155187165943,8.68965664762871,0.));
#11566=CARTESIAN_POINT('Origin',(78.9655187165943,8.68965664762871,3.));
#11567=CARTESIAN_POINT('Origin',(58.8620704407322,95.6551738890081,0.));
#11568=CARTESIAN_POINT('',(58.1120704407322,95.6551738890081,0.));
#11569=CARTESIAN_POINT('Origin',(58.8620704407322,95.6551738890081,0.));
#11570=CARTESIAN_POINT('',(58.1120704407322,95.6551738890081,3.));
#11571=CARTESIAN_POINT('',(58.1120704407322,95.6551738890081,0.));
#11572=CARTESIAN_POINT('Origin',(58.8620704407322,95.6551738890081,3.));
#11573=CARTESIAN_POINT('Origin',(75.5862083717667,5.34482906142181,0.));
#11574=CARTESIAN_POINT('',(74.8362083717667,5.34482906142181,0.));
#11575=CARTESIAN_POINT('Origin',(75.5862083717667,5.34482906142181,0.));
#11576=CARTESIAN_POINT('',(74.8362083717667,5.34482906142181,3.));
#11577=CARTESIAN_POINT('',(74.8362083717667,5.34482906142181,0.));
#11578=CARTESIAN_POINT('Origin',(75.5862083717667,5.34482906142181,3.));
#11579=CARTESIAN_POINT('Origin',(62.2068980269391,95.655173889008,0.));
#11580=CARTESIAN_POINT('',(61.4568980269391,95.655173889008,0.));
#11581=CARTESIAN_POINT('Origin',(62.2068980269391,95.655173889008,0.));
#11582=CARTESIAN_POINT('',(61.4568980269391,95.655173889008,3.));
#11583=CARTESIAN_POINT('',(61.4568980269391,95.655173889008,0.));
#11584=CARTESIAN_POINT('Origin',(62.2068980269391,95.655173889008,3.));
#11585=CARTESIAN_POINT('Origin',(55.4827600959046,95.6551738890081,0.));
#11586=CARTESIAN_POINT('',(54.7327600959046,95.6551738890081,0.));
#11587=CARTESIAN_POINT('Origin',(55.4827600959046,95.6551738890081,0.));
#11588=CARTESIAN_POINT('',(54.7327600959046,95.6551738890081,3.));
#11589=CARTESIAN_POINT('',(54.7327600959046,95.6551738890081,0.));
#11590=CARTESIAN_POINT('Origin',(55.4827600959046,95.6551738890081,3.));
#11591=CARTESIAN_POINT('Origin',(52.1379325096977,92.3103463028012,0.));
#11592=CARTESIAN_POINT('',(51.3879325096977,92.3103463028012,0.));
#11593=CARTESIAN_POINT('Origin',(52.1379325096977,92.3103463028012,0.));
#11594=CARTESIAN_POINT('',(51.3879325096977,92.3103463028012,3.));
#11595=CARTESIAN_POINT('',(51.3879325096977,92.3103463028012,0.));
#11596=CARTESIAN_POINT('Origin',(52.1379325096977,92.3103463028012,3.));
#11597=CARTESIAN_POINT('Origin',(92.3103463028012,42.1379325096977,0.));
#11598=CARTESIAN_POINT('',(91.5603463028012,42.1379325096977,0.));
#11599=CARTESIAN_POINT('Origin',(92.3103463028012,42.1379325096977,0.));
#11600=CARTESIAN_POINT('',(91.5603463028012,42.1379325096977,3.));
#11601=CARTESIAN_POINT('',(91.5603463028012,42.1379325096977,0.));
#11602=CARTESIAN_POINT('Origin',(92.3103463028012,42.1379325096977,3.));
#11603=CARTESIAN_POINT('Origin',(99.000001475215,52.1379325096977,0.));
#11604=CARTESIAN_POINT('',(98.250001475215,52.1379325096977,0.));
#11605=CARTESIAN_POINT('Origin',(99.000001475215,52.1379325096977,0.));
#11606=CARTESIAN_POINT('',(98.250001475215,52.1379325096977,3.));
#11607=CARTESIAN_POINT('',(98.250001475215,52.1379325096977,0.));
#11608=CARTESIAN_POINT('Origin',(99.000001475215,52.1379325096977,3.));
#11609=CARTESIAN_POINT('Origin',(42.1379325096977,95.6551738890081,0.));
#11610=CARTESIAN_POINT('',(41.3879325096977,95.6551738890081,0.));
#11611=CARTESIAN_POINT('Origin',(42.1379325096977,95.6551738890081,0.));
#11612=CARTESIAN_POINT('',(41.3879325096977,95.6551738890081,3.));
#11613=CARTESIAN_POINT('',(41.3879325096977,95.6551738890081,0.));
#11614=CARTESIAN_POINT('Origin',(42.1379325096977,95.6551738890081,3.));
#11615=CARTESIAN_POINT('Origin',(95.6551738890081,25.4137945786632,0.));
#11616=CARTESIAN_POINT('',(94.9051738890081,25.4137945786632,0.));
#11617=CARTESIAN_POINT('Origin',(95.6551738890081,25.4137945786632,0.));
#11618=CARTESIAN_POINT('',(94.9051738890081,25.4137945786632,3.));
#11619=CARTESIAN_POINT('',(94.9051738890081,25.4137945786632,0.));
#11620=CARTESIAN_POINT('Origin',(95.6551738890081,25.4137945786632,3.));
#11621=CARTESIAN_POINT('Origin',(99.000001475215,42.1379325096977,0.));
#11622=CARTESIAN_POINT('',(98.250001475215,42.1379325096977,0.));
#11623=CARTESIAN_POINT('Origin',(99.000001475215,42.1379325096977,0.));
#11624=CARTESIAN_POINT('',(98.250001475215,42.1379325096977,3.));
#11625=CARTESIAN_POINT('',(98.250001475215,42.1379325096977,0.));
#11626=CARTESIAN_POINT('Origin',(99.000001475215,42.1379325096977,3.));
#11627=CARTESIAN_POINT('Origin',(95.6551738890081,55.4827600959046,0.));
#11628=CARTESIAN_POINT('',(94.9051738890081,55.4827600959046,0.));
#11629=CARTESIAN_POINT('Origin',(95.6551738890081,55.4827600959046,0.));
#11630=CARTESIAN_POINT('',(94.9051738890081,55.4827600959046,3.));
#11631=CARTESIAN_POINT('',(94.9051738890081,55.4827600959046,0.));
#11632=CARTESIAN_POINT('Origin',(95.6551738890081,55.4827600959046,3.));
#11633=CARTESIAN_POINT('Origin',(99.000001475215,85.6206911303873,0.));
#11634=CARTESIAN_POINT('',(98.250001475215,85.6206911303873,0.));
#11635=CARTESIAN_POINT('Origin',(99.000001475215,85.6206911303873,0.));
#11636=CARTESIAN_POINT('',(98.250001475215,85.6206911303873,3.));
#11637=CARTESIAN_POINT('',(98.250001475215,85.6206911303873,0.));
#11638=CARTESIAN_POINT('Origin',(99.000001475215,85.6206911303873,3.));
#11639=CARTESIAN_POINT('Origin',(85.6206911303874,5.34482906142183,0.));
#11640=CARTESIAN_POINT('',(84.8706911303874,5.34482906142183,0.));
#11641=CARTESIAN_POINT('Origin',(85.6206911303874,5.34482906142183,0.));
#11642=CARTESIAN_POINT('',(84.8706911303874,5.34482906142183,3.));
#11643=CARTESIAN_POINT('',(84.8706911303874,5.34482906142183,0.));
#11644=CARTESIAN_POINT('Origin',(85.6206911303874,5.34482906142183,3.));
#11645=CARTESIAN_POINT('Origin',(99.000001475215,75.5862083717667,0.));
#11646=CARTESIAN_POINT('',(98.250001475215,75.5862083717667,0.));
#11647=CARTESIAN_POINT('Origin',(99.000001475215,75.5862083717667,0.));
#11648=CARTESIAN_POINT('',(98.250001475215,75.5862083717667,3.));
#11649=CARTESIAN_POINT('',(98.250001475215,75.5862083717667,0.));
#11650=CARTESIAN_POINT('Origin',(99.000001475215,75.5862083717667,3.));
#11651=CARTESIAN_POINT('Origin',(99.000001475215,22.0689669924563,0.));
#11652=CARTESIAN_POINT('',(98.250001475215,22.0689669924563,0.));
#11653=CARTESIAN_POINT('Origin',(99.000001475215,22.0689669924563,0.));
#11654=CARTESIAN_POINT('',(98.250001475215,22.0689669924563,3.));
#11655=CARTESIAN_POINT('',(98.250001475215,22.0689669924563,0.));
#11656=CARTESIAN_POINT('Origin',(99.000001475215,22.0689669924563,3.));
#11657=CARTESIAN_POINT('Origin',(95.6551738890081,15.3448290614218,0.));
#11658=CARTESIAN_POINT('',(94.9051738890081,15.3448290614218,0.));
#11659=CARTESIAN_POINT('Origin',(95.6551738890081,15.3448290614218,0.));
#11660=CARTESIAN_POINT('',(94.9051738890081,15.3448290614218,3.));
#11661=CARTESIAN_POINT('',(94.9051738890081,15.3448290614218,0.));
#11662=CARTESIAN_POINT('Origin',(95.6551738890081,15.3448290614218,3.));
#11663=CARTESIAN_POINT('Origin',(99.000001475215,95.655173889008,0.));
#11664=CARTESIAN_POINT('',(98.2500014752149,95.655173889008,0.));
#11665=CARTESIAN_POINT('Origin',(99.000001475215,95.655173889008,0.));
#11666=CARTESIAN_POINT('',(98.2500014752149,95.655173889008,3.));
#11667=CARTESIAN_POINT('',(98.2500014752149,95.655173889008,0.));
#11668=CARTESIAN_POINT('Origin',(99.000001475215,95.655173889008,3.));
#11669=CARTESIAN_POINT('Origin',(95.6551738890081,22.0689669924563,0.));
#11670=CARTESIAN_POINT('',(94.9051738890081,22.0689669924563,0.));
#11671=CARTESIAN_POINT('Origin',(95.6551738890081,22.0689669924563,0.));
#11672=CARTESIAN_POINT('',(94.9051738890081,22.0689669924563,3.));
#11673=CARTESIAN_POINT('',(94.9051738890081,22.0689669924563,0.));
#11674=CARTESIAN_POINT('Origin',(95.6551738890081,22.0689669924563,3.));
#11675=CARTESIAN_POINT('Origin',(88.9655187165943,2.00000147521493,0.));
#11676=CARTESIAN_POINT('',(88.2155187165943,2.00000147521493,0.));
#11677=CARTESIAN_POINT('Origin',(88.9655187165943,2.00000147521493,0.));
#11678=CARTESIAN_POINT('',(88.2155187165943,2.00000147521493,3.));
#11679=CARTESIAN_POINT('',(88.2155187165943,2.00000147521493,0.));
#11680=CARTESIAN_POINT('Origin',(88.9655187165943,2.00000147521493,3.));
#11681=CARTESIAN_POINT('Origin',(95.655173889008,75.5862083717667,0.));
#11682=CARTESIAN_POINT('',(94.9051738890081,75.5862083717667,0.));
#11683=CARTESIAN_POINT('Origin',(95.655173889008,75.5862083717667,0.));
#11684=CARTESIAN_POINT('',(94.9051738890081,75.5862083717667,3.));
#11685=CARTESIAN_POINT('',(94.9051738890081,75.5862083717667,0.));
#11686=CARTESIAN_POINT('Origin',(95.655173889008,75.5862083717667,3.));
#11687=CARTESIAN_POINT('Origin',(92.3103463028012,92.2758635441805,0.));
#11688=CARTESIAN_POINT('',(91.5603463028012,92.2758635441805,0.));
#11689=CARTESIAN_POINT('Origin',(92.3103463028012,92.2758635441805,0.));
#11690=CARTESIAN_POINT('',(91.5603463028012,92.2758635441805,3.));
#11691=CARTESIAN_POINT('',(91.5603463028012,92.2758635441805,0.));
#11692=CARTESIAN_POINT('Origin',(92.3103463028012,92.2758635441805,3.));
#11693=CARTESIAN_POINT('Origin',(95.655173889008,78.9310359579736,0.));
#11694=CARTESIAN_POINT('',(94.9051738890081,78.9310359579736,0.));
#11695=CARTESIAN_POINT('Origin',(95.655173889008,78.9310359579736,0.));
#11696=CARTESIAN_POINT('',(94.9051738890081,78.9310359579736,3.));
#11697=CARTESIAN_POINT('',(94.9051738890081,78.9310359579736,0.));
#11698=CARTESIAN_POINT('Origin',(95.655173889008,78.9310359579736,3.));
#11699=CARTESIAN_POINT('Origin',(99.000001475215,92.3103463028012,0.));
#11700=CARTESIAN_POINT('',(98.250001475215,92.3103463028012,0.));
#11701=CARTESIAN_POINT('Origin',(99.000001475215,92.3103463028012,0.));
#11702=CARTESIAN_POINT('',(98.250001475215,92.3103463028012,3.));
#11703=CARTESIAN_POINT('',(98.250001475215,92.3103463028012,0.));
#11704=CARTESIAN_POINT('Origin',(99.000001475215,92.3103463028012,3.));
#11705=CARTESIAN_POINT('Origin',(2.00000147521492,48.7931049234908,0.));
#11706=CARTESIAN_POINT('',(1.25000147521493,48.7931049234908,0.));
#11707=CARTESIAN_POINT('Origin',(2.00000147521492,48.7931049234908,0.));
#11708=CARTESIAN_POINT('',(1.25000147521493,48.7931049234908,3.));
#11709=CARTESIAN_POINT('',(1.25000147521493,48.7931049234908,0.));
#11710=CARTESIAN_POINT('Origin',(2.00000147521492,48.7931049234908,3.));
#11711=CARTESIAN_POINT('Origin',(5.34482906142181,48.8275876821115,0.));
#11712=CARTESIAN_POINT('',(4.59482906142182,48.8275876821115,0.));
#11713=CARTESIAN_POINT('Origin',(5.34482906142181,48.8275876821115,0.));
#11714=CARTESIAN_POINT('',(4.59482906142182,48.8275876821115,3.));
#11715=CARTESIAN_POINT('',(4.59482906142182,48.8275876821115,0.));
#11716=CARTESIAN_POINT('Origin',(5.34482906142181,48.8275876821115,3.));
#11717=CARTESIAN_POINT('Origin',(5.34482906142181,58.8620704407322,0.));
#11718=CARTESIAN_POINT('',(4.59482906142182,58.8620704407322,0.));
#11719=CARTESIAN_POINT('Origin',(5.34482906142181,58.8620704407322,0.));
#11720=CARTESIAN_POINT('',(4.59482906142182,58.8620704407322,3.));
#11721=CARTESIAN_POINT('',(4.59482906142182,58.8620704407322,0.));
#11722=CARTESIAN_POINT('Origin',(5.34482906142181,58.8620704407322,3.));
#11723=CARTESIAN_POINT('Origin',(25.4137945786632,99.000001475215,0.));
#11724=CARTESIAN_POINT('',(24.6637945786632,99.000001475215,0.));
#11725=CARTESIAN_POINT('Origin',(25.4137945786632,99.000001475215,0.));
#11726=CARTESIAN_POINT('',(24.6637945786632,99.000001475215,3.));
#11727=CARTESIAN_POINT('',(24.6637945786632,99.000001475215,0.));
#11728=CARTESIAN_POINT('Origin',(25.4137945786632,99.000001475215,3.));
#11729=CARTESIAN_POINT('Origin',(2.00000147521492,52.1379325096977,0.));
#11730=CARTESIAN_POINT('',(1.25000147521492,52.1379325096977,0.));
#11731=CARTESIAN_POINT('Origin',(2.00000147521492,52.1379325096977,0.));
#11732=CARTESIAN_POINT('',(1.25000147521492,52.1379325096977,3.));
#11733=CARTESIAN_POINT('',(1.25000147521492,52.1379325096977,0.));
#11734=CARTESIAN_POINT('Origin',(2.00000147521492,52.1379325096977,3.));
#11735=CARTESIAN_POINT('Origin',(8.68965664762871,55.5172428545253,0.));
#11736=CARTESIAN_POINT('',(7.93965664762871,55.5172428545253,0.));
#11737=CARTESIAN_POINT('Origin',(8.68965664762871,55.5172428545253,0.));
#11738=CARTESIAN_POINT('',(7.93965664762871,55.5172428545253,3.));
#11739=CARTESIAN_POINT('',(7.93965664762871,55.5172428545253,0.));
#11740=CARTESIAN_POINT('Origin',(8.68965664762871,55.5172428545253,3.));
#11741=CARTESIAN_POINT('Origin',(22.0689669924563,95.6551738890081,0.));
#11742=CARTESIAN_POINT('',(21.3189669924563,95.6551738890081,0.));
#11743=CARTESIAN_POINT('Origin',(22.0689669924563,95.6551738890081,0.));
#11744=CARTESIAN_POINT('',(21.3189669924563,95.6551738890081,3.));
#11745=CARTESIAN_POINT('',(21.3189669924563,95.6551738890081,0.));
#11746=CARTESIAN_POINT('Origin',(22.0689669924563,95.6551738890081,3.));
#11747=CARTESIAN_POINT('Origin',(38.813,100.,5.5));
#11748=CARTESIAN_POINT('',(28.813,100.,3.));
#11749=CARTESIAN_POINT('',(38.813,100.,3.));
#11750=CARTESIAN_POINT('',(25.,100.,3.));
#11751=CARTESIAN_POINT('',(38.813,100.,1.5));
#11752=CARTESIAN_POINT('',(38.813,100.,5.5));
#11753=CARTESIAN_POINT('',(28.813,100.,1.5));
#11754=CARTESIAN_POINT('',(16.9065,100.,1.5));
#11755=CARTESIAN_POINT('',(28.813,100.,5.5));
#11756=CARTESIAN_POINT('Origin',(33.813,104.5,1.5));
#11757=CARTESIAN_POINT('',(38.813,109.,1.5));
#11758=CARTESIAN_POINT('',(38.813,109.,1.5));
#11759=CARTESIAN_POINT('',(28.813,109.,1.5));
#11760=CARTESIAN_POINT('',(71.4065,109.,1.5));
#11761=CARTESIAN_POINT('',(28.813,100.,1.5));
#11762=CARTESIAN_POINT('Origin',(0.,100.,0.));
#11763=CARTESIAN_POINT('',(38.813,100.,13.));
#11764=CARTESIAN_POINT('',(38.813,100.,6.5));
#11765=CARTESIAN_POINT('',(100.,100.,3.));
#11766=CARTESIAN_POINT('',(25.,100.,3.));
#11767=CARTESIAN_POINT('',(100.,100.,13.));
#11768=CARTESIAN_POINT('',(100.,100.,0.));
#11769=CARTESIAN_POINT('',(100.,100.,13.));
#11770=CARTESIAN_POINT('Origin',(0.,100.,0.));
#11771=CARTESIAN_POINT('',(28.813,100.,13.));
#11772=CARTESIAN_POINT('',(28.813,100.,6.5));
#11773=CARTESIAN_POINT('',(0.,100.,13.));
#11774=CARTESIAN_POINT('',(100.,100.,13.));
#11775=CARTESIAN_POINT('',(0.,100.,3.));
#11776=CARTESIAN_POINT('',(0.,100.,0.));
#11777=CARTESIAN_POINT('',(25.,100.,3.));
#11778=CARTESIAN_POINT('Origin',(109.,109.,0.));
#11779=CARTESIAN_POINT('',(28.813,109.,13.));
#11780=CARTESIAN_POINT('',(28.813,109.,6.5));
#11781=CARTESIAN_POINT('',(38.813,109.,13.));
#11782=CARTESIAN_POINT('',(38.813,109.,6.5));
#11783=CARTESIAN_POINT('',(104.,109.,13.));
#11784=CARTESIAN_POINT('',(109.,109.,13.));
#11785=CARTESIAN_POINT('',(104.,109.,0.));
#11786=CARTESIAN_POINT('',(104.,109.,0.));
#11787=CARTESIAN_POINT('',(-4.,109.,0.));
#11788=CARTESIAN_POINT('',(109.,109.,0.));
#11789=CARTESIAN_POINT('',(-4.,109.,13.));
#11790=CARTESIAN_POINT('',(-4.,109.,0.));
#11791=CARTESIAN_POINT('',(109.,109.,13.));
#11792=CARTESIAN_POINT('Origin',(104.,104.,0.));
#11793=CARTESIAN_POINT('',(109.,104.,13.));
#11794=CARTESIAN_POINT('Origin',(104.,104.,13.));
#11795=CARTESIAN_POINT('',(109.,104.,0.));
#11796=CARTESIAN_POINT('',(109.,104.,0.));
#11797=CARTESIAN_POINT('Origin',(104.,104.,0.));
#11798=CARTESIAN_POINT('Origin',(-4.,104.,13.));
#11799=CARTESIAN_POINT('',(38.813,106.5,13.));
#11800=CARTESIAN_POINT('',(100.,0.,13.));
#11801=CARTESIAN_POINT('',(100.,0.,13.));
#11802=CARTESIAN_POINT('',(0.,0.,13.));
#11803=CARTESIAN_POINT('',(0.,0.,13.));
#11804=CARTESIAN_POINT('',(0.,100.,13.));
#11805=CARTESIAN_POINT('',(28.813,102.,13.));
#11806=CARTESIAN_POINT('',(-9.,104.,13.));
#11807=CARTESIAN_POINT('Origin',(-4.,104.,13.));
#11808=CARTESIAN_POINT('',(-9.,-4.,13.));
#11809=CARTESIAN_POINT('',(-9.,109.,13.));
#11810=CARTESIAN_POINT('',(-4.,-9.,13.));
#11811=CARTESIAN_POINT('Origin',(-4.,-4.,13.));
#11812=CARTESIAN_POINT('',(104.,-9.,13.));
#11813=CARTESIAN_POINT('',(-9.,-9.,13.));
#11814=CARTESIAN_POINT('',(109.,-4.,13.));
#11815=CARTESIAN_POINT('Origin',(104.,-4.,13.));
#11816=CARTESIAN_POINT('',(109.,-9.,13.));
#11817=CARTESIAN_POINT('',(-5.7,104.,13.));
#11818=CARTESIAN_POINT('Origin',(-4.,104.,13.));
#11819=CARTESIAN_POINT('',(102.3,-4.,13.));
#11820=CARTESIAN_POINT('Origin',(104.,-4.,13.));
#11821=CARTESIAN_POINT('',(-5.7,-4.,13.));
#11822=CARTESIAN_POINT('Origin',(-4.,-4.,13.));
#11823=CARTESIAN_POINT('',(102.3,104.,13.));
#11824=CARTESIAN_POINT('Origin',(104.,104.,13.));
#11825=CARTESIAN_POINT('Origin',(-4.,104.,0.));
#11826=CARTESIAN_POINT('',(-9.,104.,0.));
#11827=CARTESIAN_POINT('Origin',(-4.,104.,0.));
#11828=CARTESIAN_POINT('',(-9.,104.,0.));
#11829=CARTESIAN_POINT('Origin',(-4.,-4.,0.));
#11830=CARTESIAN_POINT('',(-9.,-4.,0.));
#11831=CARTESIAN_POINT('',(-9.,-4.,0.));
#11832=CARTESIAN_POINT('',(-4.,-9.,0.));
#11833=CARTESIAN_POINT('Origin',(-4.,-4.,0.));
#11834=CARTESIAN_POINT('',(-4.,-9.,0.));
#11835=CARTESIAN_POINT('Origin',(-9.,-9.,0.));
#11836=CARTESIAN_POINT('',(104.,-9.,0.));
#11837=CARTESIAN_POINT('',(-9.,-9.,0.));
#11838=CARTESIAN_POINT('',(104.,-9.,0.));
#11839=CARTESIAN_POINT('Origin',(104.,-4.,0.));
#11840=CARTESIAN_POINT('',(109.,-4.,0.));
#11841=CARTESIAN_POINT('Origin',(104.,-4.,0.));
#11842=CARTESIAN_POINT('',(109.,-4.,0.));
#11843=CARTESIAN_POINT('Origin',(38.813,109.,13.));
#11844=CARTESIAN_POINT('Origin',(28.813,100.,13.));
#11845=CARTESIAN_POINT('Origin',(50.,50.,3.));
#11846=CARTESIAN_POINT('',(0.,0.,3.));
#11847=CARTESIAN_POINT('',(0.,25.,3.));
#11848=CARTESIAN_POINT('',(100.,0.,3.));
#11849=CARTESIAN_POINT('',(75.,0.,3.));
#11850=CARTESIAN_POINT('',(100.,75.,3.));
#11851=CARTESIAN_POINT('Origin',(100.,100.,0.));
#11852=CARTESIAN_POINT('',(100.,0.,0.));
#11853=CARTESIAN_POINT('Origin',(100.,0.,0.));
#11854=CARTESIAN_POINT('',(0.,0.,0.));
#11855=CARTESIAN_POINT('Origin',(-4.,104.,0.));
#11856=CARTESIAN_POINT('',(-7.,104.,3.1));
#11857=CARTESIAN_POINT('Origin',(-4.,104.,3.1));
#11858=CARTESIAN_POINT('',(-7.,104.,0.));
#11859=CARTESIAN_POINT('',(-7.,104.,0.));
#11860=CARTESIAN_POINT('Origin',(-4.,104.,0.));
#11861=CARTESIAN_POINT('Origin',(104.,104.,0.));
#11862=CARTESIAN_POINT('',(101.,104.,3.1));
#11863=CARTESIAN_POINT('Origin',(104.,104.,3.1));
#11864=CARTESIAN_POINT('',(101.,104.,0.));
#11865=CARTESIAN_POINT('',(101.,104.,0.));
#11866=CARTESIAN_POINT('Origin',(104.,104.,0.));
#11867=CARTESIAN_POINT('Origin',(0.,0.,0.));
#11868=CARTESIAN_POINT('Origin',(109.,-9.,0.));
#11869=CARTESIAN_POINT('',(109.,-9.,0.));
#11870=CARTESIAN_POINT('Origin',(-9.,109.,0.));
#11871=CARTESIAN_POINT('',(-9.,109.,0.));
#11872=CARTESIAN_POINT('Origin',(50.,50.,0.));
#11873=CARTESIAN_POINT('Origin',(-4.,-4.,3.1));
#11874=CARTESIAN_POINT('',(-5.7,-4.,3.1));
#11875=CARTESIAN_POINT('',(-5.7,-4.,3.1));
#11876=CARTESIAN_POINT('Origin',(-4.,-4.,3.1));
#11877=CARTESIAN_POINT('Origin',(-4.,-4.,3.1));
#11878=CARTESIAN_POINT('Origin',(104.,-4.,3.1));
#11879=CARTESIAN_POINT('',(102.3,-4.,3.1));
#11880=CARTESIAN_POINT('',(102.3,-4.,3.1));
#11881=CARTESIAN_POINT('Origin',(104.,-4.,3.1));
#11882=CARTESIAN_POINT('Origin',(104.,-4.,3.1));
#11883=CARTESIAN_POINT('Origin',(104.,104.,3.1));
#11884=CARTESIAN_POINT('',(102.3,104.,3.1));
#11885=CARTESIAN_POINT('',(102.3,104.,3.1));
#11886=CARTESIAN_POINT('Origin',(104.,104.,3.1));
#11887=CARTESIAN_POINT('Origin',(104.,104.,3.1));
#11888=CARTESIAN_POINT('Origin',(-4.,104.,3.1));
#11889=CARTESIAN_POINT('',(-5.7,104.,3.1));
#11890=CARTESIAN_POINT('',(-5.7,104.,3.1));
#11891=CARTESIAN_POINT('Origin',(-4.,104.,3.1));
#11892=CARTESIAN_POINT('Origin',(-4.,104.,3.1));
#11893=UNCERTAINTY_MEASURE_WITH_UNIT(LENGTH_MEASURE(0.01),#11897,
'DISTANCE_ACCURACY_VALUE',
'Maximum model space distance between geometric entities at asserted c
onnectivities');
#11894=UNCERTAINTY_MEASURE_WITH_UNIT(LENGTH_MEASURE(0.01),#11897,
'DISTANCE_ACCURACY_VALUE',
'Maximum model space distance between geometric entities at asserted c
onnectivities');
#11895=(
GEOMETRIC_REPRESENTATION_CONTEXT(3)
GLOBAL_UNCERTAINTY_ASSIGNED_CONTEXT((#11893))
GLOBAL_UNIT_ASSIGNED_CONTEXT((#11897,#11899,#11900))
REPRESENTATION_CONTEXT('','3D')
);
#11896=(
GEOMETRIC_REPRESENTATION_CONTEXT(3)
GLOBAL_UNCERTAINTY_ASSIGNED_CONTEXT((#11894))
GLOBAL_UNIT_ASSIGNED_CONTEXT((#11897,#11899,#11900))
REPRESENTATION_CONTEXT('','3D')
);
#11897=(
LENGTH_UNIT()
NAMED_UNIT(*)
SI_UNIT(.MILLI.,.METRE.)
);
#11898=(
LENGTH_UNIT()
NAMED_UNIT(*)
SI_UNIT($,.METRE.)
);
#11899=(
NAMED_UNIT(*)
PLANE_ANGLE_UNIT()
SI_UNIT($,.RADIAN.)
);
#11900=(
NAMED_UNIT(*)
SI_UNIT($,.STERADIAN.)
SOLID_ANGLE_UNIT()
);
#11901=SHAPE_DEFINITION_REPRESENTATION(#11902,#11903);
#11902=PRODUCT_DEFINITION_SHAPE('',$,#11905);
#11903=SHAPE_REPRESENTATION('',(#7079),#11895);
#11904=PRODUCT_DEFINITION_CONTEXT('part definition',#11909,'design');
#11905=PRODUCT_DEFINITION('2026-01-27-22-15-43-108','Backcover',#11906,
#11904);
#11906=PRODUCT_DEFINITION_FORMATION('',$,#11911);
#11907=PRODUCT_RELATED_PRODUCT_CATEGORY('Backcover','Backcover',(#11911));
#11908=APPLICATION_PROTOCOL_DEFINITION('international standard',
'automotive_design',2009,#11909);
#11909=APPLICATION_CONTEXT(
'Core Data for Automotive Mechanical Design Process');
#11910=PRODUCT_CONTEXT('part definition',#11909,'mechanical');
#11911=PRODUCT('2026-01-27-22-15-43-108','Backcover',$,(#11910));
#11912=PRESENTATION_STYLE_ASSIGNMENT((#11913));
#11913=SURFACE_STYLE_USAGE(.BOTH.,#11914);
#11914=SURFACE_SIDE_STYLE('',(#11915));
#11915=SURFACE_STYLE_FILL_AREA(#11916);
#11916=FILL_AREA_STYLE('Stahl - satiniert',(#11917));
#11917=FILL_AREA_STYLE_COLOUR('Stahl - satiniert',#11918);
#11918=COLOUR_RGB('Stahl - satiniert',0.627450980392157,0.627450980392157,
0.627450980392157);
ENDSEC;
END-ISO-10303-21;
